# https://github.com/mikedh/trimesh
mtllib material.mtl
usemtl material_0
v 0.39118423 -0.78071848 -0.21282025
v 0.38935980 -0.78076589 -0.21106481
v 0.38947993 -0.78246474 -0.21317368
v 0.39116554 -0.77987007 -0.24838390
v 0.38952360 -0.78161684 -0.24866580
v 0.38940636 -0.77984169 -0.25015192
v 0.35223714 -0.78076759 -0.21283044
v 0.35413582 -0.78247749 -0.21317572
v 0.35402163 -0.78081992 -0.21107569
v 0.35223272 -0.77982419 -0.24830302
v 0.35401840 -0.77979785 -0.25015752
v 0.35413684 -0.78163757 -0.24859817
v 0.34465872 0.47011783 -0.23627272
v 0.34284551 0.47184218 -0.23668256
v 0.34285503 0.47034077 -0.23451269
v 0.31591513 0.47031103 -0.23454430
v 0.31592431 0.47180174 -0.23669684
v 0.31415340 0.47008181 -0.23629566
v -0.39118421 -0.78071848 -0.21282025
v -0.38948008 -0.78246474 -0.21317351
v -0.38935978 -0.78076589 -0.21106481
v -0.39116551 -0.77987007 -0.24838390
v -0.38940651 -0.77984169 -0.25015175
v -0.38952358 -0.78161684 -0.24866580
v -0.35223728 -0.78076759 -0.21283027
v -0.35402161 -0.78081992 -0.21107569
v -0.35413580 -0.78247749 -0.21317572
v -0.35223270 -0.77982419 -0.24830302
v -0.35413681 -0.78163757 -0.24859817
v -0.35401838 -0.77979785 -0.25015752
v -0.34465870 0.47011783 -0.23627272
v -0.34285501 0.47034077 -0.23451269
v -0.34284549 0.47184218 -0.23668256
v -0.31591511 0.47031103 -0.23454430
v -0.31415355 0.47008181 -0.23629549
v -0.31592429 0.47180174 -0.23669667
v 0.34824386 -0.79836564 0.49126217
v 0.35000031 -0.79660528 0.49110550
v 0.34824386 -0.79665506 0.49287215
v 0.34824386 -0.79756753 0.45583207
v 0.34824386 -0.79578406 0.45386559
v 0.35000031 -0.79580632 0.45563734
v 0.31285692 -0.79836564 0.49126217
v 0.31285692 -0.79665506 0.49287215
v 0.31110046 -0.79660528 0.49110550
v 0.31285692 -0.79756753 0.45583207
v 0.31110046 -0.79580632 0.45563734
v 0.31285692 -0.79578406 0.45386559
v -0.34824383 -0.79836564 0.49126217
v -0.34824383 -0.79665506 0.49287215
v -0.35000029 -0.79660528 0.49110550
v -0.34824383 -0.79756753 0.45583207
v -0.35000029 -0.79580632 0.45563734
v -0.34824383 -0.79578406 0.45386559
v -0.31285690 -0.79836564 0.49126217
v -0.31110044 -0.79660528 0.49110550
v -0.31285690 -0.79665506 0.49287215
v -0.31285690 -0.79756753 0.45583207
v -0.31285690 -0.79578406 0.45386559
v -0.31110044 -0.79580632 0.45563734
v 0.17193277 -0.34394450 -0.13992238
v 0.17193277 -0.28504988 -0.13133380
v 0.10563203 -0.28680871 -0.13159021
v 0.10563203 -0.34218567 -0.13966580
v 0.17193277 -0.28119372 -0.13420561
v 0.32421026 -0.27242774 -0.13292730
v 0.32421026 -0.26972823 -0.15143817
v 0.17193277 -0.27849438 -0.15271647
v -0.33109521 -0.34942662 -0.16649491
v -0.32449775 -0.27258696 -0.15528923
v -0.17193275 -0.28136959 -0.15657025
v -0.17193275 -0.34026422 -0.16515883
v 0.33109523 -0.35310674 -0.14125846
v 0.32449777 -0.27626724 -0.13005277
v -0.17193275 -0.28119372 -0.13420561
v -0.10563201 -0.28295290 -0.13446219
v -0.10563201 -0.28025339 -0.15297305
v -0.17193275 -0.27849438 -0.15271647
v 0.10563203 -0.33850538 -0.16490242
v 0.10563203 -0.28312843 -0.15682666
v 0.17193277 -0.28136959 -0.15657025
v 0.17193277 -0.34026422 -0.16515883
v -0.10563201 -0.28680871 -0.13159021
v -0.10563201 -0.34218567 -0.13966580
v -0.17193275 -0.34681971 -0.14377599
v -0.33138561 -0.35599877 -0.14511444
v -0.33138561 -0.35329943 -0.16362548
v -0.17193275 -0.34412020 -0.16228685
v 0.32449777 -0.27258696 -0.15528940
v 0.33109523 -0.34942662 -0.16649491
v -0.17193275 -0.28504988 -0.13133363
v -0.17193275 -0.34394450 -0.13992238
v -0.10563201 -0.34506054 -0.14351941
v -0.10563201 -0.34236119 -0.16203027
v -0.32421024 -0.27242774 -0.13292713
v -0.32421024 -0.26972823 -0.15143817
v -0.32449775 -0.27626724 -0.13005277
v -0.33109521 -0.35310674 -0.14125846
v 0.10563203 -0.28295290 -0.13446219
v 0.10563203 -0.28025339 -0.15297305
v 0.17193277 -0.34681971 -0.14377599
v 0.10563203 -0.34506054 -0.14351941
v 0.10563203 -0.34236119 -0.16203027
v 0.17193277 -0.34412020 -0.16228685
v -0.10563201 -0.33850538 -0.16490242
v -0.10563201 -0.28312843 -0.15682666
v 0.33138563 -0.35599877 -0.14511461
v 0.33130050 -0.35535494 -0.14259216
v 0.17193277 -0.34618065 -0.14125421
v 0.33109523 -0.35310674 -0.14125846
v 0.17193277 -0.34394450 -0.13992238
v -0.32429452 -0.27375532 -0.13069252
v -0.17193275 -0.28252640 -0.13197150
v -0.33130065 -0.35196199 -0.16585873
v -0.17193275 -0.34278769 -0.16452096
v 0.32429437 -0.27036237 -0.15395910
v 0.17193277 -0.27913328 -0.15523825
v 0.17193277 -0.28252640 -0.13197150
v 0.32429437 -0.27375532 -0.13069252
v 0.33138563 -0.35329943 -0.16362548
v 0.17193277 -0.34278769 -0.16452096
v 0.33130050 -0.35196199 -0.16585890
v -0.17193275 -0.34618065 -0.14125421
v -0.33130065 -0.35535494 -0.14259216
v -0.17193275 -0.34394450 -0.13992238
v -0.33109521 -0.35310674 -0.14125846
v -0.17193275 -0.27913328 -0.15523808
v -0.32429452 -0.27036237 -0.15395910
v 0.10563203 -0.28428541 -0.13222791
v -0.10563201 -0.28428541 -0.13222791
v -0.10563201 -0.28089228 -0.15549466
v 0.10563203 -0.28089228 -0.15549466
v 0.10563203 -0.34218567 -0.13966580
v -0.10563201 -0.34218567 -0.13966580
v -0.10563201 -0.34442181 -0.14099780
v 0.10563203 -0.34442181 -0.14099780
v 0.10563203 -0.34102869 -0.16426438
v -0.10563201 -0.34102869 -0.16426438
v 0.17193277 -0.32550314 0.43805084
v 0.17193277 -0.26628005 0.43213662
v 0.10563203 -0.26804858 0.43231316
v 0.10563203 -0.32373427 0.43787429
v 0.17193277 -0.26323322 0.42841708
v 0.32421026 -0.25441831 0.42753672
v 0.32421026 -0.25627723 0.40892255
v 0.17193277 -0.26509214 0.40980290
v -0.33109521 -0.33725069 0.41359381
v -0.32449775 -0.25998283 0.40587725
v -0.17193275 -0.26881423 0.40675930
v -0.17193275 -0.32803732 0.41267369
v 0.33109523 -0.33471634 0.43897095
v 0.32449777 -0.25744848 0.43125456
v -0.17193275 -0.26323322 0.42841708
v -0.10563201 -0.26500209 0.42859362
v -0.10563201 -0.26686101 0.40997945
v -0.17193275 -0.26509214 0.40980290
v 0.10563203 -0.32626862 0.41249697
v 0.10563203 -0.27058293 0.40693585
v 0.17193277 -0.26881423 0.40675930
v 0.17193277 -0.32803732 0.41267352
v -0.10563201 -0.26804858 0.43231316
v -0.10563201 -0.32373427 0.43787429
v -0.17193275 -0.32922505 0.43500724
v -0.33138561 -0.33845542 0.43592905
v -0.33138561 -0.34031434 0.41731487
v -0.17193275 -0.33108397 0.41639323
v 0.32449777 -0.25998283 0.40587725
v 0.33109523 -0.33725069 0.41359381
v -0.17193275 -0.26628005 0.43213662
v -0.17193275 -0.32550314 0.43805084
v -0.10563201 -0.32745619 0.43483069
v -0.10563201 -0.32931511 0.41621651
v -0.32421024 -0.25441831 0.42753672
v -0.32421024 -0.25627723 0.40892255
v -0.32449775 -0.25744848 0.43125456
v -0.33109521 -0.33471634 0.43897112
v 0.10563203 -0.26500209 0.42859362
v 0.10563203 -0.26686101 0.40997945
v 0.17193277 -0.32922505 0.43500724
v 0.10563203 -0.32745619 0.43483069
v 0.10563203 -0.32931511 0.41621651
v 0.17193277 -0.33108397 0.41639323
v -0.10563201 -0.32626862 0.41249697
v -0.10563201 -0.27058293 0.40693585
v 0.33138563 -0.33845542 0.43592905
v 0.33130067 -0.33722045 0.43822076
v 0.17193277 -0.32799501 0.43729945
v -0.32429435 -0.25516595 0.43002639
v -0.17193275 -0.26398580 0.43090725
v -0.33130048 -0.33955684 0.41482436
v -0.17193275 -0.33033157 0.41390306
v -0.33109521 -0.33725069 0.41359381
v -0.17193275 -0.32803732 0.41267369
v 0.32429454 -0.25750235 0.40662999
v 0.17193277 -0.26632219 0.40751069
v 0.17193277 -0.26398580 0.43090708
v 0.32429454 -0.25516595 0.43002622
v 0.33138563 -0.34031434 0.41731487
v 0.17193277 -0.33033157 0.41390306
v 0.33130067 -0.33955684 0.41482436
v 0.17193277 -0.32803732 0.41267352
v 0.33109523 -0.33725069 0.41359381
v -0.17193275 -0.32799501 0.43729945
v -0.33130048 -0.33722045 0.43822076
v -0.17193275 -0.26632219 0.40751069
v -0.32429435 -0.25750235 0.40662999
v 0.10563203 -0.26575449 0.43108380
v -0.10563201 -0.26575449 0.43108380
v -0.10563201 -0.26809105 0.40768740
v 0.10563203 -0.26809105 0.40768740
v -0.10563201 -0.32622631 0.43712274
v 0.10563203 -0.32622631 0.43712274
v -0.10563201 -0.32626862 0.41249697
v 0.10563203 -0.32626862 0.41249697
v 0.10563203 -0.32856271 0.41372651
v -0.10563201 -0.32856271 0.41372651
v 0.32317766 -0.28876313 0.39729716
v 0.33846957 -0.28876313 0.39729716
v 0.34715365 -0.30286560 -0.11784133
v 0.33186174 -0.30286560 -0.11784133
v -0.33843421 -0.31417494 0.40042708
v -0.34723706 -0.32850137 -0.12289474
v -0.33194532 -0.32850137 -0.12289474
v -0.32314230 -0.31417494 0.40042708
v 0.35062477 -0.32508326 -0.12222118
v 0.35056360 -0.30628370 -0.11851507
v 0.34186372 -0.29215149 0.39771448
v 0.34183772 -0.31078674 0.40000959
v 0.31974818 -0.31078674 0.40000959
v 0.31977417 -0.29215149 0.39771448
v 0.32847406 -0.30628370 -0.11851507
v 0.32853523 -0.32508326 -0.12222118
v -0.32317764 -0.28876313 0.39729716
v -0.33186172 -0.30286560 -0.11784133
v -0.34715363 -0.30286560 -0.11784133
v -0.33846938 -0.28876313 0.39729716
v -0.35062475 -0.32508326 -0.12222118
v -0.34183770 -0.31078674 0.40000976
v -0.34186353 -0.29215149 0.39771448
v -0.35056358 -0.30628370 -0.11851490
v -0.31974816 -0.31078674 0.40000976
v -0.32853521 -0.32508326 -0.12222118
v -0.32847403 -0.30628370 -0.11851490
v -0.31977398 -0.29215149 0.39771448
v 0.33843423 -0.31417494 0.40042691
v 0.34723708 -0.32850137 -0.12289491
v 0.34963720 -0.32750037 -0.12269764
v 0.34083893 -0.31318261 0.40030474
v 0.34087156 -0.28975563 0.39741933
v 0.34956022 -0.30386677 -0.11803878
v 0.33194517 -0.32850137 -0.12289491
v 0.32314249 -0.31417494 0.40042691
v 0.32074034 -0.31318261 0.40030474
v 0.32953860 -0.32750037 -0.12269764
v 0.31974818 -0.31078674 0.40000959
v 0.32853523 -0.32508326 -0.12222118
v 0.32946163 -0.30386677 -0.11803878
v 0.32077296 -0.28975563 0.39741933
v -0.34963718 -0.32750037 -0.12269747
v -0.34083891 -0.31318261 0.40030474
v -0.34087153 -0.28975563 0.39741950
v -0.34956020 -0.30386677 -0.11803861
v -0.32853521 -0.32508326 -0.12222118
v -0.31974816 -0.31078674 0.40000976
v -0.32074032 -0.31318261 0.40030474
v -0.32953858 -0.32750037 -0.12269747
v -0.32946178 -0.30386677 -0.11803861
v -0.32077294 -0.28975563 0.39741950
v 0.32035513 -0.11863525 0.02887163
v 0.32035530 -0.10912060 0.37691225
v 0.34074565 -0.10912060 0.37691225
v 0.34074565 -0.11863525 0.02887163
v 0.34329444 -0.12052442 0.03055162
v 0.34329444 -0.11107213 0.37717240
v 0.34329444 -0.15738099 0.38334354
v 0.34329444 -0.16592182 0.07092332
v 0.31780634 -0.16592182 0.07092332
v 0.31780651 -0.15738099 0.38334354
v 0.31780651 -0.11107213 0.37717240
v 0.31780634 -0.12052442 0.03055162
v 0.34329427 -0.14557039 -0.10487324
v 0.34329427 -0.14273171 -0.00364758
v 0.34329427 -0.16796409 -0.00378402
v 0.34329427 -0.17073938 -0.10529651
v 0.32035513 -0.14284148 -0.10482737
v 0.32035513 -0.13999652 -0.00363279
v 0.34074548 -0.13999652 -0.00363279
v 0.34074548 -0.14284148 -0.10482737
v 0.34329444 -0.13762563 0.01691286
v 0.34329444 -0.13021731 0.02473783
v 0.34329444 -0.16654441 0.04815121
v 0.34329444 -0.16705791 0.02936932
v 0.31780634 -0.17073938 -0.10529651
v 0.31780634 -0.16796409 -0.00378402
v 0.31780634 -0.14273171 -0.00364758
v 0.31780634 -0.14557039 -0.10487324
v 0.34074565 -0.16957849 0.03043608
v 0.34074565 -0.16905004 0.04976613
v 0.32035513 -0.16905004 0.04976613
v 0.32035513 -0.16957849 0.03043608
v 0.34329427 -0.14162435 0.00701063
v 0.34329444 -0.16753861 0.01178316
v 0.34074548 -0.17329022 -0.10533933
v 0.34074548 -0.17051424 -0.00379761
v 0.32035513 -0.17051424 -0.00379761
v 0.32035513 -0.17329022 -0.10533933
v 0.31780634 -0.16705791 0.02936932
v 0.31780634 -0.16654441 0.04815121
v 0.31780634 -0.13021731 0.02473783
v 0.31780634 -0.13762563 0.01691286
v 0.34074565 -0.17007568 0.01225044
v 0.32035513 -0.17007568 0.01225044
v 0.32035513 -0.13892195 0.00651293
v 0.34074548 -0.13892195 0.00651293
v 0.32035513 -0.13511541 0.01585052
v 0.34074565 -0.13511541 0.01585052
v 0.32035513 -0.12799663 0.02330659
v 0.34074565 -0.12799663 0.02330659
v 0.31780634 -0.16753861 0.01178316
v 0.31780634 -0.14162435 0.00701063
v 0.34074565 -0.16841098 0.07313703
v 0.32035513 -0.16841098 0.07313703
v 0.31814787 -0.11009628 0.37704224
v 0.31814787 -0.11957983 0.02971154
v 0.31814787 -0.11957983 0.02971154
v 0.31814787 -0.11009628 0.37704224
v 0.31908090 -0.10938194 0.37694725
v 0.31908073 -0.11888826 0.02909660
v 0.32035530 -0.15992145 0.38368219
v 0.31908090 -0.15958111 0.38363665
v 0.31908073 -0.16807742 0.07284035
v 0.31814787 -0.15865114 0.38351295
v 0.31814787 -0.16716648 0.07203018
v 0.34295290 -0.15865114 0.38351295
v 0.34295290 -0.16716648 0.07203018
v 0.34202004 -0.15958111 0.38363665
v 0.34202004 -0.16807742 0.07284035
v 0.34074565 -0.15992145 0.38368219
v 0.34295290 -0.14420593 -0.10485047
v 0.34295290 -0.14136403 -0.00364010
v 0.34201987 -0.14320698 -0.10483365
v 0.34201987 -0.14036286 -0.00363483
v 0.31814787 -0.14136403 -0.00364010
v 0.31814787 -0.14420593 -0.10485047
v 0.31814787 -0.14420593 -0.10485047
v 0.31814787 -0.14136403 -0.00364010
v 0.31908073 -0.14036286 -0.00363483
v 0.31908073 -0.14320698 -0.10483365
v 0.31814787 -0.13637043 0.01638152
v 0.31814787 -0.14027315 0.00676187
v 0.31814787 -0.14027315 0.00676187
v 0.31814787 -0.13637043 0.01638152
v 0.31908073 -0.13545168 0.01599275
v 0.31908073 -0.13928404 0.00657954
v 0.31814787 -0.12910688 0.02402213
v 0.31814787 -0.12910688 0.02402213
v 0.31908073 -0.12829416 0.02349826
v 0.31908073 -0.17017253 -0.00379575
v 0.31908073 -0.17294851 -0.10533373
v 0.31814787 -0.16923916 -0.00379082
v 0.31814787 -0.17201480 -0.10531792
v 0.31908073 -0.16924069 0.03029318
v 0.31908073 -0.16973567 0.01218774
v 0.31814787 -0.16831820 0.02990270
v 0.31814787 -0.16880706 0.01201680
v 0.31908073 -0.16871428 0.04954982
v 0.31814787 -0.16779723 0.04895884
v 0.34295290 -0.16923916 -0.00379082
v 0.34295290 -0.17201480 -0.10531792
v 0.34201987 -0.17017253 -0.00379575
v 0.34201987 -0.17294851 -0.10533373
v 0.34295290 -0.16831820 0.02990270
v 0.34295290 -0.16880706 0.01201680
v 0.34202004 -0.16924069 0.03029318
v 0.34202004 -0.16973567 0.01218774
v 0.34295290 -0.16779723 0.04895884
v 0.34202004 -0.16871428 0.04954982
v 0.34295290 -0.11957983 0.02971154
v 0.34295290 -0.11009628 0.37704224
v 0.34202004 -0.11888826 0.02909660
v 0.34202004 -0.10938194 0.37694725
v 0.34295290 -0.13637043 0.01638152
v 0.34295290 -0.12910688 0.02402213
v 0.34202004 -0.13545168 0.01599275
v 0.34202004 -0.12829416 0.02349826
v 0.34295290 -0.14027315 0.00676187
v 0.34201987 -0.13928404 0.00657954
v -0.32035511 -0.11863525 0.02887163
v -0.34074562 -0.11863525 0.02887163
v -0.34074545 -0.10912060 0.37691225
v -0.32035511 -0.10912060 0.37691225
v -0.34329442 -0.12052442 0.03055162
v -0.34329442 -0.16592182 0.07092349
v -0.34329425 -0.15738099 0.38334354
v -0.34329425 -0.11107213 0.37717240
v -0.31780631 -0.16592182 0.07092349
v -0.31780631 -0.12052442 0.03055162
v -0.31780631 -0.11107213 0.37717240
v -0.31780631 -0.15738099 0.38334354
v -0.34329442 -0.14557039 -0.10487324
v -0.34329442 -0.17073938 -0.10529651
v -0.34329442 -0.16796409 -0.00378385
v -0.34329442 -0.14273171 -0.00364741
v -0.32035528 -0.14284148 -0.10482737
v -0.34074562 -0.14284148 -0.10482737
v -0.34074562 -0.13999652 -0.00363262
v -0.32035528 -0.13999652 -0.00363262
v -0.34329442 -0.13762563 0.01691286
v -0.34329442 -0.16705791 0.02936932
v -0.34329442 -0.16654441 0.04815121
v -0.34329442 -0.13021731 0.02473783
v -0.31780648 -0.17073938 -0.10529651
v -0.31780648 -0.14557039 -0.10487324
v -0.31780648 -0.14273171 -0.00364741
v -0.31780648 -0.16796409 -0.00378385
v -0.34074562 -0.16957849 0.03043608
v -0.32035511 -0.16957849 0.03043608
v -0.32035511 -0.16905004 0.04976630
v -0.34074562 -0.16905004 0.04976630
v -0.34329442 -0.16753861 0.01178316
v -0.34329442 -0.14162435 0.00701080
v -0.34074562 -0.17329022 -0.10533933
v -0.32035528 -0.17329022 -0.10533933
v -0.32035528 -0.17051424 -0.00379761
v -0.34074562 -0.17051424 -0.00379761
v -0.31780631 -0.16705791 0.02936932
v -0.31780631 -0.13762563 0.01691286
v -0.31780631 -0.13021731 0.02473783
v -0.31780631 -0.16654441 0.04815121
v -0.32035511 -0.17007568 0.01225061
v -0.34074562 -0.17007568 0.01225061
v -0.34074562 -0.13892195 0.00651310
v -0.32035528 -0.13892195 0.00651310
v -0.34074562 -0.13511541 0.01585052
v -0.32035511 -0.13511541 0.01585052
v -0.32035511 -0.12799663 0.02330659
v -0.34074562 -0.12799663 0.02330659
v -0.31780631 -0.16753861 0.01178316
v -0.31780648 -0.14162435 0.00701080
v -0.32035511 -0.16841098 0.07313703
v -0.34074562 -0.16841098 0.07313703
v -0.31814785 -0.11957983 0.02971154
v -0.31814785 -0.11009628 0.37704241
v -0.31814785 -0.11957983 0.02971154
v -0.31908071 -0.11888826 0.02909660
v -0.31908071 -0.10938194 0.37694725
v -0.31814785 -0.11009628 0.37704241
v -0.31908071 -0.16807742 0.07284052
v -0.31908071 -0.15958111 0.38363682
v -0.32035511 -0.15992145 0.38368219
v -0.31814785 -0.16716648 0.07203018
v -0.31814785 -0.15865114 0.38351295
v -0.34295288 -0.16716648 0.07203018
v -0.34295288 -0.15865114 0.38351295
v -0.34202002 -0.16807742 0.07284052
v -0.34201985 -0.15958111 0.38363682
v -0.34074545 -0.15992145 0.38368219
v -0.34295288 -0.14136403 -0.00363993
v -0.34295288 -0.14420593 -0.10485030
v -0.34202002 -0.14036286 -0.00363466
v -0.34202002 -0.14320698 -0.10483348
v -0.31814785 -0.14420593 -0.10485030
v -0.31814785 -0.14136403 -0.00363993
v -0.31814785 -0.14420593 -0.10485030
v -0.31908088 -0.14320698 -0.10483348
v -0.31908088 -0.14036286 -0.00363466
v -0.31814785 -0.14136403 -0.00363993
v -0.31814785 -0.14027315 0.00676187
v -0.31814785 -0.13637043 0.01638169
v -0.31814785 -0.14027315 0.00676187
v -0.31908088 -0.13928404 0.00657971
v -0.31908071 -0.13545168 0.01599292
v -0.31814785 -0.13637043 0.01638169
v -0.31814785 -0.12910688 0.02402230
v -0.31814785 -0.12910688 0.02402230
v -0.31908071 -0.12829416 0.02349843
v -0.31908088 -0.17294851 -0.10533373
v -0.31908088 -0.17017253 -0.00379575
v -0.31814785 -0.17201480 -0.10531792
v -0.31814785 -0.16923916 -0.00379065
v -0.31908071 -0.16973567 0.01218791
v -0.31908071 -0.16924069 0.03029318
v -0.31814785 -0.16880706 0.01201697
v -0.31814785 -0.16831820 0.02990270
v -0.31908071 -0.16871428 0.04954999
v -0.31814785 -0.16779723 0.04895884
v -0.34295288 -0.17201480 -0.10531792
v -0.34295288 -0.16923916 -0.00379065
v -0.34202002 -0.17294851 -0.10533373
v -0.34202002 -0.17017253 -0.00379575
v -0.34295288 -0.16880706 0.01201697
v -0.34295288 -0.16831820 0.02990270
v -0.34202002 -0.16973567 0.01218791
v -0.34202002 -0.16924069 0.03029318
v -0.34295288 -0.16779723 0.04895884
v -0.34202002 -0.16871428 0.04954999
v -0.34295288 -0.11009628 0.37704241
v -0.34295288 -0.11957983 0.02971154
v -0.34201985 -0.10938194 0.37694725
v -0.34202002 -0.11888826 0.02909660
v -0.34295288 -0.12910688 0.02402230
v -0.34295288 -0.13637043 0.01638169
v -0.34202002 -0.12829416 0.02349826
v -0.34202002 -0.13545168 0.01599292
v -0.34295288 -0.14027315 0.00676187
v -0.34202002 -0.13928404 0.00657971
v 0.38593813 -0.77659504 -0.25144789
v 0.35707763 -0.77659504 -0.25144806
v 0.32640223 -0.30876946 -0.17866880
v 0.35526204 -0.30876946 -0.17866880
v 0.31884879 0.45052662 -0.26739654
v 0.33993632 0.45052662 -0.26739654
v 0.34009231 0.43888951 -0.26953345
v 0.31869264 0.43888951 -0.26953345
v 0.35468041 -0.31025795 -0.11259167
v 0.32581991 -0.31025795 -0.11259167
v 0.35707237 -0.77761507 -0.20865518
v 0.38593371 -0.77761507 -0.20865518
v 0.35601785 -0.23205231 -0.10914893
v 0.35638793 -0.23081376 -0.16386744
v 0.35499833 -0.20746784 -0.16282482
v 0.35467650 -0.20871097 -0.10791888
v 0.32259263 -0.25813853 -0.17277633
v 0.35145517 -0.25813853 -0.17277633
v 0.35345427 -0.28556711 -0.17557507
v 0.32459377 -0.28556711 -0.17557507
v 0.31531599 -0.25951759 -0.11177283
v 0.31573196 -0.25829281 -0.16594522
v 0.31772715 -0.28572123 -0.16874244
v 0.31727874 -0.28692545 -0.11539007
v 0.34645647 0.46649107 -0.23878294
v 0.34672036 0.43526342 -0.23129560
v 0.34652155 0.46294281 -0.24976229
v 0.34651187 0.46590910 -0.24345692
v 0.38639131 -0.78411874 -0.21681880
v 0.35750498 -0.78411874 -0.21681880
v 0.35750498 -0.78346489 -0.24569764
v 0.38639131 -0.78346489 -0.24569764
v 0.35025672 -0.77736529 -0.21549461
v 0.31907105 -0.31010350 -0.11944928
v 0.31953238 -0.30892340 -0.17183463
v 0.35026488 -0.77670566 -0.24460642
v 0.34700854 0.42790115 -0.26200092
v 0.34691407 0.43798163 -0.26277184
v 0.34672749 0.44843083 -0.26085243
v 0.31495220 -0.03943880 -0.11049112
v 0.34383274 -0.03943880 -0.11049112
v 0.33988942 0.43684792 -0.22468607
v 0.31889552 0.43684792 -0.22468607
v 0.34664780 0.45584017 -0.25704572
v 0.31511073 -0.08854233 -0.17022346
v 0.34398856 -0.08854233 -0.17022346
v 0.34448303 -0.11601764 -0.16843828
v 0.31560775 -0.11601764 -0.16843828
v 0.32207132 -0.25967239 -0.10492439
v 0.35093470 -0.25967239 -0.10492439
v 0.34916499 -0.23220727 -0.10230287
v 0.32029889 -0.23220727 -0.10230287
v 0.32402981 -0.28708025 -0.10853722
v 0.35289133 -0.28708025 -0.10853722
v 0.35193349 -0.13951751 -0.16128025
v 0.35176629 -0.14076031 -0.10638519
v 0.31251912 -0.20746784 -0.16282482
v 0.31219729 -0.20871097 -0.10791888
v 0.30928691 -0.14076031 -0.10638519
v 0.30945411 -0.13951751 -0.16128025
v 0.31495271 -0.06264896 -0.10594425
v 0.34383223 -0.06264896 -0.10594425
v 0.31353881 -0.23205231 -0.10914893
v 0.31390889 -0.23081376 -0.16386744
v 0.36155009 -0.31010350 -0.11944928
v 0.36201142 -0.30892340 -0.17183463
v 0.36020619 -0.28572123 -0.16874244
v 0.35975778 -0.28692545 -0.11539007
v 0.35821100 -0.25829281 -0.16594522
v 0.35779503 -0.25951759 -0.11177283
v 0.31896213 -0.20886593 -0.10107231
v 0.34783146 -0.20886593 -0.10107231
v 0.34494215 -0.14091544 -0.09953386
v 0.31606942 -0.14091544 -0.09953386
v 0.34823298 -0.20731304 -0.16965983
v 0.31936450 -0.20731304 -0.16965983
v 0.31627859 -0.13936255 -0.16812121
v 0.34515064 -0.13936255 -0.16812121
v 0.32076209 -0.23065931 -0.17069940
v 0.34962717 -0.23065931 -0.17069940
v 0.31504973 -0.09008418 -0.10226515
v 0.34392773 -0.09008418 -0.10226515
v 0.31546739 -0.11756782 -0.10001422
v 0.34434301 -0.11756782 -0.10001422
v 0.30825499 -0.08992819 -0.10913856
v 0.30830375 -0.08869814 -0.16335956
v 0.30879159 -0.11617295 -0.16158729
v 0.30867945 -0.11741234 -0.10687473
v 0.34026596 0.42632719 -0.26856610
v 0.31851898 0.42632719 -0.26856610
v 0.30815253 -0.06249230 -0.11283177
v 0.30815253 -0.06127618 -0.16632618
v 0.30815253 -0.03808149 -0.17003569
v 0.30815253 -0.03928146 -0.11739088
v 0.31206594 0.43526342 -0.23129560
v 0.31177640 0.42790115 -0.26200092
v 0.35127114 -0.11617295 -0.16158729
v 0.35115900 -0.11741234 -0.10687473
v 0.35078347 -0.08869814 -0.16335956
v 0.35073471 -0.08992819 -0.10913856
v 0.35063242 -0.06127618 -0.16632618
v 0.35063242 -0.06249230 -0.11283177
v 0.35063242 -0.03808149 -0.17003569
v 0.35063242 -0.03928146 -0.11739088
v 0.34383308 -0.03792431 -0.17693052
v 0.31495186 -0.03792431 -0.17693052
v 0.31495254 -0.06111969 -0.17320571
v 0.34383240 -0.06111969 -0.17320571
v 0.33963930 0.46737788 -0.23200587
v 0.31914564 0.46737788 -0.23200587
v 0.31916926 0.47259016 -0.24480200
v 0.33961568 0.47259016 -0.24480200
v 0.33969146 0.46797158 -0.25459463
v 0.31909348 0.46797158 -0.25459463
v 0.33980106 0.46044618 -0.26230116
v 0.31898388 0.46044618 -0.26230116
v 0.31205762 0.44843083 -0.26085243
v 0.31226339 0.46294281 -0.24976229
v 0.31213714 0.45584017 -0.25704572
v 0.31918081 0.47314682 -0.24033532
v 0.33960430 0.47314682 -0.24033532
v 0.31232847 0.46649107 -0.23878294
v 0.31227308 0.46590910 -0.24345692
v 0.31187088 0.43798163 -0.26277184
v 0.39273661 -0.77736529 -0.21549461
v 0.39173766 -0.77760419 -0.21216249
v 0.39194802 -0.78068755 -0.21594456
v 0.38928334 -0.77769425 -0.20969441
v 0.38607950 -0.78085339 -0.21032923
v 0.38607950 -0.78085339 -0.21032923
v 0.38624552 -0.78321086 -0.21328838
v 0.38947993 -0.78246474 -0.21317368
v 0.38935980 -0.78076589 -0.21106481
v 0.38966311 -0.78311944 -0.21642152
v 0.38966311 -0.78311944 -0.21642152
v 0.39274494 -0.77670566 -0.24460642
v 0.39205999 -0.78007295 -0.24514286
v 0.39183366 -0.77664245 -0.24801416
v 0.38972785 -0.78255395 -0.24554353
v 0.38632895 -0.78249890 -0.24895976
v 0.38952360 -0.78161684 -0.24866580
v 0.38972785 -0.78255395 -0.24554353
v 0.38632895 -0.78249890 -0.24895976
v 0.38616259 -0.77997712 -0.25107033
v 0.38933516 -0.77660201 -0.25052540
v 0.35148456 -0.78068161 -0.21594354
v 0.35128695 -0.77775202 -0.21219342
v 0.35410523 -0.78312335 -0.21642237
v 0.35736718 -0.78321086 -0.21328838
v 0.35721034 -0.78085339 -0.21032923
v 0.35374687 -0.77784225 -0.20972449
v 0.35402163 -0.78081992 -0.21107569
v 0.35721034 -0.78085339 -0.21032923
v 0.35128695 -0.77775202 -0.21219342
v 0.35223714 -0.78076759 -0.21283044
v 0.35127097 -0.77656632 -0.24795078
v 0.35148881 -0.78002402 -0.24498126
v 0.35372886 -0.77652639 -0.25041954
v 0.35721459 -0.77992139 -0.25094884
v 0.35736803 -0.78238811 -0.24888415
v 0.35410625 -0.78246763 -0.24537565
v 0.35736803 -0.78238811 -0.24888415
v 0.34542115 0.46977290 -0.23941980
v 0.34465872 0.47011783 -0.23627272
v 0.34543797 0.46705486 -0.23548786
v 0.34542115 0.46977290 -0.23941980
v 0.34294797 0.47217522 -0.23998019
v 0.33961534 0.47258082 -0.23679505
v 0.33962808 0.47049302 -0.23378051
v 0.34297788 0.46737465 -0.23304238
v 0.34285503 0.47034077 -0.23451269
v 0.33962808 0.47049302 -0.23378051
v 0.31916994 0.47057441 -0.23369249
v 0.31591513 0.47031103 -0.23454430
v 0.31574827 0.46725095 -0.23291715
v 0.31916994 0.47057441 -0.23369249
v 0.31918285 0.47269195 -0.23674985
v 0.31577869 0.47224914 -0.24013380
v 0.31326354 0.46980603 -0.23956389
v 0.31324603 0.46692539 -0.23540460
v 0.31415340 0.47008181 -0.23629566
v 0.31326354 0.46980603 -0.23956389
v 0.31324603 0.46692539 -0.23540460
v 0.31415340 0.47008181 -0.23629566
v 0.30906346 -0.03936013 -0.11394100
v 0.31299200 0.43605559 -0.22799084
v 0.31299200 0.43605559 -0.22799084
v 0.30906346 -0.03936013 -0.11394100
v 0.31155245 -0.03941773 -0.11141566
v 0.31549186 0.43663553 -0.22557152
v 0.35809324 -0.31023722 -0.11351042
v 0.35630348 -0.28705935 -0.10945546
v 0.36060771 -0.31018064 -0.11602048
v 0.35881676 -0.28700293 -0.11196382
v 0.35685130 -0.28558784 -0.17465955
v 0.35865874 -0.30879019 -0.17775344
v 0.35932261 -0.28564425 -0.17215867
v 0.36112920 -0.30884643 -0.17525189
v 0.35434567 -0.25965166 -0.10584195
v 0.35685674 -0.25959491 -0.10834861
v 0.35485220 -0.25815909 -0.17186131
v 0.35732504 -0.25821567 -0.16936060
v 0.35257443 -0.23218654 -0.10322010
v 0.35508278 -0.23212979 -0.10572590
v 0.35302454 -0.23068004 -0.16978404
v 0.35549908 -0.23073662 -0.16728334
v 0.35123920 -0.20884520 -0.10198954
v 0.35374466 -0.20878845 -0.10449568
v 0.35163035 -0.20733377 -0.16874414
v 0.35410659 -0.20739035 -0.16624224
v 0.31556510 -0.20884520 -0.10198954
v 0.31690185 -0.23218654 -0.10322010
v 0.31308886 -0.20878845 -0.10449568
v 0.31442749 -0.23212979 -0.10572590
v 0.31442749 -0.23212979 -0.10572590
v 0.31308886 -0.20878845 -0.10449568
v 0.31735231 -0.23068004 -0.16978404
v 0.31595659 -0.20733377 -0.16874414
v 0.31484396 -0.23073645 -0.16728334
v 0.31345096 -0.20739035 -0.16624224
v 0.31867428 -0.25965166 -0.10584195
v 0.31620179 -0.25959491 -0.10834861
v 0.31620179 -0.25959491 -0.10834861
v 0.31918149 -0.25815909 -0.17186131
v 0.31667025 -0.25821567 -0.16936077
v 0.32063329 -0.28705935 -0.10945546
v 0.31816215 -0.28700293 -0.11196382
v 0.31816215 -0.28700293 -0.11196382
v 0.32118145 -0.28558784 -0.17465955
v 0.31866817 -0.28564425 -0.17215867
v 0.32242339 -0.31023722 -0.11351042
v 0.31995310 -0.31018064 -0.11602048
v 0.31995310 -0.31018064 -0.11602048
v 0.32298939 -0.30879019 -0.17775344
v 0.32047475 -0.30884643 -0.17525172
v 0.34834666 -0.14089471 -0.10045177
v 0.34774582 -0.11754692 -0.10093349
v 0.35084447 -0.14083796 -0.10295961
v 0.35024058 -0.11749016 -0.10344439
v 0.34788227 -0.11603854 -0.16752021
v 0.34854971 -0.13938328 -0.16720483
v 0.35036683 -0.11609529 -0.16501270
v 0.35103241 -0.13944003 -0.16470073
v 0.34732901 -0.09006328 -0.10318611
v 0.34982054 -0.09000618 -0.10570177
v 0.34738831 -0.08856340 -0.16930402
v 0.34987525 -0.08862032 -0.16679159
v 0.34723232 -0.06262789 -0.10686708
v 0.34972148 -0.06257063 -0.10938801
v 0.34723249 -0.06114059 -0.17228407
v 0.34972131 -0.06119802 -0.16976603
v 0.34723266 -0.03941773 -0.11141566
v 0.34972148 -0.03936013 -0.11394100
v 0.34723283 -0.03794538 -0.17600650
v 0.34972148 -0.03800281 -0.17348302
v 0.31155262 -0.06262789 -0.10686708
v 0.30906346 -0.06257063 -0.10938801
v 0.30906346 -0.06257063 -0.10938801
v 0.31155262 -0.06114059 -0.17228390
v 0.31155228 -0.03794538 -0.17600650
v 0.30906363 -0.06119802 -0.16976603
v 0.30906346 -0.03800281 -0.17348302
v 0.31165015 -0.09006328 -0.10318611
v 0.30916304 -0.09000618 -0.10570177
v 0.30916304 -0.09000618 -0.10570177
v 0.31170945 -0.08856340 -0.16930402
v 0.30921792 -0.08862032 -0.16679159
v 0.31206815 -0.11754692 -0.10093349
v 0.30958359 -0.11749016 -0.10344439
v 0.30958359 -0.11749016 -0.10344439
v 0.31220477 -0.11603854 -0.16752021
v 0.30970984 -0.11609529 -0.16501270
v 0.31267052 -0.14089471 -0.10045177
v 0.31018799 -0.14083796 -0.10295961
v 0.31018799 -0.14083796 -0.10295961
v 0.31287391 -0.13938328 -0.16720483
v 0.31037592 -0.13944003 -0.16470073
v 0.34329325 0.43663553 -0.22557152
v 0.34579362 0.43605559 -0.22799084
v 0.34555199 0.46924972 -0.24412946
v 0.34555199 0.46924972 -0.24412946
v 0.34302784 0.47169503 -0.24462188
v 0.31323312 0.46924972 -0.24412946
v 0.31323312 0.46924972 -0.24412946
v 0.31575728 0.47169503 -0.24462188
v 0.31319030 0.46545728 -0.25217838
v 0.31319030 0.46545728 -0.25217838
v 0.31569033 0.46729785 -0.25394741
v 0.34559464 0.46545728 -0.25217838
v 0.34559464 0.46545728 -0.25217838
v 0.34309461 0.46729785 -0.25394741
v 0.31307238 0.45814309 -0.25967353
v 0.31307238 0.45814309 -0.25967353
v 0.31557835 0.45982887 -0.26159702
v 0.34571273 0.45814309 -0.25967353
v 0.34571273 0.45814309 -0.25967353
v 0.34320659 0.45982887 -0.26159702
v 0.31296482 0.44947873 -0.26412457
v 0.31296482 0.44947873 -0.26412457
v 0.31545057 0.45024591 -0.26651976
v 0.34582012 0.44947873 -0.26412457
v 0.34582012 0.44947873 -0.26412457
v 0.34333437 0.45024591 -0.26651976
v 0.31279337 0.43843548 -0.26615256
v 0.31279337 0.43843548 -0.26615256
v 0.31529034 0.43876785 -0.26862744
v 0.34599157 0.43843548 -0.26615256
v 0.34599157 0.43843548 -0.26615256
v 0.34349460 0.43876785 -0.26862744
v 0.31265913 0.42711425 -0.26528342
v 0.31512704 0.42653806 -0.26768642
v 0.34612581 0.42711425 -0.26528342
v 0.34365790 0.42653806 -0.26768642
v -0.38593811 -0.77659504 -0.25144789
v -0.35526202 -0.30876946 -0.17866880
v -0.32640220 -0.30876946 -0.17866880
v -0.35707761 -0.77659504 -0.25144789
v -0.31884877 0.45052662 -0.26739637
v -0.31869278 0.43888951 -0.26953328
v -0.34009228 0.43888951 -0.26953328
v -0.33993630 0.45052662 -0.26739637
v -0.35468056 -0.31025795 -0.11259167
v -0.38593369 -0.77761507 -0.20865518
v -0.35707235 -0.77761507 -0.20865518
v -0.32581989 -0.31025795 -0.11259167
v -0.35601782 -0.23205231 -0.10914893
v -0.35467648 -0.20871097 -0.10791888
v -0.35499831 -0.20746784 -0.16282482
v -0.35638808 -0.23081376 -0.16386727
v -0.32259278 -0.25813853 -0.17277633
v -0.32459375 -0.28556711 -0.17557507
v -0.35345442 -0.28556711 -0.17557507
v -0.35145514 -0.25813853 -0.17277633
v -0.31531597 -0.25951759 -0.11177283
v -0.31727871 -0.28692545 -0.11539007
v -0.31772713 -0.28572123 -0.16874244
v -0.31573194 -0.25829281 -0.16594505
v -0.34645645 0.46649107 -0.23878277
v -0.34651201 0.46590910 -0.24345692
v -0.34652153 0.46294281 -0.24976229
v -0.34672034 0.43526342 -0.23129543
v -0.38639146 -0.78411874 -0.21681880
v -0.38639146 -0.78346489 -0.24569764
v -0.35750496 -0.78346489 -0.24569764
v -0.35750496 -0.78411874 -0.21681880
v -0.35025670 -0.77736529 -0.21549444
v -0.35026503 -0.77670566 -0.24460625
v -0.31953236 -0.30892340 -0.17183463
v -0.31907103 -0.31010350 -0.11944911
v -0.34672747 0.44843083 -0.26085243
v -0.34691421 0.43798163 -0.26277184
v -0.34700852 0.42790115 -0.26200075
v -0.31495218 -0.03943880 -0.11049112
v -0.31889550 0.43684792 -0.22468607
v -0.33988940 0.43684792 -0.22468607
v -0.34383272 -0.03943880 -0.11049112
v -0.34664778 0.45584017 -0.25704572
v -0.31511088 -0.08854233 -0.17022346
v -0.31560790 -0.11601764 -0.16843828
v -0.34448301 -0.11601764 -0.16843828
v -0.34398871 -0.08854233 -0.17022346
v -0.32207130 -0.25967239 -0.10492439
v -0.32029903 -0.23220727 -0.10230287
v -0.34916497 -0.23220727 -0.10230287
v -0.35093468 -0.25967239 -0.10492439
v -0.32402996 -0.28708025 -0.10853722
v -0.35289147 -0.28708025 -0.10853722
v -0.35176644 -0.14076031 -0.10638519
v -0.35193347 -0.13951751 -0.16128008
v -0.31251910 -0.20746784 -0.16282482
v -0.30945409 -0.13951751 -0.16128008
v -0.30928689 -0.14076031 -0.10638519
v -0.31219744 -0.20871097 -0.10791888
v -0.31495269 -0.06264896 -0.10594425
v -0.34383238 -0.06264896 -0.10594425
v -0.31353878 -0.23205231 -0.10914893
v -0.31390887 -0.23081376 -0.16386727
v -0.36155007 -0.31010350 -0.11944911
v -0.35975775 -0.28692545 -0.11539007
v -0.36020617 -0.28572123 -0.16874244
v -0.36201157 -0.30892340 -0.17183463
v -0.35779518 -0.25951759 -0.11177283
v -0.35821098 -0.25829281 -0.16594505
v -0.31896228 -0.20886593 -0.10107231
v -0.31606940 -0.14091544 -0.09953386
v -0.34494213 -0.14091544 -0.09953386
v -0.34783144 -0.20886593 -0.10107231
v -0.34823296 -0.20731304 -0.16965966
v -0.34515062 -0.13936255 -0.16812121
v -0.31627857 -0.13936255 -0.16812121
v -0.31936465 -0.20731304 -0.16965966
v -0.32076207 -0.23065931 -0.17069923
v -0.34962732 -0.23065931 -0.17069923
v -0.31504988 -0.09008418 -0.10226515
v -0.34392771 -0.09008418 -0.10226515
v -0.31546737 -0.11756782 -0.10001422
v -0.34434299 -0.11756782 -0.10001422
v -0.30825514 -0.08992819 -0.10913839
v -0.30867943 -0.11741234 -0.10687473
v -0.30879157 -0.11617295 -0.16158712
v -0.30830373 -0.08869814 -0.16335956
v -0.31851913 0.42632719 -0.26856593
v -0.34026594 0.42632719 -0.26856593
v -0.30815250 -0.06249230 -0.11283177
v -0.30815250 -0.06127618 -0.16632618
v -0.30815250 -0.03808149 -0.17003569
v -0.31177655 0.42790115 -0.26200075
v -0.31206592 0.43526342 -0.23129543
v -0.30815250 -0.03928146 -0.11739088
v -0.35115897 -0.11741234 -0.10687473
v -0.35127112 -0.11617295 -0.16158712
v -0.35073486 -0.08992819 -0.10913839
v -0.35078345 -0.08869814 -0.16335956
v -0.35063239 -0.06249230 -0.11283177
v -0.35063239 -0.06127618 -0.16632618
v -0.35063239 -0.03928146 -0.11739088
v -0.35063239 -0.03808149 -0.17003569
v -0.34383323 -0.03792431 -0.17693035
v -0.31495184 -0.03792431 -0.17693035
v -0.31495252 -0.06111969 -0.17320571
v -0.34383238 -0.06111969 -0.17320571
v -0.31914562 0.46737788 -0.23200587
v -0.33963928 0.46737788 -0.23200587
v -0.31916924 0.47259016 -0.24480183
v -0.31909346 0.46797158 -0.25459463
v -0.33969144 0.46797158 -0.25459463
v -0.33961566 0.47259016 -0.24480183
v -0.31898386 0.46044618 -0.26230116
v -0.33980121 0.46044618 -0.26230116
v -0.31205760 0.44843083 -0.26085243
v -0.31213712 0.45584017 -0.25704572
v -0.31226354 0.46294281 -0.24976229
v -0.31918079 0.47314682 -0.24033532
v -0.33960427 0.47314682 -0.24033532
v -0.31227305 0.46590910 -0.24345692
v -0.31232862 0.46649107 -0.23878277
v -0.31187085 0.43798163 -0.26277184
v -0.39273659 -0.77736529 -0.21549444
v -0.39194799 -0.78068755 -0.21594456
v -0.39173780 -0.77760419 -0.21216232
v -0.38928332 -0.77769425 -0.20969441
v -0.38607948 -0.78085339 -0.21032906
v -0.38607948 -0.78085339 -0.21032906
v -0.38935978 -0.78076589 -0.21106481
v -0.38948008 -0.78246474 -0.21317351
v -0.38624549 -0.78321086 -0.21328838
v -0.38966326 -0.78311944 -0.21642135
v -0.38966326 -0.78311944 -0.21642135
v -0.39274492 -0.77670566 -0.24460625
v -0.39183364 -0.77664245 -0.24801416
v -0.39205997 -0.78007295 -0.24514286
v -0.38972800 -0.78255395 -0.24554336
v -0.38972800 -0.78255395 -0.24554336
v -0.38952358 -0.78161684 -0.24866580
v -0.38632892 -0.78249890 -0.24895976
v -0.38632892 -0.78249890 -0.24895976
v -0.38616257 -0.77997712 -0.25107033
v -0.38933514 -0.77660201 -0.25052540
v -0.35128692 -0.77775202 -0.21219342
v -0.35148454 -0.78068161 -0.21594354
v -0.35410538 -0.78312335 -0.21642237
v -0.35736716 -0.78321086 -0.21328838
v -0.35721032 -0.78085339 -0.21032906
v -0.35721032 -0.78085339 -0.21032906
v -0.35402161 -0.78081992 -0.21107569
v -0.35374685 -0.77784225 -0.20972449
v -0.35223728 -0.78076759 -0.21283027
v -0.35128692 -0.77775202 -0.21219342
v -0.35148879 -0.78002402 -0.24498109
v -0.35127095 -0.77656632 -0.24795061
v -0.35372901 -0.77652639 -0.25041954
v -0.35721457 -0.77992139 -0.25094884
v -0.35736801 -0.78238811 -0.24888398
v -0.35736801 -0.78238811 -0.24888398
v -0.35410640 -0.78246763 -0.24537565
v -0.34543795 0.46705486 -0.23548769
v -0.34465870 0.47011783 -0.23627272
v -0.34542113 0.46977290 -0.23941980
v -0.34542113 0.46977290 -0.23941980
v -0.34294795 0.47217522 -0.23998019
v -0.33961549 0.47258082 -0.23679505
v -0.33962806 0.47049302 -0.23378034
v -0.33962806 0.47049302 -0.23378034
v -0.34285501 0.47034077 -0.23451269
v -0.34297803 0.46737465 -0.23304221
v -0.31574825 0.46725095 -0.23291715
v -0.31591511 0.47031103 -0.23454430
v -0.31916992 0.47057441 -0.23369249
v -0.31916992 0.47057441 -0.23369249
v -0.31918283 0.47269195 -0.23674985
v -0.31577866 0.47224914 -0.24013380
v -0.31326352 0.46980603 -0.23956389
v -0.31326352 0.46980603 -0.23956389
v -0.31415355 0.47008181 -0.23629549
v -0.31324601 0.46692539 -0.23540460
v -0.31324601 0.46692539 -0.23540460
v -0.31415355 0.47008181 -0.23629549
v -0.31299198 0.43605559 -0.22799084
v -0.30906344 -0.03936013 -0.11394100
v -0.31299198 0.43605559 -0.22799084
v -0.31549184 0.43663553 -0.22557152
v -0.31155243 -0.03941773 -0.11141566
v -0.30906344 -0.03936013 -0.11394100
v -0.35630346 -0.28705935 -0.10945546
v -0.35809322 -0.31023722 -0.11351042
v -0.35881674 -0.28700293 -0.11196365
v -0.36060769 -0.31018064 -0.11602031
v -0.35865888 -0.30879019 -0.17775327
v -0.35685128 -0.28558784 -0.17465955
v -0.36112934 -0.30884643 -0.17525189
v -0.35932259 -0.28564425 -0.17215867
v -0.35434565 -0.25965166 -0.10584179
v -0.35685672 -0.25959491 -0.10834844
v -0.35485235 -0.25815909 -0.17186114
v -0.35732519 -0.25821567 -0.16936060
v -0.35257457 -0.23218654 -0.10322010
v -0.35508293 -0.23212979 -0.10572590
v -0.35302452 -0.23068004 -0.16978404
v -0.35549906 -0.23073662 -0.16728334
v -0.35123935 -0.20884520 -0.10198937
v -0.35374481 -0.20878845 -0.10449551
v -0.35163033 -0.20733377 -0.16874414
v -0.35410657 -0.20739035 -0.16624224
v -0.31690200 -0.23218654 -0.10322010
v -0.31556508 -0.20884520 -0.10198937
v -0.31442763 -0.23212979 -0.10572590
v -0.31308901 -0.20878845 -0.10449551
v -0.31442763 -0.23212979 -0.10572590
v -0.31308901 -0.20878845 -0.10449551
v -0.31595657 -0.20733377 -0.16874414
v -0.31735246 -0.23068004 -0.16978387
v -0.31345094 -0.20739035 -0.16624224
v -0.31484394 -0.23073645 -0.16728334
v -0.31867443 -0.25965166 -0.10584179
v -0.31620176 -0.25959491 -0.10834844
v -0.31620176 -0.25959491 -0.10834844
v -0.31918147 -0.25815909 -0.17186114
v -0.31667040 -0.25821567 -0.16936077
v -0.32063327 -0.28705935 -0.10945546
v -0.31816213 -0.28700293 -0.11196365
v -0.31816213 -0.28700293 -0.11196365
v -0.32118143 -0.28558784 -0.17465955
v -0.31866815 -0.28564425 -0.17215867
v -0.32242337 -0.31023722 -0.11351042
v -0.31995308 -0.31018064 -0.11602031
v -0.31995308 -0.31018064 -0.11602031
v -0.32298937 -0.30879019 -0.17775327
v -0.32047473 -0.30884643 -0.17525172
v -0.34774580 -0.11754692 -0.10093332
v -0.34834664 -0.14089471 -0.10045177
v -0.35024073 -0.11749016 -0.10344439
v -0.35084445 -0.14083796 -0.10295944
v -0.34854969 -0.13938328 -0.16720466
v -0.34788225 -0.11603854 -0.16752021
v -0.35103238 -0.13944003 -0.16470073
v -0.35036681 -0.11609529 -0.16501270
v -0.34732899 -0.09006328 -0.10318594
v -0.34982052 -0.09000618 -0.10570177
v -0.34738829 -0.08856340 -0.16930385
v -0.34987540 -0.08862032 -0.16679159
v -0.34723247 -0.06262789 -0.10686708
v -0.34972146 -0.06257063 -0.10938801
v -0.34723247 -0.06114059 -0.17228390
v -0.34972146 -0.06119802 -0.16976603
v -0.34723264 -0.03941773 -0.11141566
v -0.34972146 -0.03936013 -0.11394100
v -0.34723281 -0.03794538 -0.17600650
v -0.34972146 -0.03800281 -0.17348302
v -0.31155260 -0.06262789 -0.10686708
v -0.30906361 -0.06257063 -0.10938801
v -0.30906361 -0.06257063 -0.10938801
v -0.31155226 -0.03794538 -0.17600650
v -0.31155260 -0.06114059 -0.17228390
v -0.30906344 -0.03800281 -0.17348302
v -0.30906361 -0.06119802 -0.16976603
v -0.31165013 -0.09006328 -0.10318594
v -0.30916319 -0.09000618 -0.10570177
v -0.30916319 -0.09000618 -0.10570177
v -0.31170960 -0.08856340 -0.16930385
v -0.30921790 -0.08862032 -0.16679159
v -0.31206830 -0.11754692 -0.10093332
v -0.30958374 -0.11749016 -0.10344439
v -0.30958374 -0.11749016 -0.10344439
v -0.31220492 -0.11603854 -0.16752021
v -0.30970999 -0.11609529 -0.16501270
v -0.31267067 -0.14089471 -0.10045177
v -0.31018797 -0.14083796 -0.10295944
v -0.31018797 -0.14083796 -0.10295944
v -0.31287389 -0.13938328 -0.16720466
v -0.31037607 -0.13944003 -0.16470073
v -0.34329340 0.43663553 -0.22557152
v -0.34579359 0.43605559 -0.22799084
v -0.34555197 0.46924972 -0.24412929
v -0.34302781 0.47169503 -0.24462171
v -0.34555197 0.46924972 -0.24412929
v -0.31323310 0.46924972 -0.24412929
v -0.31323310 0.46924972 -0.24412929
v -0.31575725 0.47169503 -0.24462171
v -0.31319028 0.46545728 -0.25217838
v -0.31319028 0.46545728 -0.25217838
v -0.31569031 0.46729785 -0.25394741
v -0.34559462 0.46545728 -0.25217838
v -0.34309476 0.46729785 -0.25394741
v -0.34559462 0.46545728 -0.25217838
v -0.31307236 0.45814309 -0.25967336
v -0.31307236 0.45814309 -0.25967336
v -0.31557833 0.45982887 -0.26159702
v -0.34571271 0.45814309 -0.25967336
v -0.34320657 0.45982887 -0.26159702
v -0.34571271 0.45814309 -0.25967336
v -0.31296480 0.44947873 -0.26412440
v -0.31296480 0.44947873 -0.26412440
v -0.31545055 0.45024591 -0.26651976
v -0.34582010 0.44947873 -0.26412440
v -0.34333435 0.45024591 -0.26651976
v -0.34582010 0.44947873 -0.26412440
v -0.31279335 0.43843548 -0.26615256
v -0.31279335 0.43843548 -0.26615256
v -0.31529032 0.43876785 -0.26862744
v -0.34599172 0.43843548 -0.26615256
v -0.34349458 0.43876785 -0.26862744
v -0.34599172 0.43843548 -0.26615256
v -0.31265928 0.42711425 -0.26528325
v -0.31512719 0.42653806 -0.26768642
v -0.34612579 0.42711425 -0.26528325
v -0.34365788 0.42653806 -0.26768642
v 0.34499363 -0.10206860 0.43672971
v 0.31610731 -0.10206860 0.43672971
v 0.31610731 -0.79346177 0.49439701
v 0.34499363 -0.79346177 0.49439701
v 0.35179042 -0.79326891 0.48756064
v 0.35179042 -0.79261166 0.45853481
v 0.35179042 -0.10067118 0.37500711
v 0.35179042 -0.10191398 0.42989640
v 0.34499363 -0.79252551 0.45167839
v 0.31610731 -0.79252551 0.45167839
v 0.31610731 -0.10051571 0.36814219
v 0.34499363 -0.10051571 0.36814219
v 0.30931053 -0.79326891 0.48756064
v 0.30931053 -0.10191398 0.42989640
v 0.30931053 -0.10067118 0.37500711
v 0.30931053 -0.79261166 0.45853481
v 0.34499363 -0.80008098 0.48816691
v 0.34838744 -0.79916393 0.48807838
v 0.34499363 -0.79926010 0.49149207
v 0.35088237 -0.79666339 0.48785579
v 0.35088237 -0.79335794 0.49096685
v 0.35000031 -0.79660528 0.49110550
v 0.35088237 -0.79666339 0.48785579
v 0.34838744 -0.79342880 0.49347622
v 0.34824386 -0.79665506 0.49287215
v 0.34499363 -0.79683042 0.49377884
v 0.34499363 -0.79683042 0.49377884
v 0.34499363 -0.79942713 0.45928806
v 0.34499363 -0.79846131 0.45577481
v 0.34838761 -0.79850430 0.45919852
v 0.34499363 -0.79592798 0.45298167
v 0.34838761 -0.79252466 0.45260547
v 0.35088237 -0.79255626 0.45512231
v 0.35000031 -0.79580632 0.45563734
v 0.35088237 -0.79600257 0.45892223
v 0.35088237 -0.79600257 0.45892223
v 0.31610731 -0.80008098 0.48816691
v 0.31610731 -0.79926010 0.49149207
v 0.31271334 -0.79916393 0.48807838
v 0.31610731 -0.79683042 0.49377884
v 0.31271334 -0.79342880 0.49347622
v 0.31285692 -0.79665506 0.49287215
v 0.31610731 -0.79683042 0.49377884
v 0.31021841 -0.79335794 0.49096685
v 0.31110046 -0.79660528 0.49110550
v 0.31021841 -0.79666339 0.48785579
v 0.31021841 -0.79666339 0.48785579
v 0.31610731 -0.79942713 0.45928806
v 0.31271334 -0.79850430 0.45919852
v 0.31610731 -0.79846131 0.45577481
v 0.31021841 -0.79600257 0.45892223
v 0.31021841 -0.79255626 0.45512231
v 0.31110046 -0.79580632 0.45563734
v 0.31021841 -0.79600257 0.45892223
v 0.31271334 -0.79252466 0.45260547
v 0.31285692 -0.79578406 0.45386559
v 0.31610731 -0.79592798 0.45298167
v 0.31271334 -0.79252466 0.45260547
v 0.34839203 -0.10053661 0.36906197
v 0.35087982 -0.10059336 0.37157474
v 0.34839203 -0.10204787 0.43581419
v 0.35087982 -0.10199129 0.43331297
v 0.31022113 -0.10059336 0.37157474
v 0.31270892 -0.10053661 0.36906197
v 0.31270892 -0.10053661 0.36906197
v 0.31022113 -0.10199129 0.43331297
v 0.31270892 -0.10204787 0.43581419
v -0.34499344 -0.10206860 0.43672971
v -0.34499344 -0.79346177 0.49439701
v -0.31610712 -0.79346177 0.49439701
v -0.31610712 -0.10206860 0.43672971
v -0.35179023 -0.79326891 0.48756064
v -0.35179023 -0.10191398 0.42989640
v -0.35179023 -0.10067118 0.37500711
v -0.35179023 -0.79261166 0.45853481
v -0.34499344 -0.79252551 0.45167839
v -0.34499344 -0.10051571 0.36814219
v -0.31610712 -0.10051571 0.36814219
v -0.31610712 -0.79252551 0.45167839
v -0.30931034 -0.79326891 0.48756064
v -0.30931034 -0.79261166 0.45853481
v -0.30931034 -0.10067118 0.37500711
v -0.30931034 -0.10191398 0.42989640
v -0.34499344 -0.80008098 0.48816691
v -0.34499344 -0.79926010 0.49149224
v -0.34838742 -0.79916393 0.48807838
v -0.35088218 -0.79666339 0.48785579
v -0.35088218 -0.79666339 0.48785579
v -0.35000029 -0.79660528 0.49110550
v -0.35088218 -0.79335794 0.49096685
v -0.34824383 -0.79665506 0.49287215
v -0.34838742 -0.79342880 0.49347622
v -0.34499344 -0.79683042 0.49377884
v -0.34499344 -0.79683042 0.49377884
v -0.34499344 -0.79942713 0.45928806
v -0.34838742 -0.79850430 0.45919869
v -0.34499361 -0.79846131 0.45577481
v -0.34499361 -0.79592798 0.45298167
v -0.34838742 -0.79252466 0.45260564
v -0.35000029 -0.79580632 0.45563734
v -0.35088235 -0.79255626 0.45512231
v -0.35088235 -0.79600257 0.45892223
v -0.35088235 -0.79600257 0.45892223
v -0.31610712 -0.80008098 0.48816691
v -0.31271332 -0.79916393 0.48807838
v -0.31610712 -0.79926010 0.49149224
v -0.31610712 -0.79683042 0.49377884
v -0.31610712 -0.79683042 0.49377884
v -0.31285690 -0.79665506 0.49287215
v -0.31271332 -0.79342880 0.49347622
v -0.31110044 -0.79660528 0.49110550
v -0.31021839 -0.79335794 0.49096685
v -0.31021839 -0.79666339 0.48785579
v -0.31021839 -0.79666339 0.48785579
v -0.31610712 -0.79942713 0.45928806
v -0.31610712 -0.79846131 0.45577481
v -0.31271332 -0.79850430 0.45919869
v -0.31021839 -0.79600257 0.45892223
v -0.31021839 -0.79600257 0.45892223
v -0.31110044 -0.79580632 0.45563734
v -0.31021839 -0.79255626 0.45512231
v -0.31285690 -0.79578406 0.45386559
v -0.31271332 -0.79252466 0.45260564
v -0.31271332 -0.79252466 0.45260564
v -0.31610712 -0.79592798 0.45298167
v -0.34839183 -0.10053661 0.36906214
v -0.35087963 -0.10059336 0.37157474
v -0.34839183 -0.10204787 0.43581419
v -0.35087963 -0.10199129 0.43331314
v -0.31022094 -0.10059336 0.37157474
v -0.31270873 -0.10053661 0.36906214
v -0.31270873 -0.10053661 0.36906214
v -0.31022094 -0.10199129 0.43331314
v -0.31270873 -0.10204787 0.43581419
v -0.02357871 -0.09316856 -0.10146041
v -0.02376868 -0.09402274 -0.13214448
v -0.04747212 -0.09383107 -0.13151391
v -0.04707043 -0.09298232 -0.10088693
v -0.02400300 -0.09533061 -0.15984596
v -0.04796590 -0.09513300 -0.15916883
v -0.07104472 -0.09351026 -0.13040230
v -0.07038866 -0.09267239 -0.09988814
v -0.07184877 -0.09480012 -0.15796274
v 0.00000001 -0.09237537 -0.06844164
v 0.00000001 -0.09323075 -0.10164392
v -0.02347030 -0.09231454 -0.06827699
v 0.00000001 -0.09408629 -0.13234329
v 0.00000001 -0.09539569 -0.16005734
v 0.00000001 -0.09909722 -0.17999553
v -0.02420979 -0.09903061 -0.17977531
v -0.04840039 -0.09882807 -0.17906658
v -0.07255258 -0.09848585 -0.17779643
v -0.09664734 -0.09799971 -0.17589282
v -0.09561169 -0.09432962 -0.15616499
v -0.09442140 -0.09305879 -0.12875833
v -0.09344657 -0.09223859 -0.09842989
v -0.07000923 -0.09183078 -0.06690914
v -0.09287666 -0.09141057 -0.06567246
v -0.04684018 -0.09213256 -0.06777165
v -0.11617671 -0.09167972 -0.09647412
v -0.11756274 -0.09247308 -0.12652847
v -0.14053332 -0.09173902 -0.12364069
v -0.13859046 -0.09098866 -0.09397171
v -0.11924902 -0.09371434 -0.15370558
v -0.14289486 -0.09293203 -0.15049274
v -0.16342403 -0.09083964 -0.12002055
v -0.16071857 -0.09015673 -0.09087085
v -0.16671758 -0.09195601 -0.14642979
v -0.11535974 -0.09087226 -0.06404310
v -0.12070761 -0.09736081 -0.17327555
v -0.14492540 -0.09653959 -0.16983808
v -0.16953417 -0.09550138 -0.16546673
v -0.19476807 -0.09421203 -0.16004697
v -0.19088541 -0.09075995 -0.14141903
v -0.18632528 -0.08975810 -0.11559279
v -0.18259181 -0.08917511 -0.08711903
v -0.15913764 -0.08942914 -0.05949606
v -0.18044131 -0.08851633 -0.05652042
v -0.13744537 -0.09021315 -0.06199370
v -0.12776879 -0.08340702 0.21203013
v -0.12436156 -0.08456876 0.17122599
v -0.14881282 -0.08385136 0.17014938
v -0.15292096 -0.08265223 0.21061130
v -0.12144574 -0.08572472 0.12989152
v -0.14523601 -0.08503842 0.12922238
v -0.17327529 -0.08297984 0.16866853
v -0.17801978 -0.08173841 0.20872842
v -0.16904208 -0.08420513 0.12823328
v -0.10558902 -0.08289930 0.25296936
v -0.10249190 -0.08401516 0.21305338
v -0.13164805 -0.08225411 0.25170142
v -0.09980343 -0.08514631 0.17196327
v -0.09752991 -0.08627781 0.13029967
v -0.09567829 -0.08739503 0.08866326
v -0.11904104 -0.08685961 0.08862962
v -0.14222470 -0.08619778 0.08843880
v -0.16536655 -0.08539729 0.08804255
v -0.18860407 -0.08444608 0.08739175
v -0.19300601 -0.08321025 0.12686509
v -0.19786690 -0.08193993 0.16671717
v -0.20313576 -0.08065296 0.20631234
v -0.18322969 -0.08049715 0.24779412
v -0.20876163 -0.07936769 0.24501372
v -0.15752663 -0.08145634 0.24999967
v -0.02574501 -0.08502771 0.21438776
v -0.02509150 -0.08611180 0.17278500
v -0.05012660 -0.08591758 0.17267931
v -0.05144127 -0.08482500 0.21417417
v -0.02454963 -0.08720710 0.13057018
v -0.04903232 -0.08701951 0.13057562
v -0.07504938 -0.08559541 0.17242664
v -0.07703982 -0.08448737 0.21374819
v -0.07338145 -0.08670906 0.13050663
v 0.00000001 -0.08404116 0.25486753
v 0.00000001 -0.08509551 0.21444622
v -0.02651288 -0.08397013 0.25477254
v 0.00000001 -0.08617688 0.17280607
v 0.00000001 -0.08726997 0.13055404
v 0.00000001 -0.08835983 0.08829845
v -0.02411718 -0.08829832 0.08835010
v -0.04815536 -0.08811549 0.08846667
v -0.07203535 -0.08781354 0.08859003
v -0.07935361 -0.08339937 0.25387044
v -0.05297938 -0.08375620 0.25445598
v -0.22829031 -0.07938145 0.20333042
v -0.22263760 -0.08071770 0.16423770
v -0.24736327 -0.07930159 0.16119784
v -0.25330519 -0.07790094 0.19989396
v -0.21719338 -0.08204256 0.12503573
v -0.24136630 -0.08069833 0.12257122
v -0.27175183 -0.07767988 0.15757312
v -0.27795338 -0.07618663 0.19614979
v -0.26521162 -0.07917687 0.11927495
v -0.23410632 -0.07805353 0.24166070
v -0.21200267 -0.08333548 0.08637717
v -0.23534282 -0.08207009 0.08464704
v -0.25833345 -0.08065823 0.08178934
v -0.28068365 -0.07910805 0.07739131
v -0.28841550 -0.07747699 0.11494931
v -0.29551083 -0.07584118 0.15333838
v -0.30200685 -0.07421369 0.19224606
v -0.28381595 -0.07471614 0.23447090
v -0.30794078 -0.07260727 0.23135967
v -0.25916436 -0.07651729 0.23802578
v -0.29269900 -0.07925962 0.03392368
v -0.28258148 -0.08099280 -0.00069539
v -0.30026229 -0.07987337 -0.01252740
v -0.31222786 -0.07783298 0.02447870
v -0.27191240 -0.08257407 -0.03058424
v -0.28670832 -0.08183050 -0.04525918
v -0.31704100 -0.07931026 -0.02553457
v -0.33046413 -0.07697165 0.01418633
v -0.30147552 -0.08159551 -0.06122601
v -0.27241095 -0.08070564 0.04121136
v -0.30216947 -0.07744454 0.07120131
v -0.26422643 -0.08217952 0.00788775
v -0.25690715 -0.08342010 -0.02061965
v -0.25174363 -0.08424030 -0.03983347
v -0.25955721 -0.08401975 -0.05330096
v -0.27088184 -0.08368535 -0.07154182
v -0.28336379 -0.08377710 -0.09045829
v -0.29344733 -0.08653320 -0.10494682
v -0.31297822 -0.08412510 -0.07367839
v -0.32974095 -0.08161029 -0.03575235
v -0.34411768 -0.07905011 0.00612246
v -0.34209241 -0.07463407 0.05550958
v -0.35649003 -0.07650556 0.04923700
v -0.32283814 -0.07576098 0.06360642
v -0.25362005 -0.07398056 0.34663870
v -0.24649804 -0.07540279 0.31374296
v -0.27102304 -0.07377241 0.30985044
v -0.27779740 -0.07228527 0.34206906
v -0.24009683 -0.07674141 0.27861617
v -0.26497527 -0.07515725 0.27493350
v -0.29457678 -0.07187118 0.30678475
v -0.29985431 -0.07044284 0.33786610
v -0.28934581 -0.07328151 0.27182397
v -0.23517188 -0.07415745 0.38149770
v -0.22784325 -0.07551408 0.35080224
v -0.26184416 -0.07241118 0.37694437
v -0.22104953 -0.07681890 0.31760795
v -0.21471442 -0.07809533 0.28223749
v -0.31325247 -0.07104571 0.27001212
v -0.31749315 -0.06959392 0.30612410
v -0.32015443 -0.06834977 0.33704386
v -0.30717683 -0.06880090 0.36423880
v -0.32100811 -0.06754486 0.35767787
v -0.28635403 -0.07056246 0.37122725
v -0.03334772 -0.07803909 0.47645215
v -0.03237051 -0.07872590 0.45120057
v -0.06460629 -0.07841546 0.45039328
v -0.06653556 -0.07771114 0.47557689
v -0.03138260 -0.07944925 0.42450995
v -0.06265358 -0.07915614 0.42377284
v -0.09657241 -0.07789551 0.44912874
v -0.09940344 -0.07716196 0.47423028
v -0.09370196 -0.07866541 0.42259546
v 0.00000001 -0.07934101 0.49734851
v 0.00000001 -0.07814818 0.47676429
v -0.03417268 -0.07922717 0.49701292
v 0.00000001 -0.07882887 0.45148434
v 0.00000001 -0.07954628 0.42476483
v 0.00000001 -0.08031839 0.39588598
v -0.03037804 -0.08022680 0.39566084
v -0.06066552 -0.07995136 0.39499730
v -0.09077238 -0.07948969 0.39391491
v -0.12060804 -0.07883992 0.39243219
v -0.12441594 -0.07797486 0.42101878
v -0.12813378 -0.07716434 0.44747237
v -0.13179181 -0.07638968 0.47250407
v -0.10179472 -0.07830994 0.49466990
v -0.13488230 -0.07750316 0.49289050
v -0.06816441 -0.07888393 0.49608210
v -0.16364612 -0.07537237 0.47043292
v -0.15921512 -0.07620634 0.44544744
v -0.18997804 -0.07495471 0.44290204
v -0.19533340 -0.07400588 0.46782346
v -0.15470563 -0.07707548 0.41905332
v -0.18456678 -0.07593090 0.41658337
v -0.22064359 -0.07332909 0.43964145
v -0.22732653 -0.07216582 0.46442524
v -0.21401690 -0.07449746 0.41346212
v -0.16739386 -0.07643454 0.49078860
v -0.15007804 -0.07799763 0.39054660
v -0.17907175 -0.07694787 0.38816908
v -0.20747466 -0.07567347 0.38518971
v -0.24307331 -0.07273165 0.40954258
v -0.25143302 -0.07124893 0.43547061
v -0.26009840 -0.06972798 0.45998796
v -0.23305282 -0.07293810 0.48462341
v -0.26760341 -0.07018235 0.47995963
v -0.19988350 -0.07496762 0.48813310
v -0.31937093 -0.06662049 0.38649384
v -0.33505774 -0.06397009 0.40708691
v -0.31081022 -0.06613979 0.42114180
v -0.29754103 -0.06849641 0.39728510
v -0.35233754 -0.06111952 0.42717208
v -0.32531472 -0.06358726 0.44383218
v -0.28213527 -0.06872597 0.42988535
v -0.27143646 -0.07064861 0.40449818
v -0.29355234 -0.06669628 0.45386576
v -0.33424977 -0.06555544 0.36954488
v -0.35236438 -0.06272577 0.38516507
v -0.37154371 -0.06001844 0.40116929
v -0.38696816 -0.06036066 0.41372481
v -0.36735537 -0.06053381 0.44370253
v -0.33810796 -0.06310197 0.46243191
v -0.30354344 -0.06669458 0.47339920
v -0.02935818 -0.08107317 0.36409726
v -0.02835090 -0.08198428 0.32991913
v -0.05664301 -0.08174232 0.32941719
v -0.05864365 -0.08081472 0.36351205
v -0.02739085 -0.08295248 0.29338982
v -0.05473227 -0.08272547 0.29297709
v -0.08481789 -0.08133689 0.32855722
v -0.08778417 -0.08038177 0.36253485
v -0.08197411 -0.08234587 0.29224728
v 0.00000001 -0.08115881 0.36429216
v 0.00000001 -0.08206465 0.33008242
v 0.00000001 -0.08302793 0.29351981
v -0.10906711 -0.08181283 0.29116574
v -0.11281672 -0.08076715 0.32731987
v -0.11670703 -0.07977261 0.36116445
v -0.14532522 -0.07898503 0.35938505
v -0.14056764 -0.08003123 0.32567692
v -0.16794763 -0.07912861 0.32356108
v -0.17349363 -0.07801530 0.35712325
v -0.13595772 -0.08112483 0.28969203
v -0.16257732 -0.08027846 0.28776056
v -0.19482041 -0.07805795 0.32089708
v -0.20105289 -0.07685985 0.35429171
v -0.18885368 -0.07926982 0.28529961
v -0.36891251 -0.06779158 0.18068014
v -0.34782464 -0.06962977 0.18439186
v -0.34050009 -0.07166677 0.14323616
v -0.36111167 -0.07006748 0.13795421
v -0.32528872 -0.07198655 0.18831038
v -0.31841446 -0.07379909 0.14850604
v -0.33221719 -0.07370597 0.10315825
v -0.35223609 -0.07233812 0.09659596
v -0.31073596 -0.07561892 0.10948945
v -0.39200815 -0.06658175 0.22512141
v -0.37583163 -0.06547881 0.22586957
v -0.38474001 -0.06910302 0.17800357
v -0.35432899 -0.06758122 0.22717744
v -0.33144355 -0.07018354 0.22896159
v -0.36721586 -0.07402049 0.09158962
v -0.37655430 -0.07156787 0.13400239
v -0.38163914 -0.06317555 0.27380184
v -0.38441240 -0.06123370 0.32148959
v -0.36271164 -0.06384724 0.31475364
v -0.35981145 -0.06556410 0.27150792
v -0.38179938 -0.06007740 0.36514379
v -0.36102926 -0.06276978 0.35367779
v -0.34014921 -0.06687486 0.30908988
v -0.33674028 -0.06842436 0.27002520
v -0.34020562 -0.06577362 0.34323895
v -0.39812168 -0.06404910 0.27591105
v -0.40095713 -0.06191236 0.32703593
v -0.39792916 -0.06065887 0.37420101
v -0.20721247 -0.08457216 0.04886538
v -0.20337620 -0.08570773 0.01290514
v -0.22444894 -0.08458898 0.01332943
v -0.22946072 -0.08338816 0.04804501
v -0.20115773 -0.08669292 -0.02115898
v -0.22124409 -0.08559983 -0.01903124
v -0.24481244 -0.08339580 0.01217482
v -0.25127380 -0.08209252 0.04574872
v -0.24003923 -0.08446664 -0.01791453
v -0.18477188 -0.08562651 0.04889427
v -0.18186047 -0.08672062 0.01181103
v -0.18028005 -0.08769494 -0.02346054
v -0.20125492 -0.08747778 -0.05302348
v -0.22105412 -0.08634238 -0.04889579
v -0.23893390 -0.08517384 -0.04414246
v -0.11717346 -0.08795780 0.04803635
v -0.11589685 -0.08900366 0.00868383
v -0.13815105 -0.08836595 0.00962399
v -0.13982747 -0.08731279 0.04839352
v -0.11527206 -0.08998053 -0.02886432
v -0.13731657 -0.08933891 -0.02734643
v -0.16011961 -0.08760675 0.01067155
v -0.16232567 -0.08653880 0.04869071
v -0.15897996 -0.08857818 -0.02554698
v -0.09425913 -0.08848251 0.04765369
v -0.09329874 -0.08952497 0.00786566
v -0.09282789 -0.09050643 -0.03010762
v -0.02379247 -0.08937051 0.04673408
v -0.02357582 -0.09040787 0.00634217
v -0.04705105 -0.09022895 0.00667028
v -0.04749386 -0.08919040 0.04695889
v -0.02346809 -0.09139443 -0.03220256
v -0.04683169 -0.09121482 -0.03177997
v -0.07032562 -0.08993380 0.00718650
v -0.07101311 -0.08889372 0.04728003
v -0.06998646 -0.09091814 -0.03108024
v 0.00000001 -0.08943101 0.04664895
v 0.00000001 -0.09046819 0.00622696
v 0.00000001 -0.09145475 -0.03234461
v -0.26250379 -0.08581053 -0.11154123
v -0.25226086 -0.08542617 -0.08994700
v -0.23142006 -0.08703310 -0.10204697
v -0.23955615 -0.08766792 -0.12574412
v -0.24361944 -0.08542073 -0.06745968
v -0.22472982 -0.08677839 -0.07634936
v -0.20919000 -0.08848421 -0.11003608
v -0.21539512 -0.08932549 -0.13506047
v -0.20412011 -0.08804157 -0.08252661
v -0.27099704 -0.08877851 -0.12764331
v -0.22065515 -0.09264758 -0.15314229
v -0.24639881 -0.09082656 -0.14302477
v 0.02357856 -0.09316856 -0.10146041
v 0.04707045 -0.09298232 -0.10088693
v 0.04747214 -0.09383107 -0.13151391
v 0.02376870 -0.09402274 -0.13214431
v 0.07038868 -0.09267239 -0.09988814
v 0.07104474 -0.09351009 -0.13040230
v 0.04796592 -0.09513283 -0.15916900
v 0.02400285 -0.09533061 -0.15984579
v 0.07184880 -0.09480012 -0.15796308
v 0.02347032 -0.09231454 -0.06827699
v 0.04684021 -0.09213256 -0.06777165
v 0.07000925 -0.09183061 -0.06690914
v 0.09287668 -0.09141057 -0.06567229
v 0.09344642 -0.09223859 -0.09842989
v 0.09442142 -0.09305879 -0.12875850
v 0.09561154 -0.09432945 -0.15616482
v 0.09664737 -0.09799971 -0.17589282
v 0.07255260 -0.09848585 -0.17779643
v 0.04840024 -0.09882824 -0.17906658
v 0.02420964 -0.09903061 -0.17977548
v 0.11617673 -0.09167972 -0.09647395
v 0.13859031 -0.09098866 -0.09397171
v 0.14053334 -0.09173902 -0.12364086
v 0.11756276 -0.09247308 -0.12652847
v 0.16071842 -0.09015673 -0.09087068
v 0.16342388 -0.09083947 -0.12002072
v 0.14289488 -0.09293203 -0.15049308
v 0.11924905 -0.09371434 -0.15370558
v 0.16671760 -0.09195601 -0.14642979
v 0.11535976 -0.09087243 -0.06404310
v 0.13744522 -0.09021298 -0.06199370
v 0.15913766 -0.08942914 -0.05949606
v 0.18044133 -0.08851650 -0.05652059
v 0.18259166 -0.08917528 -0.08711886
v 0.18632513 -0.08975810 -0.11559279
v 0.19088543 -0.09075995 -0.14141920
v 0.19476809 -0.09421220 -0.16004680
v 0.16953419 -0.09550155 -0.16546673
v 0.14492525 -0.09653959 -0.16983825
v 0.12070764 -0.09736081 -0.17327572
v 0.12776881 -0.08340702 0.21203013
v 0.15292099 -0.08265223 0.21061147
v 0.14881284 -0.08385153 0.17014938
v 0.12436159 -0.08456876 0.17122599
v 0.17801980 -0.08173824 0.20872842
v 0.17327531 -0.08297984 0.16866853
v 0.14523603 -0.08503842 0.12922238
v 0.12144577 -0.08572472 0.12989135
v 0.16904210 -0.08420513 0.12823311
v 0.10558904 -0.08289930 0.25296936
v 0.13164808 -0.08225411 0.25170142
v 0.10249209 -0.08401516 0.21305355
v 0.15752665 -0.08145634 0.24999967
v 0.18322971 -0.08049715 0.24779412
v 0.20876165 -0.07936769 0.24501372
v 0.20313578 -0.08065296 0.20631251
v 0.19786692 -0.08193976 0.16671717
v 0.19300603 -0.08321025 0.12686492
v 0.18860409 -0.08444608 0.08739175
v 0.16536657 -0.08539729 0.08804255
v 0.14222472 -0.08619778 0.08843880
v 0.11904106 -0.08685944 0.08862962
v 0.09752993 -0.08627781 0.13029967
v 0.09567831 -0.08739503 0.08866326
v 0.09980345 -0.08514631 0.17196327
v 0.02574503 -0.08502771 0.21438776
v 0.05144129 -0.08482500 0.21417400
v 0.05012662 -0.08591758 0.17267931
v 0.02509152 -0.08611180 0.17278483
v 0.07703984 -0.08448737 0.21374819
v 0.07504940 -0.08559541 0.17242664
v 0.04903234 -0.08701951 0.13057579
v 0.02454965 -0.08720710 0.13057018
v 0.07338147 -0.08670906 0.13050663
v 0.02651290 -0.08396996 0.25477237
v 0.05297940 -0.08375620 0.25445598
v 0.07935363 -0.08339954 0.25387044
v 0.07203537 -0.08781354 0.08859020
v 0.04815538 -0.08811549 0.08846667
v 0.02411720 -0.08829832 0.08835010
v 0.22829033 -0.07938145 0.20333025
v 0.25330521 -0.07790094 0.19989379
v 0.24736329 -0.07930159 0.16119784
v 0.22263762 -0.08071770 0.16423770
v 0.27795340 -0.07618663 0.19614996
v 0.27175185 -0.07767988 0.15757312
v 0.24136649 -0.08069833 0.12257139
v 0.21719340 -0.08204239 0.12503573
v 0.26521164 -0.07917687 0.11927478
v 0.23410634 -0.07805353 0.24166070
v 0.25916438 -0.07651729 0.23802561
v 0.28381597 -0.07471614 0.23447090
v 0.30794081 -0.07260727 0.23135967
v 0.30200688 -0.07421352 0.19224623
v 0.29551085 -0.07584118 0.15333821
v 0.28841552 -0.07747699 0.11494931
v 0.28068367 -0.07910805 0.07739148
v 0.25833347 -0.08065840 0.08178934
v 0.23534285 -0.08207009 0.08464704
v 0.21200269 -0.08333548 0.08637717
v 0.29269902 -0.07925962 0.03392368
v 0.31222788 -0.07783281 0.02447870
v 0.30026231 -0.07987337 -0.01252740
v 0.28258133 -0.08099280 -0.00069556
v 0.33046415 -0.07697165 0.01418633
v 0.31704102 -0.07931026 -0.02553457
v 0.28670817 -0.08183050 -0.04525918
v 0.27191242 -0.08257407 -0.03058441
v 0.30147537 -0.08159534 -0.06122601
v 0.30216949 -0.07744454 0.07120131
v 0.27241097 -0.08070564 0.04121119
v 0.32283816 -0.07576098 0.06360625
v 0.34209243 -0.07463390 0.05550958
v 0.35649005 -0.07650556 0.04923717
v 0.34411753 -0.07904994 0.00612229
v 0.32974098 -0.08161029 -0.03575252
v 0.31297824 -0.08412510 -0.07367856
v 0.29344735 -0.08653320 -0.10494699
v 0.28336381 -0.08377727 -0.09045846
v 0.27088169 -0.08368535 -0.07154199
v 0.25955723 -0.08401958 -0.05330096
v 0.25690717 -0.08342010 -0.02061965
v 0.25174365 -0.08424030 -0.03983347
v 0.26422645 -0.08217952 0.00788758
v 0.25362024 -0.07398056 0.34663870
v 0.27779742 -0.07228544 0.34206906
v 0.27102306 -0.07377241 0.30985027
v 0.24649806 -0.07540279 0.31374279
v 0.29985433 -0.07044284 0.33786610
v 0.29457680 -0.07187101 0.30678475
v 0.26497529 -0.07515725 0.27493350
v 0.24009668 -0.07674141 0.27861600
v 0.28934583 -0.07328151 0.27182397
v 0.23517191 -0.07415745 0.38149770
v 0.26184418 -0.07241118 0.37694437
v 0.22784345 -0.07551408 0.35080224
v 0.28635423 -0.07056246 0.37122725
v 0.30717685 -0.06880073 0.36423880
v 0.32100813 -0.06754486 0.35767787
v 0.32015445 -0.06834960 0.33704386
v 0.31749317 -0.06959392 0.30612393
v 0.31325249 -0.07104571 0.27001212
v 0.21471444 -0.07809533 0.28223732
v 0.22104972 -0.07681890 0.31760778
v 0.03334774 -0.07803909 0.47645215
v 0.06653558 -0.07771114 0.47557689
v 0.06460648 -0.07841546 0.45039328
v 0.03237071 -0.07872590 0.45120057
v 0.09940363 -0.07716196 0.47423028
v 0.09657243 -0.07789551 0.44912874
v 0.06265377 -0.07915614 0.42377301
v 0.03138262 -0.07944925 0.42450995
v 0.09370198 -0.07866541 0.42259546
v 0.03417270 -0.07922717 0.49701275
v 0.06816460 -0.07888393 0.49608210
v 0.10179474 -0.07830994 0.49466990
v 0.13488249 -0.07750299 0.49289050
v 0.13179183 -0.07638968 0.47250424
v 0.12813380 -0.07716417 0.44747237
v 0.12441596 -0.07797486 0.42101878
v 0.12060806 -0.07883992 0.39243219
v 0.09077240 -0.07948952 0.39391491
v 0.06066571 -0.07995136 0.39499747
v 0.03037806 -0.08022680 0.39566084
v 0.16364614 -0.07537237 0.47043292
v 0.19533342 -0.07400588 0.46782346
v 0.18997806 -0.07495471 0.44290204
v 0.15921515 -0.07620634 0.44544727
v 0.22732672 -0.07216582 0.46442507
v 0.22064378 -0.07332909 0.43964128
v 0.18456697 -0.07593090 0.41658337
v 0.15470565 -0.07707548 0.41905332
v 0.21401709 -0.07449746 0.41346212
v 0.16739388 -0.07643454 0.49078843
v 0.19988352 -0.07496762 0.48813310
v 0.23305301 -0.07293810 0.48462341
v 0.26760360 -0.07018235 0.47995963
v 0.26009860 -0.06972798 0.45998796
v 0.25143321 -0.07124893 0.43547061
v 0.24307334 -0.07273165 0.40954241
v 0.20747468 -0.07567347 0.38518971
v 0.17907194 -0.07694770 0.38816908
v 0.15007806 -0.07799746 0.39054643
v 0.31937095 -0.06662032 0.38649384
v 0.29754122 -0.06849641 0.39728493
v 0.31081024 -0.06613979 0.42114180
v 0.33505776 -0.06397009 0.40708674
v 0.27143648 -0.07064861 0.40449818
v 0.28213529 -0.06872580 0.42988518
v 0.32531474 -0.06358743 0.44383218
v 0.35233756 -0.06111952 0.42717208
v 0.29355236 -0.06669628 0.45386576
v 0.33424979 -0.06555544 0.36954488
v 0.30354363 -0.06669458 0.47339903
v 0.33810798 -0.06310197 0.46243191
v 0.36735539 -0.06053381 0.44370253
v 0.37154391 -0.06001844 0.40116912
v 0.38696818 -0.06036049 0.41372481
v 0.35236458 -0.06272594 0.38516507
v 0.02935820 -0.08107317 0.36409743
v 0.05864384 -0.08081472 0.36351205
v 0.05664320 -0.08174232 0.32941719
v 0.02835092 -0.08198445 0.32991913
v 0.08778419 -0.08038177 0.36253485
v 0.08481791 -0.08133706 0.32855705
v 0.05473229 -0.08272547 0.29297709
v 0.02739087 -0.08295248 0.29338982
v 0.08197413 -0.08234587 0.29224728
v 0.11670705 -0.07977261 0.36116445
v 0.11281674 -0.08076715 0.32731987
v 0.10906713 -0.08181283 0.29116574
v 0.14532524 -0.07898486 0.35938505
v 0.17349383 -0.07801530 0.35712325
v 0.16794765 -0.07912861 0.32356108
v 0.14056766 -0.08003123 0.32567675
v 0.20105291 -0.07685968 0.35429171
v 0.19482043 -0.07805812 0.32089691
v 0.16257734 -0.08027846 0.28776056
v 0.13595775 -0.08112483 0.28969203
v 0.18885370 -0.07926982 0.28529961
v 0.36891253 -0.06779141 0.18068014
v 0.36111169 -0.07006748 0.13795421
v 0.34050011 -0.07166677 0.14323599
v 0.34782466 -0.06962977 0.18439186
v 0.35223612 -0.07233812 0.09659596
v 0.33221721 -0.07370597 0.10315808
v 0.31841448 -0.07379892 0.14850604
v 0.32528874 -0.07198672 0.18831038
v 0.31073598 -0.07561892 0.10948962
v 0.39200817 -0.06658158 0.22512124
v 0.38474003 -0.06910302 0.17800340
v 0.37583166 -0.06547881 0.22586957
v 0.37655415 -0.07156770 0.13400222
v 0.36721588 -0.07402032 0.09158962
v 0.33144357 -0.07018354 0.22896159
v 0.35432902 -0.06758122 0.22717744
v 0.38163917 -0.06317555 0.27380184
v 0.35981147 -0.06556410 0.27150792
v 0.36271166 -0.06384724 0.31475364
v 0.38441242 -0.06123387 0.32148959
v 0.33674030 -0.06842419 0.27002520
v 0.34014923 -0.06687486 0.30908988
v 0.36102928 -0.06276978 0.35367762
v 0.38179957 -0.06007740 0.36514379
v 0.34020564 -0.06577345 0.34323895
v 0.39812170 -0.06404910 0.27591105
v 0.39792918 -0.06065887 0.37420101
v 0.40095715 -0.06191236 0.32703576
v 0.20721232 -0.08457216 0.04886538
v 0.22946074 -0.08338816 0.04804484
v 0.22444896 -0.08458898 0.01332926
v 0.20337622 -0.08570773 0.01290514
v 0.25127382 -0.08209252 0.04574838
v 0.24481246 -0.08339580 0.01217482
v 0.22124411 -0.08559983 -0.01903107
v 0.20115775 -0.08669292 -0.02115898
v 0.24003925 -0.08446664 -0.01791470
v 0.18477190 -0.08562651 0.04889427
v 0.23893393 -0.08517384 -0.04414246
v 0.22105414 -0.08634238 -0.04889596
v 0.20125494 -0.08747761 -0.05302348
v 0.18028007 -0.08769494 -0.02346037
v 0.18186032 -0.08672062 0.01181103
v 0.11717331 -0.08795780 0.04803652
v 0.13982749 -0.08731279 0.04839352
v 0.13815107 -0.08836595 0.00962382
v 0.11589670 -0.08900366 0.00868383
v 0.16232569 -0.08653880 0.04869088
v 0.16011963 -0.08760675 0.01067138
v 0.13731659 -0.08933891 -0.02734626
v 0.11527208 -0.08998053 -0.02886449
v 0.15897981 -0.08857818 -0.02554715
v 0.09425915 -0.08848251 0.04765369
v 0.09282791 -0.09050626 -0.03010745
v 0.09329876 -0.08952497 0.00786549
v 0.02379249 -0.08937051 0.04673391
v 0.04749389 -0.08919040 0.04695889
v 0.04705108 -0.09022895 0.00667045
v 0.02357567 -0.09040787 0.00634200
v 0.07101313 -0.08889372 0.04728037
v 0.07032547 -0.08993380 0.00718650
v 0.04683171 -0.09121499 -0.03177997
v 0.02346811 -0.09139443 -0.03220273
v 0.06998648 -0.09091797 -0.03108007
v 0.26250381 -0.08581053 -0.11154157
v 0.23955617 -0.08766775 -0.12574429
v 0.23142008 -0.08703310 -0.10204697
v 0.25226072 -0.08542617 -0.08994700
v 0.21539514 -0.08932549 -0.13506081
v 0.20919002 -0.08848421 -0.11003608
v 0.22472984 -0.08677839 -0.07634936
v 0.24361929 -0.08542073 -0.06745985
v 0.20411996 -0.08804157 -0.08252644
v 0.27099690 -0.08877851 -0.12764331
v 0.24639883 -0.09082656 -0.14302477
v 0.22065500 -0.09264758 -0.15314229
v -0.02379145 -0.13562109 -0.10041319
v -0.04749896 -0.13543316 -0.09984108
v -0.04790388 -0.13620986 -0.13067995
v -0.02398295 -0.13640323 -0.13130882
v -0.07103843 -0.13512017 -0.09884518
v -0.07170078 -0.13588582 -0.12957088
v -0.04842570 -0.13694408 -0.15997952
v -0.02423035 -0.13714374 -0.16065715
v -0.07255156 -0.13660764 -0.15877173
v 0.00000001 -0.13483878 -0.06736180
v -0.02368355 -0.13477727 -0.06719732
v 0.00000001 -0.13568379 -0.10059620
v -0.04726906 -0.13459342 -0.06669334
v -0.07065900 -0.13428892 -0.06583287
v -0.09375514 -0.13386429 -0.06459959
v -0.09432607 -0.13468194 -0.09739135
v -0.09531127 -0.13542993 -0.12793150
v -0.09657292 -0.13613136 -0.15697024
v -0.09776711 -0.13539815 -0.18177119
v -0.07335613 -0.13589364 -0.18370470
v -0.04891864 -0.13624180 -0.18499218
v -0.02446382 -0.13644741 -0.18570975
v 0.00000001 -0.13720984 -0.16086887
v 0.00000001 -0.13651504 -0.18593218
v 0.00000001 -0.13646729 -0.13150728
v -0.11729682 -0.13411730 -0.09544135
v -0.13996188 -0.13341876 -0.09294591
v -0.14192887 -0.13409606 -0.12282592
v -0.11869900 -0.13483810 -0.12570708
v -0.16235201 -0.13257732 -0.08985151
v -0.16509128 -0.13318631 -0.11921140
v -0.14444079 -0.13471440 -0.15128269
v -0.12048978 -0.13550792 -0.15450539
v -0.16859944 -0.13372309 -0.14720156
v -0.11647713 -0.13332021 -0.06297465
v -0.13881237 -0.13265361 -0.06093069
v -0.16076581 -0.13185992 -0.05843814
v -0.18234237 -0.13093556 -0.05546743
v -0.18449746 -0.13158414 -0.08610563
v -0.18827681 -0.13209237 -0.11478669
v -0.19313888 -0.13250663 -0.14216226
v -0.19779485 -0.13150377 -0.16559026
v -0.17194516 -0.13283611 -0.17114017
v -0.14682799 -0.13390422 -0.17560634
v -0.12218727 -0.13474583 -0.17910974
v -0.12903265 -0.12584834 0.21313732
v -0.15448134 -0.12508251 0.21172071
v -0.15031644 -0.12628469 0.17125283
v -0.12558193 -0.12701211 0.17232791
v -0.17990759 -0.12415322 0.20984157
v -0.17509105 -0.12539907 0.16977402
v -0.14669443 -0.12747396 0.13032142
v -0.12263178 -0.12816961 0.13098938
v -0.17079956 -0.12662776 0.12933402
v -0.10661737 -0.12534707 0.25408046
v -0.13296493 -0.12469288 0.25281592
v -0.10348185 -0.12646463 0.21415905
v -0.15915650 -0.12388271 0.25111927
v -0.18520466 -0.12290669 0.24892017
v -0.21112181 -0.12175480 0.24614811
v -0.20539093 -0.12304738 0.20743092
v -0.20003269 -0.12434030 0.16782641
v -0.19509653 -0.12561572 0.12796838
v -0.19063240 -0.12685579 0.08848927
v -0.16707781 -0.12782263 0.08913836
v -0.14364845 -0.12863485 0.08953359
v -0.12020040 -0.12930535 0.08972322
v -0.09846192 -0.12872949 0.13139684
v -0.09659008 -0.12984722 0.08975653
v -0.10076127 -0.12759681 0.17306435
v -0.02598409 -0.12748908 0.21549071
v -0.05192265 -0.12728399 0.21527746
v -0.05059371 -0.12837725 0.17377903
v -0.02532344 -0.12857350 0.17388404
v -0.07777047 -0.12694228 0.21485283
v -0.07575743 -0.12805134 0.17352704
v -0.04948753 -0.12947952 0.13167160
v -0.02477579 -0.12966898 0.13166582
v -0.07407098 -0.12916567 0.13160329
v 0.00000001 -0.12650287 0.25597388
v -0.02675960 -0.12643099 0.25587906
v 0.00000001 -0.12755739 0.21554882
v -0.05347707 -0.12621468 0.25556301
v -0.08011043 -0.12585360 0.25497934
v -0.07271027 -0.13027066 0.08968295
v -0.04860106 -0.13057584 0.08955908
v -0.02433876 -0.13076071 0.08944251
v 0.00000001 -0.12973253 0.13164968
v 0.00000001 -0.13082256 0.08939069
v 0.00000001 -0.12863909 0.17390494
v -0.23095584 -0.12174937 0.20445596
v -0.25640486 -0.12023810 0.20102801
v -0.25033347 -0.12164962 0.16231863
v -0.22519438 -0.12309394 0.16535204
v -0.28148516 -0.11849031 0.19729403
v -0.27513391 -0.11999716 0.15870071
v -0.24421670 -0.12305622 0.12368266
v -0.21965415 -0.12442594 0.12614276
v -0.26844825 -0.12150723 0.12039064
v -0.23689402 -0.12041193 0.24280528
v -0.26240166 -0.11884238 0.23918208
v -0.28749844 -0.11700555 0.23564045
v -0.31203840 -0.11486032 0.23254350
v -0.30594423 -0.11648305 0.19340083
v -0.29927948 -0.11812719 0.15447328
v -0.29201253 -0.11977966 0.11606942
v -0.28411110 -0.12142635 0.07849817
v -0.26143159 -0.12300099 0.08289415
v -0.23808380 -0.12443715 0.08574965
v -0.21437985 -0.12572531 0.08747705
v -0.29623282 -0.12156075 0.03500012
v -0.31610525 -0.12002740 0.02546389
v -0.30389313 -0.12209209 -0.01158945
v -0.28591955 -0.12331110 0.00035913
v -0.33556155 -0.11845344 0.01447502
v -0.32178277 -0.12083775 -0.02547510
v -0.29008683 -0.12407149 -0.04436693
v -0.27505693 -0.12490834 -0.02954977
v -0.30583888 -0.12316751 -0.06139831
v -0.30590277 -0.11972664 0.07229899
v -0.27567595 -0.12303855 0.04230258
v -0.32695869 -0.11793042 0.06463494
v -0.34752423 -0.11606980 0.05599419
v -0.36517224 -0.11309451 0.04798180
v -0.35228605 -0.11573744 0.00421069
v -0.33732820 -0.11839923 -0.03844319
v -0.31991179 -0.12101531 -0.07716497
v -0.29965007 -0.12352129 -0.10914026
v -0.28732360 -0.12539159 -0.09083398
v -0.27399663 -0.12594791 -0.07068815
v -0.26250090 -0.12636897 -0.05228144
v -0.25987938 -0.12577714 -0.01956003
v -0.25461391 -0.12660499 -0.03878405
v -0.26733834 -0.12452551 0.00896232
v -0.25683714 -0.11630344 0.34789407
v -0.28146273 -0.11457145 0.34334515
v -0.27454853 -0.11607167 0.31108117
v -0.24956543 -0.11773841 0.31495465
v -0.30391709 -0.11269418 0.33915969
v -0.29853557 -0.11413323 0.30803417
v -0.26835666 -0.11746960 0.27612311
v -0.24301979 -0.11908911 0.27978997
v -0.29317546 -0.11555648 0.27303023
v -0.23807020 -0.11650361 0.38277006
v -0.26521315 -0.11472064 0.37824578
v -0.23059833 -0.11787197 0.35203314
v -0.29016363 -0.11283454 0.37255059
v -0.31134852 -0.11104036 0.36557522
v -0.32540767 -0.10976307 0.35901887
v -0.32455263 -0.11056917 0.33835597
v -0.32184105 -0.11182012 0.30739374
v -0.31749417 -0.11328363 0.27123639
v -0.21719576 -0.12047378 0.28339685
v -0.22366408 -0.11918732 0.31880027
v -0.03365833 -0.12049672 0.47758160
v -0.06717055 -0.12016402 0.47671178
v -0.06522225 -0.12086918 0.45152512
v -0.03267246 -0.12118404 0.45232765
v -0.10038999 -0.11960566 0.47538063
v -0.09752668 -0.12034107 0.45027315
v -0.06325017 -0.12161071 0.42490127
v -0.03167554 -0.12190756 0.42563464
v -0.09462343 -0.12111251 0.42373409
v 0.00000001 -0.11957592 0.50154077
v -0.03459952 -0.11945987 0.50120229
v 0.00000001 -0.12060700 0.47789289
v -0.06902913 -0.11910984 0.50026909
v -0.10311907 -0.11852259 0.49886386
v -0.13669959 -0.11769525 0.49710961
v -0.13317087 -0.11881893 0.47368467
v -0.12946289 -0.11959648 0.44864226
v -0.12569424 -0.12041006 0.42217797
v -0.12183486 -0.12127767 0.39358051
v -0.09166038 -0.12193832 0.39504760
v -0.06124223 -0.12240661 0.39612200
v -0.03066163 -0.12268579 0.39678247
v 0.00000001 -0.12200594 0.42588901
v 0.00000001 -0.12277840 0.39700745
v 0.00000001 -0.12128820 0.45261073
v -0.16546731 -0.11778055 0.47166144
v -0.19763581 -0.11638670 0.46911094
v -0.19218275 -0.11734318 0.44416148
v -0.16096360 -0.11861962 0.44665726
v -0.23013411 -0.11451351 0.46577372
v -0.22332985 -0.11568698 0.44095272
v -0.18667294 -0.11832668 0.41781512
v -0.15638036 -0.11949368 0.42024497
v -0.21658082 -0.11686520 0.41473702
v -0.16974878 -0.11659740 0.49505562
v -0.20283789 -0.11508682 0.49245755
v -0.23668621 -0.11299443 0.48899663
v -0.27201248 -0.11015066 0.48435494
v -0.26341948 -0.11203693 0.46139048
v -0.25461442 -0.11357046 0.43682946
v -0.24611385 -0.11506575 0.41085776
v -0.20991470 -0.11805107 0.38642877
v -0.18107782 -0.11935078 0.38937398
v -0.15167817 -0.12042042 0.39171989
v -0.32371340 -0.10883548 0.38788158
v -0.30151154 -0.11074996 0.39865839
v -0.31496900 -0.10835919 0.42258340
v -0.33965729 -0.10611286 0.40858101
v -0.27495855 -0.11294345 0.40584666
v -0.28581267 -0.11100399 0.43128328
v -0.32969508 -0.10574702 0.44537284
v -0.35742833 -0.10302066 0.42897781
v -0.29738844 -0.10895408 0.45531721
v -0.33884626 -0.10774239 0.37092802
v -0.30884187 -0.10653613 0.47778381
v -0.34442047 -0.10273282 0.46681329
v -0.37530030 -0.09947189 0.44854303
v -0.37765793 -0.10138723 0.40349651
v -0.39633345 -0.09697696 0.41877431
v -0.35729936 -0.10480227 0.38668093
v -0.02963243 -0.12353267 0.36521567
v -0.05919996 -0.12327083 0.36463267
v -0.05717894 -0.12419910 0.33053339
v -0.02861563 -0.12444429 0.33103380
v -0.08863785 -0.12283192 0.36366141
v -0.08563741 -0.12378857 0.32967733
v -0.05524831 -0.12518327 0.29408870
v -0.02764641 -0.12541300 0.29450042
v -0.08276101 -0.12479891 0.29336128
v 0.00000001 -0.12361933 0.36541006
v -0.11788134 -0.12221342 0.36230223
v -0.11393887 -0.12321050 0.32844762
v -0.11014015 -0.12425857 0.29228450
v 0.00000001 -0.12548930 0.29463006
v 0.00000001 -0.12452551 0.33119658
v -0.14684957 -0.12141242 0.36054084
v -0.17539843 -0.12042518 0.35830215
v -0.16975337 -0.12154461 0.32471653
v -0.14201740 -0.12246303 0.32681657
v -0.20336804 -0.11924662 0.35549644
v -0.19701322 -0.12045339 0.32207020
v -0.16429011 -0.12270007 0.28889562
v -0.13733747 -0.12356037 0.29081775
v -0.19093163 -0.12167290 0.28644589
v -0.37518662 -0.10909631 0.18158836
v -0.36714025 -0.11141435 0.13870933
v -0.34508656 -0.11378456 0.14433418
v -0.35261570 -0.11172326 0.18553287
v -0.35798074 -0.11372882 0.09722500
v -0.33657682 -0.11584959 0.10422195
v -0.32254724 -0.11604109 0.14964178
v -0.32960757 -0.11420902 0.18947144
v -0.31467096 -0.11788132 0.11060566
v -0.40212142 -0.10280792 0.22593261
v -0.39458735 -0.10542044 0.17809651
v -0.38230404 -0.10674411 0.22700327
v -0.38607472 -0.10797416 0.13361548
v -0.37634819 -0.11051649 0.09080527
v -0.33592891 -0.11238765 0.23015885
v -0.35929217 -0.10965313 0.22837945
v -0.38824800 -0.10440534 0.27526178
v -0.36490173 -0.10761852 0.27279438
v -0.36786054 -0.10589128 0.31613627
v -0.39106203 -0.10243903 0.32333441
v -0.34136175 -0.11061284 0.27127156
v -0.34485309 -0.10905315 0.31039129
v -0.36613959 -0.10481586 0.35514861
v -0.38834825 -0.10128391 0.36736158
v -0.34491154 -0.10794952 0.34459015
v -0.40842611 -0.10018386 0.27777642
v -0.40806962 -0.09670067 0.37857101
v -0.41130370 -0.09797456 0.33015685
v -0.20951828 -0.12696743 0.04995559
v -0.23210399 -0.12576304 0.04913590
v -0.22700861 -0.12697082 0.01440655
v -0.20562457 -0.12810742 0.01398277
v -0.25424315 -0.12444633 0.04684011
v -0.24766624 -0.12575913 0.01325160
v -0.22373868 -0.12798677 -0.01796857
v -0.20336413 -0.12909601 -0.02009528
v -0.24279635 -0.12683778 -0.01685270
v -0.18675008 -0.12803962 0.04998328
v -0.24163393 -0.12754957 -0.04309423
v -0.22351048 -0.12873289 -0.04784790
v -0.20343754 -0.12988307 -0.05197338
v -0.18219403 -0.13011298 -0.02239446
v -0.18380028 -0.12913662 0.01288883
v -0.11831362 -0.13040456 0.04912485
v -0.14122574 -0.12975122 0.04948185
v -0.13953181 -0.13080540 0.01070485
v -0.11702427 -0.13145109 0.00976570
v -0.16400142 -0.12896602 0.04977904
v -0.16177003 -0.13003583 0.01175053
v -0.13868731 -0.13177904 -0.02627440
v -0.11639217 -0.13242847 -0.02778924
v -0.16061458 -0.13100828 -0.02447835
v -0.09515613 -0.13093539 0.04874236
v -0.09370910 -0.13295998 -0.02902931
v -0.09418589 -0.13197835 0.00894924
v -0.02401047 -0.13183307 0.04782276
v -0.04793243 -0.13165109 0.04804807
v -0.04748486 -0.13268981 0.00775556
v -0.02379145 -0.13287060 0.00742761
v -0.07167716 -0.13135101 0.04836905
v -0.07098236 -0.13239160 0.00827092
v -0.04726226 -0.13367585 -0.03069826
v -0.02368219 -0.13385715 -0.03112017
v -0.07063861 -0.13337611 -0.03000023
v 0.00000001 -0.13189407 0.04773814
v 0.00000001 -0.13391798 -0.03126188
v 0.00000001 -0.13293109 0.00731241
v -0.26603590 -0.12746427 -0.11206883
v -0.24265004 -0.12935734 -0.12637605
v -0.23396410 -0.12933491 -0.10123374
v -0.25509631 -0.12770895 -0.08911898
v -0.21805708 -0.13104617 -0.13576054
v -0.21143633 -0.13080336 -0.10922947
v -0.22719008 -0.12915871 -0.07534088
v -0.24633543 -0.12778525 -0.06644848
v -0.20630544 -0.13043684 -0.08151712
v -0.27639675 -0.12585819 -0.13237184
v -0.25096642 -0.12798881 -0.14813119
v -0.22441394 -0.12988121 -0.15850784
v 0.02379147 -0.13562109 -0.10041336
v 0.02398297 -0.13640323 -0.13130882
v 0.04790390 -0.13620986 -0.13067995
v 0.04749898 -0.13543333 -0.09984125
v 0.02423020 -0.13714391 -0.16065715
v 0.04842573 -0.13694408 -0.15997952
v 0.07170063 -0.13588582 -0.12957088
v 0.07103845 -0.13512017 -0.09884518
v 0.07255158 -0.13660764 -0.15877190
v 0.02368340 -0.13477727 -0.06719732
v 0.02446367 -0.13644741 -0.18570992
v 0.04891866 -0.13624180 -0.18499218
v 0.07335615 -0.13589347 -0.18370470
v 0.09776714 -0.13539832 -0.18177119
v 0.09657294 -0.13613119 -0.15697024
v 0.09531129 -0.13542993 -0.12793133
v 0.09432593 -0.13468194 -0.09739135
v 0.07065885 -0.13428892 -0.06583287
v 0.09375517 -0.13386429 -0.06459959
v 0.04726908 -0.13459342 -0.06669334
v 0.11729667 -0.13411730 -0.09544135
v 0.11869902 -0.13483810 -0.12570708
v 0.14192889 -0.13409606 -0.12282575
v 0.13996190 -0.13341876 -0.09294591
v 0.12048980 -0.13550792 -0.15450539
v 0.14444081 -0.13471440 -0.15128252
v 0.16509130 -0.13318631 -0.11921140
v 0.16235203 -0.13257732 -0.08985167
v 0.16859929 -0.13372326 -0.14720156
v 0.11647715 -0.13332021 -0.06297465
v 0.12218713 -0.13474583 -0.17910974
v 0.14682801 -0.13390422 -0.17560634
v 0.17194518 -0.13283611 -0.17114034
v 0.19779470 -0.13150360 -0.16559026
v 0.19313891 -0.13250680 -0.14216243
v 0.18827666 -0.13209237 -0.11478686
v 0.18449748 -0.13158414 -0.08610580
v 0.16076583 -0.13186009 -0.05843814
v 0.18234239 -0.13093556 -0.05546743
v 0.13881239 -0.13265361 -0.06093069
v 0.12903267 -0.12584834 0.21313732
v 0.12558212 -0.12701211 0.17232774
v 0.15031646 -0.12628469 0.17125283
v 0.15448136 -0.12508251 0.21172071
v 0.12263180 -0.12816944 0.13098954
v 0.14669445 -0.12747396 0.13032142
v 0.17509107 -0.12539907 0.16977385
v 0.17990761 -0.12415322 0.20984157
v 0.17079958 -0.12662759 0.12933402
v 0.10661740 -0.12534707 0.25408046
v 0.10348204 -0.12646463 0.21415905
v 0.13296495 -0.12469288 0.25281592
v 0.10076129 -0.12759681 0.17306435
v 0.09846194 -0.12872949 0.13139684
v 0.09659010 -0.12984705 0.08975653
v 0.12020043 -0.12930535 0.08972322
v 0.14364847 -0.12863468 0.08953342
v 0.16707783 -0.12782246 0.08913836
v 0.19063242 -0.12685579 0.08848944
v 0.19509655 -0.12561589 0.12796838
v 0.20003271 -0.12434030 0.16782641
v 0.20539096 -0.12304738 0.20743075
v 0.18520468 -0.12290686 0.24892000
v 0.21112183 -0.12175480 0.24614811
v 0.15915652 -0.12388271 0.25111910
v 0.02598411 -0.12748908 0.21549071
v 0.02532346 -0.12857334 0.17388404
v 0.05059373 -0.12837725 0.17377903
v 0.05192267 -0.12728382 0.21527746
v 0.02477581 -0.12966898 0.13166582
v 0.04948755 -0.12947935 0.13167160
v 0.07575746 -0.12805134 0.17352704
v 0.07777049 -0.12694228 0.21485283
v 0.07407100 -0.12916567 0.13160346
v 0.02675962 -0.12643099 0.25587906
v 0.02433878 -0.13076054 0.08944251
v 0.04860108 -0.13057584 0.08955925
v 0.07271029 -0.13027066 0.08968312
v 0.08011045 -0.12585360 0.25497934
v 0.05347709 -0.12621468 0.25556318
v 0.23095586 -0.12174920 0.20445596
v 0.22519440 -0.12309394 0.16535204
v 0.25033349 -0.12164962 0.16231846
v 0.25640488 -0.12023793 0.20102818
v 0.21965417 -0.12442594 0.12614276
v 0.24421672 -0.12305622 0.12368249
v 0.27513393 -0.11999716 0.15870071
v 0.28148518 -0.11849014 0.19729386
v 0.26844844 -0.12150706 0.12039030
v 0.23689404 -0.12041193 0.24280528
v 0.21437987 -0.12572548 0.08747705
v 0.23808382 -0.12443715 0.08574948
v 0.26143161 -0.12300099 0.08289398
v 0.28411112 -0.12142635 0.07849817
v 0.29201255 -0.11977966 0.11606942
v 0.29927950 -0.11812719 0.15447328
v 0.30594425 -0.11648305 0.19340100
v 0.28749863 -0.11700555 0.23564045
v 0.31203842 -0.11486032 0.23254333
v 0.26240169 -0.11884238 0.23918191
v 0.29623284 -0.12156075 0.03500012
v 0.28591940 -0.12331127 0.00035913
v 0.30389315 -0.12209209 -0.01158945
v 0.31610527 -0.12002740 0.02546389
v 0.27505695 -0.12490834 -0.02954994
v 0.29008668 -0.12407149 -0.04436710
v 0.32178296 -0.12083775 -0.02547510
v 0.33556157 -0.11845344 0.01447502
v 0.30583890 -0.12316751 -0.06139848
v 0.27567597 -0.12303838 0.04230241
v 0.30590279 -0.11972664 0.07229899
v 0.26733836 -0.12452534 0.00896232
v 0.25987940 -0.12577714 -0.01956003
v 0.25461393 -0.12660499 -0.03878422
v 0.26250092 -0.12636897 -0.05228161
v 0.27399666 -0.12594791 -0.07068815
v 0.28732345 -0.12539159 -0.09083415
v 0.29965009 -0.12352129 -0.10914043
v 0.31991181 -0.12101531 -0.07716514
v 0.33732822 -0.11839923 -0.03844319
v 0.35228607 -0.11573744 0.00421052
v 0.34752425 -0.11606997 0.05599402
v 0.36517226 -0.11309451 0.04798180
v 0.32695871 -0.11793042 0.06463494
v 0.25683716 -0.11630361 0.34789390
v 0.24956545 -0.11773841 0.31495448
v 0.27454872 -0.11607167 0.31108117
v 0.28146275 -0.11457145 0.34334498
v 0.24301981 -0.11908911 0.27978997
v 0.26835669 -0.11746960 0.27612294
v 0.29853576 -0.11413323 0.30803417
v 0.30391711 -0.11269418 0.33915952
v 0.29317548 -0.11555648 0.27303006
v 0.23807022 -0.11650361 0.38277006
v 0.23059852 -0.11787197 0.35203314
v 0.26521317 -0.11472064 0.37824578
v 0.22366410 -0.11918732 0.31880027
v 0.21719578 -0.12047378 0.28339668
v 0.31749419 -0.11328363 0.27123639
v 0.32184125 -0.11182029 0.30739374
v 0.32455265 -0.11056917 0.33835597
v 0.31134871 -0.11104036 0.36557522
v 0.32540786 -0.10976290 0.35901887
v 0.29016382 -0.11283454 0.37255059
v 0.03365836 -0.12049672 0.47758143
v 0.03267248 -0.12118404 0.45232748
v 0.06522244 -0.12086918 0.45152512
v 0.06717057 -0.12016402 0.47671178
v 0.03167556 -0.12190773 0.42563464
v 0.06325036 -0.12161071 0.42490127
v 0.09752670 -0.12034090 0.45027315
v 0.10039018 -0.11960566 0.47538063
v 0.09462345 -0.12111251 0.42373409
v 0.03459954 -0.11945987 0.50120229
v 0.03066182 -0.12268596 0.39678247
v 0.06124225 -0.12240678 0.39612217
v 0.09166040 -0.12193832 0.39504760
v 0.12183488 -0.12127784 0.39358051
v 0.12569443 -0.12040989 0.42217797
v 0.12946291 -0.11959648 0.44864226
v 0.13317090 -0.11881893 0.47368467
v 0.10311909 -0.11852259 0.49886386
v 0.13669961 -0.11769525 0.49710961
v 0.06902915 -0.11910984 0.50026926
v 0.16546734 -0.11778055 0.47166144
v 0.16096362 -0.11861962 0.44665726
v 0.19218294 -0.11734301 0.44416148
v 0.19763600 -0.11638670 0.46911094
v 0.15638055 -0.11949368 0.42024480
v 0.18667296 -0.11832668 0.41781512
v 0.22333004 -0.11568698 0.44095272
v 0.23013413 -0.11451334 0.46577372
v 0.21658101 -0.11686520 0.41473685
v 0.16974897 -0.11659740 0.49505562
v 0.15167819 -0.12042042 0.39171972
v 0.18107785 -0.11935078 0.38937381
v 0.20991489 -0.11805107 0.38642860
v 0.24611388 -0.11506575 0.41085776
v 0.25461444 -0.11357046 0.43682929
v 0.26341950 -0.11203693 0.46139031
v 0.23668623 -0.11299443 0.48899663
v 0.27201268 -0.11015066 0.48435494
v 0.20283808 -0.11508682 0.49245755
v 0.32371342 -0.10883548 0.38788158
v 0.33965731 -0.10611286 0.40858101
v 0.31496919 -0.10835919 0.42258340
v 0.30151173 -0.11074996 0.39865822
v 0.35742852 -0.10302066 0.42897764
v 0.32969527 -0.10574685 0.44537284
v 0.28581269 -0.11100399 0.43128328
v 0.27495874 -0.11294345 0.40584649
v 0.29738846 -0.10895425 0.45531721
v 0.33884628 -0.10774239 0.37092802
v 0.35729938 -0.10480227 0.38668093
v 0.37765795 -0.10138723 0.40349634
v 0.39633347 -0.09697696 0.41877431
v 0.37530032 -0.09947189 0.44854303
v 0.34442067 -0.10273282 0.46681312
v 0.30884206 -0.10653613 0.47778381
v 0.02963245 -0.12353250 0.36521567
v 0.02861565 -0.12444429 0.33103380
v 0.05717896 -0.12419927 0.33053339
v 0.05919998 -0.12327083 0.36463267
v 0.02764643 -0.12541283 0.29450025
v 0.05524834 -0.12518327 0.29408870
v 0.08563743 -0.12378857 0.32967716
v 0.08863787 -0.12283192 0.36366124
v 0.08276103 -0.12479891 0.29336145
v 0.11014017 -0.12425857 0.29228450
v 0.11393889 -0.12321033 0.32844762
v 0.11788136 -0.12221342 0.36230223
v 0.14684959 -0.12141259 0.36054084
v 0.14201742 -0.12246303 0.32681640
v 0.16975339 -0.12154461 0.32471653
v 0.17539845 -0.12042501 0.35830215
v 0.13733749 -0.12356037 0.29081775
v 0.16429013 -0.12270024 0.28889562
v 0.19701324 -0.12045339 0.32207003
v 0.20336806 -0.11924662 0.35549627
v 0.19093165 -0.12167290 0.28644606
v 0.37518664 -0.10909631 0.18158819
v 0.35261572 -0.11172326 0.18553287
v 0.34508658 -0.11378456 0.14433418
v 0.36714027 -0.11141435 0.13870933
v 0.32960759 -0.11420902 0.18947144
v 0.32254726 -0.11604109 0.14964178
v 0.33657684 -0.11584959 0.10422195
v 0.35798076 -0.11372882 0.09722500
v 0.31467098 -0.11788115 0.11060566
v 0.40212144 -0.10280792 0.22593244
v 0.38230389 -0.10674411 0.22700327
v 0.39458738 -0.10542044 0.17809651
v 0.35929220 -0.10965313 0.22837945
v 0.33592911 -0.11238765 0.23015868
v 0.37634821 -0.11051649 0.09080510
v 0.38607475 -0.10797416 0.13361548
v 0.38824802 -0.10440534 0.27526178
v 0.39106206 -0.10243903 0.32333441
v 0.36786056 -0.10589128 0.31613610
v 0.36490175 -0.10761852 0.27279438
v 0.38834844 -0.10128391 0.36736158
v 0.36613961 -0.10481603 0.35514861
v 0.34485311 -0.10905315 0.31039112
v 0.34136177 -0.11061284 0.27127156
v 0.34491156 -0.10794935 0.34458998
v 0.40842613 -0.10018386 0.27777625
v 0.41130372 -0.09797456 0.33015668
v 0.40806964 -0.09670050 0.37857101
v 0.20951830 -0.12696743 0.04995542
v 0.20562459 -0.12810742 0.01398277
v 0.22700863 -0.12697065 0.01440638
v 0.23210401 -0.12576304 0.04913590
v 0.20336415 -0.12909618 -0.02009545
v 0.22373870 -0.12798677 -0.01796840
v 0.24766626 -0.12575913 0.01325143
v 0.25424317 -0.12444633 0.04683994
v 0.24279637 -0.12683778 -0.01685270
v 0.18675010 -0.12803962 0.04998311
v 0.18380030 -0.12913645 0.01288900
v 0.18219405 -0.13011298 -0.02239463
v 0.20343756 -0.12988307 -0.05197338
v 0.22351050 -0.12873289 -0.04784790
v 0.24163395 -0.12754957 -0.04309440
v 0.11831364 -0.13040456 0.04912485
v 0.11702412 -0.13145109 0.00976587
v 0.13953183 -0.13080540 0.01070451
v 0.14122559 -0.12975122 0.04948185
v 0.11639202 -0.13242847 -0.02778924
v 0.13868733 -0.13177887 -0.02627440
v 0.16177006 -0.13003583 0.01175053
v 0.16400144 -0.12896602 0.04977921
v 0.16061460 -0.13100828 -0.02447852
v 0.09515615 -0.13093556 0.04874236
v 0.09418591 -0.13197835 0.00894924
v 0.09370912 -0.13295998 -0.02902948
v 0.02401049 -0.13183290 0.04782276
v 0.02379147 -0.13287043 0.00742761
v 0.04748488 -0.13268981 0.00775556
v 0.04793245 -0.13165109 0.04804790
v 0.02368204 -0.13385715 -0.03112034
v 0.04726229 -0.13367585 -0.03069826
v 0.07098238 -0.13239160 0.00827109
v 0.07167718 -0.13135118 0.04836905
v 0.07063863 -0.13337611 -0.03000023
v 0.26603575 -0.12746427 -0.11206900
v 0.25509616 -0.12770895 -0.08911898
v 0.23396395 -0.12933491 -0.10123374
v 0.24265007 -0.12935734 -0.12637605
v 0.24633545 -0.12778525 -0.06644848
v 0.22718993 -0.12915871 -0.07534088
v 0.21143635 -0.13080336 -0.10922947
v 0.21805710 -0.13104617 -0.13576071
v 0.20630546 -0.13043684 -0.08151712
v 0.27639677 -0.12585819 -0.13237184
v 0.22441396 -0.12988121 -0.15850767
v 0.25096627 -0.12798881 -0.14813136
v -0.40599168 -0.07041021 0.27703880
v -0.41011511 -0.09056981 0.27786393
v -0.41300562 -0.08832568 0.33084502
v -0.40887045 -0.06818630 0.32966765
v -0.39972708 -0.07304481 0.22499091
v -0.40377711 -0.09323211 0.22551902
v -0.40567563 -0.06689152 0.37834790
v -0.39386486 -0.06692482 0.41873098
v -0.40972753 -0.08703157 0.37986817
v -0.39756044 -0.08721831 0.42034131
v -0.40212142 -0.10280792 0.22593261
v -0.40842611 -0.10018386 0.27777642
v -0.41130370 -0.09797456 0.33015685
v -0.40806962 -0.09670067 0.37857101
v -0.39633345 -0.09697696 0.41877431
v -0.06861623 -0.08763784 0.50032669
v -0.06894315 -0.10886403 0.50089559
v -0.03455874 -0.10921338 0.50183286
v -0.03439901 -0.08798499 0.50126703
v -0.10246964 -0.08705689 0.49890515
v -0.10297889 -0.10827797 0.49948321
v -0.13577710 -0.08623992 0.49712252
v -0.13649144 -0.10745301 0.49771809
v 0.00000001 -0.08810020 0.50160721
v 0.00000001 -0.10932927 0.50217236
v -0.13669959 -0.11769525 0.49710961
v -0.10311907 -0.11852259 0.49886386
v -0.06902913 -0.11910984 0.50026909
v -0.03459952 -0.11945987 0.50120229
v 0.00000001 -0.11957592 0.50154077
v -0.04865272 -0.10646153 -0.18742934
v -0.04889808 -0.12705256 -0.18874622
v -0.07333268 -0.12670320 -0.18744650
v -0.07295529 -0.10611473 -0.18613268
v -0.02433111 -0.10666646 -0.18815099
v -0.02445192 -0.12725867 -0.18946990
v 0.00000001 -0.10673357 -0.18837477
v 0.00000001 -0.12732613 -0.18969403
v -0.09722949 -0.10562094 -0.18418541
v -0.09774995 -0.12620602 -0.18549311
v 0.00000001 -0.13651504 -0.18593218
v -0.02446382 -0.13644741 -0.18570975
v -0.04891864 -0.13624180 -0.18499218
v -0.07335613 -0.13589364 -0.18370470
v -0.09776711 -0.13539815 -0.18177119
v -0.14601764 -0.10413143 -0.17797247
v -0.14687421 -0.12470393 -0.17925655
v -0.17207192 -0.12362698 -0.17473363
v -0.17101162 -0.10306484 -0.17347147
v -0.12151116 -0.10497083 -0.18150323
v -0.12218965 -0.12555081 -0.18280175
v -0.19675579 -0.10173284 -0.16787976
v -0.19805075 -0.12228036 -0.16910980
v -0.12218727 -0.13474583 -0.17910974
v -0.14682799 -0.13390422 -0.17560634
v -0.17194516 -0.13283611 -0.17114017
v -0.19779485 -0.13150377 -0.16559026
v -0.20126070 -0.08366394 0.49237531
v -0.20246067 -0.10485053 0.49303307
v -0.16945771 -0.10635839 0.49564966
v -0.16851108 -0.08515685 0.49502622
v -0.23476986 -0.08158956 0.48885780
v -0.23623388 -0.10275814 0.48955074
v -0.26978161 -0.07876210 0.48416123
v -0.27151173 -0.09991011 0.48488441
v -0.27201248 -0.11015066 0.48435494
v -0.23668621 -0.11299443 0.48899663
v -0.20283789 -0.11508682 0.49245755
v -0.16974878 -0.11659740 0.49505562
v -0.24977239 -0.09821432 -0.15030243
v -0.25162503 -0.11871953 -0.15141880
v -0.27728271 -0.11655951 -0.13546726
v -0.27513153 -0.09608115 -0.13445216
v -0.22329128 -0.10010909 -0.16074585
v -0.22485403 -0.12063758 -0.16193053
v -0.29830159 -0.09374186 -0.11109808
v -0.30074520 -0.11418998 -0.11196755
v -0.22441394 -0.12988121 -0.15850784
v -0.25096642 -0.12798881 -0.14813119
v -0.27639675 -0.12585819 -0.13237184
v -0.29965007 -0.12352129 -0.10914026
v -0.34160644 -0.07143007 0.46643828
v -0.34391683 -0.09247257 0.46726749
v -0.30832803 -0.09628624 0.47828388
v -0.30632978 -0.07516847 0.47753029
v -0.37199400 -0.06839836 0.44783650
v -0.37481416 -0.08920569 0.44892229
v -0.37530030 -0.09947189 0.44854303
v -0.34442047 -0.10273282 0.46681329
v -0.30884187 -0.10653613 0.47778381
v -0.38389568 -0.07821139 0.13245425
v -0.38768828 -0.09845883 0.13264150
v -0.39621875 -0.09587741 0.17734530
v -0.39228172 -0.07566055 0.17702109
v -0.37431884 -0.08074778 0.08957284
v -0.37793915 -0.10102700 0.08964591
v -0.36330041 -0.08331985 0.04665796
v -0.36672514 -0.10363220 0.04659832
v -0.36517224 -0.11309451 0.04798180
v -0.37634819 -0.11051649 0.09080527
v -0.38607472 -0.10797416 0.13361548
v -0.39458735 -0.10542044 0.17809651
v -0.33574948 -0.08861845 -0.04006966
v -0.33872307 -0.10899996 -0.04052692
v -0.35377557 -0.10630521 0.00250861
v -0.35056664 -0.08595870 0.00275075
v -0.31845830 -0.09123453 -0.07896527
v -0.32117684 -0.11165003 -0.07964121
v -0.31991179 -0.12101531 -0.07716497
v -0.33732820 -0.11839923 -0.03844319
v -0.35228605 -0.11573744 0.00421069
v 0.40887064 -0.06818630 0.32966748
v 0.41300564 -0.08832585 0.33084502
v 0.41011514 -0.09056981 0.27786393
v 0.40599170 -0.07041021 0.27703880
v 0.40567582 -0.06689169 0.37834773
v 0.40972755 -0.08703157 0.37986817
v 0.39386488 -0.06692482 0.41873081
v 0.39756046 -0.08721814 0.42034131
v 0.39972710 -0.07304481 0.22499057
v 0.40377714 -0.09323211 0.22551885
v 0.39633347 -0.09697696 0.41877431
v 0.40806964 -0.09670050 0.37857101
v 0.41130372 -0.09797456 0.33015668
v 0.40842613 -0.10018386 0.27777625
v 0.40212144 -0.10280792 0.22593244
v 0.06861642 -0.08763784 0.50032669
v 0.06894334 -0.10886386 0.50089559
v 0.10297891 -0.10827797 0.49948321
v 0.10246966 -0.08705689 0.49890515
v 0.03439921 -0.08798499 0.50126703
v 0.03455893 -0.10921338 0.50183269
v 0.13577712 -0.08623992 0.49712269
v 0.13649146 -0.10745301 0.49771809
v 0.03459954 -0.11945987 0.50120229
v 0.06902915 -0.11910984 0.50026926
v 0.10311909 -0.11852259 0.49886386
v 0.13669961 -0.11769525 0.49710961
v 0.04865257 -0.10646153 -0.18742917
v 0.04889810 -0.12705256 -0.18874622
v 0.02445194 -0.12725850 -0.18946990
v 0.02433096 -0.10666646 -0.18815099
v 0.07295531 -0.10611456 -0.18613268
v 0.07333270 -0.12670320 -0.18744650
v 0.09722951 -0.10562111 -0.18418524
v 0.09774997 -0.12620602 -0.18549311
v 0.09776714 -0.13539832 -0.18177119
v 0.07335615 -0.13589347 -0.18370470
v 0.04891866 -0.13624180 -0.18499218
v 0.02446367 -0.13644741 -0.18570992
v 0.14601766 -0.10413143 -0.17797230
v 0.14687423 -0.12470393 -0.17925655
v 0.12218950 -0.12555081 -0.18280158
v 0.12151119 -0.10497083 -0.18150306
v 0.17101164 -0.10306484 -0.17347164
v 0.17207177 -0.12362698 -0.17473380
v 0.19675581 -0.10173284 -0.16787976
v 0.19805077 -0.12228036 -0.16910980
v 0.19779470 -0.13150360 -0.16559026
v 0.17194518 -0.13283611 -0.17114034
v 0.14682801 -0.13390422 -0.17560634
v 0.12218713 -0.13474583 -0.17910974
v 0.20126089 -0.08366394 0.49237531
v 0.20246069 -0.10485070 0.49303307
v 0.23623407 -0.10275831 0.48955057
v 0.23476988 -0.08158956 0.48885780
v 0.16851110 -0.08515685 0.49502605
v 0.16945790 -0.10635839 0.49564966
v 0.26978180 -0.07876210 0.48416123
v 0.27151175 -0.09991011 0.48488441
v 0.16974897 -0.11659740 0.49505562
v 0.20283808 -0.11508682 0.49245755
v 0.23668623 -0.11299443 0.48899663
v 0.27201268 -0.11015066 0.48435494
v 0.24977241 -0.09821449 -0.15030260
v 0.25162505 -0.11871953 -0.15141880
v 0.22485388 -0.12063758 -0.16193053
v 0.22329130 -0.10010926 -0.16074602
v 0.27513155 -0.09608115 -0.13445233
v 0.27728256 -0.11655951 -0.13546726
v 0.29830161 -0.09374186 -0.11109808
v 0.30074522 -0.11418998 -0.11196755
v 0.29965009 -0.12352129 -0.10914043
v 0.27639677 -0.12585819 -0.13237184
v 0.25096627 -0.12798881 -0.14813136
v 0.22441396 -0.12988121 -0.15850767
v 0.34160663 -0.07143007 0.46643828
v 0.34391702 -0.09247257 0.46726732
v 0.37481418 -0.08920569 0.44892212
v 0.37199402 -0.06839836 0.44783650
v 0.30632980 -0.07516847 0.47753029
v 0.30832805 -0.09628624 0.47828371
v 0.30884206 -0.10653613 0.47778381
v 0.34442067 -0.10273282 0.46681312
v 0.37530032 -0.09947189 0.44854303
v 0.38389587 -0.07821139 0.13245425
v 0.38768813 -0.09845883 0.13264116
v 0.37793917 -0.10102700 0.08964591
v 0.37431886 -0.08074778 0.08957284
v 0.39228174 -0.07566055 0.17702109
v 0.39621877 -0.09587741 0.17734530
v 0.36330043 -0.08331985 0.04665779
v 0.36672516 -0.10363220 0.04659832
v 0.39458738 -0.10542044 0.17809651
v 0.38607475 -0.10797416 0.13361548
v 0.37634821 -0.11051649 0.09080510
v 0.36517226 -0.11309451 0.04798180
v 0.33574950 -0.08861845 -0.04007000
v 0.33872309 -0.10900013 -0.04052692
v 0.32117669 -0.11165020 -0.07964138
v 0.31845832 -0.09123453 -0.07896527
v 0.35056649 -0.08595853 0.00275075
v 0.35377542 -0.10630538 0.00250861
v 0.35228607 -0.11573744 0.00421052
v 0.33732822 -0.11839923 -0.03844319
v 0.31991181 -0.12101531 -0.07716514
v -0.34275254 0.44661711 -0.20037296
v -0.34625272 0.46039674 -0.20184022
v -0.36789044 0.46098721 -0.19008790
v -0.36235905 0.44796423 -0.19010116
v -0.35029765 0.47420865 -0.20297307
v -0.37427653 0.47436107 -0.18962980
v -0.38577703 0.45943091 -0.17904398
v -0.37812555 0.44783424 -0.18077189
v -0.39455031 0.47182570 -0.17682228
v -0.31851794 0.43006015 -0.20788494
v -0.31992215 0.44454613 -0.21086006
v -0.34009075 0.43286314 -0.19838507
v -0.32175558 0.45872473 -0.21348311
v -0.32387499 0.47269823 -0.21587133
v -0.32785298 0.48586173 -0.22108599
v -0.29831144 0.48409151 -0.23366292
v -0.30276232 0.48182597 -0.24275396
v -0.33299729 0.48373961 -0.22991280
v -0.40591419 0.48394623 -0.17713935
v -0.38308550 0.48724556 -0.19175685
v -0.38912784 0.48519106 -0.20012845
v -0.41216247 0.48182461 -0.18537076
v -0.26708516 0.48234457 -0.24451500
v -0.23287882 0.48064860 -0.25386925
v -0.23583763 0.47813498 -0.26337845
v -0.27077615 0.47993307 -0.25384070
v -0.42331803 0.47589612 -0.16413014
v -0.42963836 0.47373134 -0.17230565
v -0.40985174 0.46524216 -0.16552688
v -0.39897434 0.45442033 -0.16949212
v -0.38916063 0.44476465 -0.17309815
v -0.37276798 0.43703806 -0.18126942
v -0.38205052 0.43778588 -0.17571543
v -0.35827809 0.43528568 -0.18929302
v -0.37813540 0.39146207 -0.16575389
v -0.38578960 0.38654290 -0.15962608
v -0.36790540 0.37140935 -0.16622066
v -0.36237061 0.37978537 -0.17193557
v -0.39456595 0.38194607 -0.15287773
v -0.37429522 0.36344489 -0.16007739
v -0.34626920 0.35673646 -0.17421792
v -0.34276512 0.36802609 -0.17943089
v -0.35031804 0.34580740 -0.16875807
v -0.38205630 0.40399670 -0.16671428
v -0.38916794 0.40306265 -0.16198949
v -0.37277478 0.39759464 -0.17076108
v -0.39898351 0.40201849 -0.15553323
v -0.40986312 0.40101512 -0.14841836
v -0.41913733 0.42017525 -0.14768295
v -0.42840050 0.42209568 -0.14236361
v -0.41814891 0.40030163 -0.14301288
v -0.35654525 0.33422722 -0.16598566
v -0.38312560 0.35486310 -0.15647272
v -0.38922554 0.35247964 -0.16472554
v -0.36227375 0.33174231 -0.17442217
v -0.10284890 0.47618107 -0.27441949
v -0.05213811 0.47527676 -0.27803996
v -0.05276069 0.47265592 -0.28787355
v -0.10404394 0.47357094 -0.28421314
v -0.32389555 0.32934917 -0.17766984
v -0.32563927 0.31911083 -0.17384461
v -0.29664402 0.30223952 -0.18209217
v -0.29589162 0.31434595 -0.18579149
v -0.32177190 0.34279422 -0.18258850
v -0.31993456 0.35651540 -0.18740045
v -0.34009925 0.37988885 -0.18426901
v -0.31852626 0.37065083 -0.19205285
v -0.35828591 0.38903851 -0.17697113
v -0.39488709 0.43725964 -0.16749523
v -0.40675292 0.44505725 -0.16210266
v -0.40926484 0.43231719 -0.15712962
v -0.39656590 0.42672939 -0.16363465
v -0.41913139 0.45371176 -0.15661562
v -0.42221627 0.43821034 -0.15054660
v -0.40675784 0.41758567 -0.15478524
v -0.39489100 0.41495413 -0.16155382
v -0.38324217 0.43095460 -0.17314624
v -0.43391931 0.46205532 -0.15377167
v -0.44025018 0.45988103 -0.16193801
v -0.43392611 0.42207920 -0.14312333
v -0.43745415 0.44355550 -0.14662095
v -0.44378518 0.44138104 -0.15478762
v -0.44025731 0.41990457 -0.15129034
v -0.26708193 0.28296062 -0.19138405
v -0.29831790 0.29810079 -0.18410113
v -0.30272256 0.29556644 -0.19314034
v -0.27070546 0.28042542 -0.20069734
v -0.42333333 0.39930862 -0.14372705
v -0.42966096 0.39712294 -0.15189389
v -0.38324556 0.41151734 -0.16796845
v -0.38379508 0.42138592 -0.17025047
v -0.23179796 0.43774476 -0.23909899
v -0.23182532 0.45298230 -0.24314205
v -0.26530831 0.45488642 -0.23421550
v -0.26508028 0.43998753 -0.23038925
v -0.23185726 0.46743175 -0.24697238
v -0.26557185 0.46917121 -0.23785569
v -0.29497966 0.45681772 -0.22432448
v -0.29420721 0.44228025 -0.22093782
v -0.29587276 0.47093702 -0.22752407
v -0.19361687 0.41869882 -0.24243944
v -0.19361602 0.43562960 -0.24695182
v -0.23177723 0.42132509 -0.23473664
v -0.19361517 0.45115719 -0.25109021
v -0.19361432 0.46574954 -0.25497950
v -0.15014822 0.47508645 -0.26480068
v -0.19361364 0.47661726 -0.25787578
v -0.15014873 0.46417728 -0.26189302
v -0.41836573 0.47376771 -0.16243791
v -0.42854204 0.46044278 -0.15248453
v -0.29361572 0.42711612 -0.21726993
v -0.26490611 0.42416768 -0.22628366
v -0.29421859 0.34560520 -0.19517308
v -0.29499478 0.32986062 -0.19048976
v -0.26532088 0.31809539 -0.19775875
v -0.26508996 0.33551555 -0.20254589
v -0.26558766 0.30089597 -0.19300797
v -0.23183534 0.30762750 -0.20440226
v -0.23180544 0.32643386 -0.20943273
v -0.23186967 0.28905325 -0.19943093
v -0.29362336 0.36169437 -0.19983449
v -0.32787711 0.31519997 -0.17560498
v -0.33302312 0.31267224 -0.18432610
v -0.23287372 0.26974359 -0.19766529
v -0.23577153 0.26719463 -0.20717807
v -0.10284720 0.24186914 -0.21197269
v -0.15072696 0.24902853 -0.20803090
v -0.15243941 0.24643471 -0.21776304
v -0.10402304 0.23925935 -0.22176515
v -0.19438134 0.25841999 -0.20317052
v -0.19664976 0.25584808 -0.21281532
v -0.19362315 0.27887184 -0.20517285
v -0.19362231 0.29858727 -0.21042727
v -0.19362146 0.31854738 -0.21574694
v -0.23178216 0.34558804 -0.21455139
v -0.19362061 0.33887418 -0.22116449
v -0.26491257 0.35326738 -0.20738775
v -0.05193080 0.46194249 -0.27097284
v -0.10245061 0.46285428 -0.26736902
v -0.10245095 0.44808946 -0.26343385
v -0.05193097 0.44714080 -0.26702799
v -0.15014941 0.44948008 -0.25797586
v -0.10245129 0.43218907 -0.25919605
v -0.05193114 0.43115307 -0.26276691
v -0.15014992 0.43373143 -0.25377851
v 0.00000001 0.47254547 -0.27518718
v 0.00000001 0.46160266 -0.27227068
v 0.05193066 0.46194249 -0.27097284
v 0.05193049 0.47288361 -0.27388900
v -0.15072883 0.47748334 -0.26891596
v -0.15247000 0.47489003 -0.27864709
v -0.35650634 0.48735838 -0.20680000
v -0.36218658 0.48531595 -0.21537720
v -0.19438439 0.47901788 -0.26196014
v -0.19669564 0.47645091 -0.27160120
v -0.15015060 0.41640541 -0.24916095
v -0.10245180 0.41458557 -0.25450441
v -0.05193131 0.41338611 -0.25803160
v 0.00000001 0.43077415 -0.26405439
v 0.00000001 0.41295367 -0.25930480
v 0.00000001 0.44679009 -0.26832294
v -0.15015365 0.31204711 -0.22134715
v -0.15015416 0.29112525 -0.21577107
v -0.10245401 0.28547696 -0.22009417
v -0.10245367 0.30714153 -0.22586837
v -0.15015467 0.27044842 -0.21026024
v -0.10245435 0.26404942 -0.21438334
v -0.05193233 0.28189964 -0.22298790
v -0.05193216 0.30404271 -0.22888937
v -0.05193250 0.25998359 -0.21714674
v -0.15015297 0.33333718 -0.22702145
v -0.05213692 0.23730595 -0.21461783
v -0.05274880 0.23468596 -0.22444869
v 0.40594259 0.37669963 -0.14856092
v 0.38312562 0.35486310 -0.15647272
v 0.38922539 0.35247964 -0.16472571
v 0.41222299 0.37444650 -0.15673949
v 0.00000001 0.23570395 -0.21558467
v 0.00000001 0.23308005 -0.22542964
v 0.00000001 0.25855966 -0.21815572
v 0.00000001 0.28065022 -0.22404327
v 0.00000001 0.30296253 -0.22998994
v -0.05193199 0.32652612 -0.23488176
v 0.00000001 0.32560788 -0.23602548
v -0.10245333 0.32916192 -0.23173705
v -0.15015111 0.39717205 -0.24403481
v -0.15015178 0.37648383 -0.23852092
v -0.10245248 0.37367047 -0.24359948
v -0.10245214 0.39492027 -0.24926307
v -0.15015246 0.35498952 -0.23279225
v -0.10245282 0.35152231 -0.23769664
v -0.05193165 0.37187459 -0.24696796
v -0.05193148 0.39346321 -0.25272178
v -0.05193182 0.34932678 -0.24095842
v -0.19361789 0.40007376 -0.23747541
v -0.19361874 0.38016803 -0.23217018
v -0.19361976 0.35957157 -0.22668076
v 0.00000001 0.34856010 -0.24214259
v 0.00000001 0.37124334 -0.24818816
v 0.00000001 0.39294547 -0.25397222
v -0.29325940 0.37816994 -0.20445324
v -0.26480382 0.37137316 -0.21228075
v -0.26476643 0.38950341 -0.21713519
v -0.29313688 0.39478145 -0.20895628
v -0.23176755 0.36510160 -0.21976061
v -0.23176194 0.38456894 -0.22495166
v -0.26480042 0.40724080 -0.22183992
v -0.29325566 0.41120485 -0.21325745
v -0.23176500 0.40348014 -0.22998909
v -0.31766596 0.38527598 -0.19649047
v -0.31766171 0.41522124 -0.20447057
v -0.31737795 0.40021293 -0.20065112
v -0.37075325 0.40612953 -0.17430645
v -0.35609446 0.39952832 -0.18114436
v -0.35547595 0.41095762 -0.18457775
v -0.37041902 0.41617347 -0.17719169
v -0.33850948 0.39247190 -0.18862150
v -0.33799225 0.40563030 -0.19245199
v -0.35609038 0.42292744 -0.18737887
v -0.37074968 0.42660364 -0.17976104
v -0.33850524 0.41915386 -0.19573144
v 0.34275257 0.44661711 -0.20037313
v 0.36235890 0.44796423 -0.19010133
v 0.36789030 0.46098721 -0.19008790
v 0.34625257 0.46039674 -0.20184039
v 0.37812557 0.44783424 -0.18077206
v 0.38577688 0.45943091 -0.17904398
v 0.37427655 0.47436107 -0.18962980
v 0.35029767 0.47420865 -0.20297307
v 0.39455033 0.47182570 -0.17682228
v 0.31851779 0.43006015 -0.20788494
v 0.34009078 0.43286314 -0.19838507
v 0.31992217 0.44454613 -0.21086006
v 0.35827812 0.43528568 -0.18929319
v 0.37276784 0.43703806 -0.18126942
v 0.38205037 0.43778588 -0.17571560
v 0.38916049 0.44476465 -0.17309832
v 0.39897436 0.45442033 -0.16949212
v 0.40985176 0.46524216 -0.16552705
v 0.42331805 0.47589612 -0.16413014
v 0.43391917 0.46205532 -0.15377167
v 0.44025020 0.45988103 -0.16193818
v 0.42963838 0.47373134 -0.17230565
v 0.23287884 0.48064860 -0.25386925
v 0.26708518 0.48234457 -0.24451517
v 0.27077617 0.47993307 -0.25384070
v 0.23583765 0.47813498 -0.26337862
v 0.38308535 0.48724573 -0.19175702
v 0.40591421 0.48394623 -0.17713935
v 0.41216250 0.48182461 -0.18537076
v 0.38912786 0.48519106 -0.20012845
v 0.29831129 0.48409151 -0.23366309
v 0.32785300 0.48586173 -0.22108599
v 0.33299731 0.48373961 -0.22991280
v 0.30276234 0.48182597 -0.24275396
v 0.32175544 0.45872473 -0.21348311
v 0.32387501 0.47269823 -0.21587133
v 0.37813542 0.39146207 -0.16575389
v 0.36237046 0.37978537 -0.17193557
v 0.36790542 0.37140935 -0.16622083
v 0.38578962 0.38654290 -0.15962608
v 0.34276497 0.36802609 -0.17943106
v 0.34626905 0.35673646 -0.17421809
v 0.37429524 0.36344489 -0.16007739
v 0.39456597 0.38194607 -0.15287773
v 0.35031806 0.34580740 -0.16875807
v 0.38205632 0.40399670 -0.16671428
v 0.37277480 0.39759464 -0.17076125
v 0.38916796 0.40306265 -0.16198949
v 0.35828593 0.38903851 -0.17697113
v 0.34009910 0.37988885 -0.18426901
v 0.31852628 0.37065083 -0.19205285
v 0.31993458 0.35651540 -0.18740062
v 0.32177192 0.34279422 -0.18258850
v 0.32389540 0.32934917 -0.17767001
v 0.29589147 0.31434595 -0.18579149
v 0.29664404 0.30223952 -0.18209234
v 0.32563929 0.31911083 -0.17384461
v 0.05213813 0.47527676 -0.27803996
v 0.10284875 0.47618107 -0.27441949
v 0.10404379 0.47357094 -0.28421314
v 0.05276054 0.47265592 -0.28787355
v 0.38312562 0.35486310 -0.15647272
v 0.35654528 0.33422722 -0.16598566
v 0.36227377 0.33174231 -0.17442217
v 0.38922539 0.35247964 -0.16472571
v 0.41913735 0.42017525 -0.14768278
v 0.40986297 0.40101512 -0.14841836
v 0.41814893 0.40030163 -0.14301305
v 0.42840052 0.42209568 -0.14236378
v 0.39898353 0.40201849 -0.15553323
v 0.39488711 0.43725964 -0.16749523
v 0.39656592 0.42672922 -0.16363482
v 0.40926469 0.43231719 -0.15712962
v 0.40675294 0.44505725 -0.16210266
v 0.39489102 0.41495413 -0.16155382
v 0.40675786 0.41758567 -0.15478524
v 0.42221630 0.43821034 -0.15054677
v 0.41913141 0.45371176 -0.15661562
v 0.38324219 0.43095460 -0.17314624
v 0.38379494 0.42138592 -0.17025047
v 0.38324559 0.41151734 -0.16796845
v 0.43392613 0.42207920 -0.14312333
v 0.42333335 0.39930862 -0.14372705
v 0.42966098 0.39712294 -0.15189389
v 0.44025717 0.41990457 -0.15129034
v 0.29831792 0.29810079 -0.18410130
v 0.26708178 0.28296062 -0.19138405
v 0.27070531 0.28042542 -0.20069734
v 0.30272258 0.29556644 -0.19314034
v 0.43745400 0.44355550 -0.14662112
v 0.44378504 0.44138104 -0.15478779
v 0.41836575 0.47376771 -0.16243808
v 0.40156563 0.48152131 -0.17498851
v 0.23179781 0.43774476 -0.23909899
v 0.26508030 0.43998753 -0.23038925
v 0.26530816 0.45488642 -0.23421550
v 0.23182534 0.45298230 -0.24314205
v 0.29420723 0.44228025 -0.22093782
v 0.29497951 0.45681772 -0.22432465
v 0.26557187 0.46917121 -0.23785586
v 0.23185729 0.46743175 -0.24697221
v 0.29587278 0.47093702 -0.22752407
v 0.19361689 0.41869882 -0.24243944
v 0.23177708 0.42132509 -0.23473681
v 0.19361604 0.43562960 -0.24695182
v 0.26490613 0.42416768 -0.22628383
v 0.29361574 0.42711612 -0.21726993
v 0.35359020 0.48476201 -0.20371154
v 0.32560496 0.48330444 -0.21760790
v 0.32787696 0.31519997 -0.17560515
v 0.33302297 0.31267224 -0.18432627
v 0.19361502 0.45115719 -0.25109021
v 0.19361417 0.46574954 -0.25497950
v 0.29421861 0.34560520 -0.19517325
v 0.26508998 0.33551555 -0.20254606
v 0.26532090 0.31809539 -0.19775875
v 0.29499464 0.32986062 -0.19048976
v 0.23180546 0.32643386 -0.20943273
v 0.23183537 0.30762750 -0.20440243
v 0.26558768 0.30089597 -0.19300797
v 0.23186969 0.28905325 -0.19943110
v 0.29362338 0.36169437 -0.19983466
v 0.26491259 0.35326738 -0.20738775
v 0.23178218 0.34558804 -0.21455139
v 0.19362063 0.33887418 -0.22116466
v 0.19362148 0.31854738 -0.21574711
v 0.19362233 0.29858727 -0.21042727
v 0.19362318 0.27887184 -0.20517285
v 0.19438119 0.25841999 -0.20317069
v 0.15072698 0.24902853 -0.20803107
v 0.15243926 0.24643471 -0.21776304
v 0.19664961 0.25584808 -0.21281549
v 0.10284705 0.24186914 -0.21197269
v 0.10402289 0.23925935 -0.22176515
v 0.23287374 0.26974359 -0.19766546
v 0.23577155 0.26719463 -0.20717807
v 0.05193083 0.44714080 -0.26702799
v 0.10245097 0.44808946 -0.26343385
v 0.10245046 0.46285428 -0.26736902
v 0.05193100 0.43115307 -0.26276691
v 0.10245131 0.43218907 -0.25919605
v 0.15014926 0.44948008 -0.25797603
v 0.15014858 0.46417728 -0.26189302
v 0.15014994 0.43373143 -0.25377868
v 0.00000001 0.47493794 -0.27934359
v 0.00000001 0.47231319 -0.28919178
v 0.05193117 0.41338611 -0.25803160
v 0.10245165 0.41458557 -0.25450441
v 0.15015045 0.41640541 -0.24916078
v 0.19438442 0.47901788 -0.26196031
v 0.19669566 0.47645091 -0.27160120
v 0.35650619 0.48735838 -0.20680000
v 0.36218661 0.48531595 -0.21537720
v 0.15072885 0.47748351 -0.26891596
v 0.15247002 0.47489003 -0.27864726
v 0.15015368 0.31204711 -0.22134732
v 0.10245352 0.30714153 -0.22586837
v 0.10245386 0.28547696 -0.22009417
v 0.15015419 0.29112525 -0.21577107
v 0.05193219 0.30404271 -0.22888937
v 0.05193235 0.28189964 -0.22298790
v 0.10245420 0.26404942 -0.21438334
v 0.15015469 0.27044842 -0.21026024
v 0.05193252 0.25998359 -0.21714674
v 0.15015300 0.33333718 -0.22702162
v 0.10245318 0.32916192 -0.23173705
v 0.05193202 0.32652612 -0.23488176
v 0.05213694 0.23730595 -0.21461783
v 0.05274865 0.23468596 -0.22444869
v -0.15305129 0.47076404 -0.28102409
v -0.15305299 0.45985367 -0.27811592
v -0.19746945 0.46146978 -0.27105253
v -0.19746741 0.47233936 -0.27394966
v 0.19362386 0.26265778 -0.20085129
v 0.23189943 0.27398598 -0.19539721
v 0.15015113 0.39717205 -0.24403481
v 0.10245199 0.39492027 -0.24926307
v 0.10245250 0.37367047 -0.24359948
v 0.15015181 0.37648383 -0.23852092
v 0.05193151 0.39346321 -0.25272178
v 0.05193168 0.37187459 -0.24696796
v 0.10245284 0.35152231 -0.23769664
v 0.15015232 0.35498952 -0.23279225
v 0.05193185 0.34932678 -0.24095842
v 0.19361774 0.40007376 -0.23747558
v 0.19361961 0.35957157 -0.22668093
v 0.19361876 0.38016803 -0.23217018
v 0.29325942 0.37816994 -0.20445341
v 0.29313673 0.39478145 -0.20895645
v 0.26476629 0.38950341 -0.21713536
v 0.26480367 0.37137316 -0.21228075
v 0.29325551 0.41120485 -0.21325745
v 0.26480044 0.40724080 -0.22184009
v 0.23176179 0.38456894 -0.22495183
v 0.23176757 0.36510160 -0.21976061
v 0.23176502 0.40348014 -0.22998909
v 0.31766598 0.38527598 -0.19649064
v 0.31737797 0.40021293 -0.20065112
v 0.31766173 0.41522124 -0.20447074
v 0.37075327 0.40612953 -0.17430662
v 0.37041904 0.41617347 -0.17719169
v 0.35547580 0.41095762 -0.18457775
v 0.35609431 0.39952832 -0.18114436
v 0.37074970 0.42660364 -0.17976121
v 0.35609040 0.42292744 -0.18737887
v 0.33799227 0.40563030 -0.19245216
v 0.33850933 0.39247190 -0.18862150
v 0.33850509 0.41915386 -0.19573144
v -0.35184868 0.44312951 -0.21484331
v -0.37216341 0.44452591 -0.20420278
v -0.37779556 0.45758185 -0.20414008
v -0.35548428 0.45696912 -0.21625500
v -0.38426389 0.47095163 -0.20363389
v -0.35965529 0.47079921 -0.21732601
v -0.38841928 0.44432965 -0.19457106
v -0.39612139 0.45592547 -0.19281188
v -0.40492662 0.46830904 -0.19056775
v -0.32658419 0.42631104 -0.22277923
v -0.34906845 0.42926594 -0.21288839
v -0.32810922 0.44089388 -0.22572496
v -0.33008402 0.45513807 -0.22829992
v -0.33234531 0.46914487 -0.23063088
v -0.30322348 0.46714679 -0.24270587
v -0.33415614 0.47976638 -0.23233313
v -0.30400817 0.47781842 -0.24506758
v -0.41196724 0.47798664 -0.18871376
v -0.38949181 0.48125453 -0.20309015
v -0.23678442 0.46323949 -0.26282910
v -0.27169473 0.46514446 -0.25341437
v -0.27193517 0.47588185 -0.25613156
v -0.23681552 0.47404756 -0.26569123
v -0.19747897 0.27458579 -0.22124401
v -0.15305894 0.26612465 -0.22648331
v -0.15301884 0.24892692 -0.22190551
v -0.19741933 0.25836085 -0.21693128
v -0.40949950 0.45081956 -0.18312358
v -0.42038131 0.46163783 -0.17915460
v -0.39967764 0.44116796 -0.18673573
v -0.38300751 0.43347774 -0.19508676
v -0.39254101 0.43418206 -0.18936778
v -0.36799409 0.43175034 -0.20342047
v -0.38849251 0.38763888 -0.17942919
v -0.37229068 0.37576201 -0.18581493
v -0.37794288 0.36738498 -0.18003121
v -0.39620142 0.38273738 -0.17327249
v -0.38441580 0.35945076 -0.17384733
v -0.40500614 0.37816349 -0.16651292
v -0.35198852 0.36387036 -0.19365706
v -0.35565284 0.35256460 -0.18835404
v -0.35983728 0.34165610 -0.18282656
v -0.39255393 0.40033255 -0.18034624
v -0.38305084 0.39381104 -0.18449704
v -0.39969989 0.39940088 -0.17560039
v -0.40952175 0.39836352 -0.16914209
v -0.42040391 0.39736525 -0.16202671
v -0.42968764 0.41655154 -0.16129231
v -0.42868766 0.39665804 -0.15662428
v -0.43894723 0.41847112 -0.15597536
v -0.36311655 0.33354890 -0.17860457
v -0.38949079 0.35369065 -0.16912000
v -0.05296833 0.46851515 -0.29028318
v -0.05296867 0.45757318 -0.28736685
v -0.10444359 0.45850298 -0.28369591
v -0.10444274 0.46943595 -0.28660969
v -0.33250419 0.32513040 -0.19218743
v -0.30332764 0.31011682 -0.20082308
v -0.30400749 0.29800631 -0.19715163
v -0.33422428 0.31488952 -0.18837273
v -0.33022472 0.33856747 -0.19717779
v -0.32822153 0.35231040 -0.20207318
v -0.34916344 0.37580313 -0.19859815
v -0.32665997 0.36650344 -0.20681121
v -0.36807803 0.38508261 -0.19094328
v -0.40543757 0.43363577 -0.18110459
v -0.40711637 0.42310568 -0.17724419
v -0.41981514 0.42869349 -0.17073916
v -0.41730339 0.44143371 -0.17571203
v -0.43276675 0.43458681 -0.16415614
v -0.42968186 0.45008806 -0.17022498
v -0.40544131 0.41133043 -0.17516319
v -0.41730815 0.41396197 -0.16839478
v -0.39375016 0.42732512 -0.18678076
v -0.42889547 0.47015845 -0.17606444
v -0.44242039 0.43905008 -0.15926823
v -0.27174622 0.29666786 -0.20850174
v -0.27188165 0.28294957 -0.20473225
v 0.00000001 0.46817039 -0.29160634
v 0.00000001 0.45722672 -0.28868950
v -0.39375441 0.40788616 -0.18160195
v -0.39430665 0.41775593 -0.18388261
v -0.23667856 0.43353959 -0.25496421
v -0.27107028 0.43591796 -0.24597869
v -0.27136118 0.45084199 -0.24979186
v -0.23672784 0.44878460 -0.25900371
v -0.30132769 0.43840898 -0.23618810
v -0.30221178 0.45299623 -0.23954486
v -0.19746368 0.41441667 -0.25851349
v -0.23664118 0.41711143 -0.25060373
v -0.19746504 0.43134831 -0.26302553
v -0.19746708 0.44687675 -0.26716375
v -0.43908946 0.45681687 -0.16609526
v -0.30064512 0.42318011 -0.23253788
v -0.27084650 0.42006786 -0.24188074
v -0.30139582 0.34139408 -0.21031156
v -0.27110206 0.33129831 -0.21808929
v -0.27140349 0.31386899 -0.21327733
v -0.30230031 0.32563167 -0.20557318
v -0.23669114 0.32218944 -0.22528606
v -0.23674466 0.30338053 -0.22024913
v -0.23680532 0.28480526 -0.21527100
v -0.30069015 0.35752013 -0.21502530
v -0.41182552 0.37489050 -0.16134924
v -0.23675112 0.26972711 -0.21125512
v -0.10444716 0.25969795 -0.23071023
v -0.10442048 0.24173575 -0.22592564
v 0.05297039 0.25561427 -0.23354075
v 0.05295561 0.23715234 -0.22862090
v 0.00000001 0.23554287 -0.22960626
v 0.00000001 0.25418372 -0.23457454
v -0.19747455 0.29430139 -0.22649928
v -0.19747064 0.31426167 -0.23181963
v -0.23664934 0.34134804 -0.23041066
v -0.19746758 0.33458915 -0.23723786
v -0.27086706 0.34906663 -0.22295340
v -0.05296884 0.44277149 -0.28342183
v -0.10444393 0.44373799 -0.27976057
v -0.15305367 0.44515648 -0.27419893
v -0.05296901 0.42678376 -0.27916075
v -0.10444427 0.42783777 -0.27552278
v -0.15305418 0.42940783 -0.27000141
v 0.05296835 0.46851515 -0.29028318
v 0.05296869 0.45757318 -0.28736685
v -0.36303159 0.48135648 -0.21802064
v -0.15305486 0.41208164 -0.26538385
v -0.10444478 0.41023410 -0.27083113
v -0.05296918 0.40901680 -0.27442560
v 0.00000001 0.42639838 -0.28047304
v 0.00000001 0.40857756 -0.27572362
v 0.00000001 0.44241415 -0.28474176
v -0.15305792 0.30772367 -0.23757022
v -0.10444665 0.30279023 -0.24219509
v -0.10444699 0.28112566 -0.23642106
v -0.15305843 0.28680148 -0.23199414
v -0.05297020 0.29967340 -0.24528338
v -0.05297037 0.27753033 -0.23938173
v -0.05297037 0.25561427 -0.23354075
v -0.15305724 0.32901358 -0.24324452
v -0.05295576 0.23715234 -0.22862090
v 0.40500599 0.37816332 -0.16651292
v 0.41182555 0.37489050 -0.16134924
v 0.38949081 0.35369065 -0.16912000
v 0.38441582 0.35945076 -0.17384733
v 0.15305131 0.47076404 -0.28102409
v 0.19746727 0.47233936 -0.27394966
v 0.19746948 0.46146978 -0.27105253
v 0.15305301 0.45985367 -0.27811592
v 0.00000001 0.27627411 -0.24046208
v 0.00000001 0.29858659 -0.24640876
v -0.05297003 0.32215681 -0.25127559
v 0.00000001 0.32123211 -0.25244430
v -0.10444614 0.32481062 -0.24806411
v -0.15305554 0.39284828 -0.26025771
v -0.10444512 0.39056880 -0.26558996
v -0.10444546 0.36931900 -0.25992654
v -0.15305605 0.37216023 -0.25474399
v -0.10444580 0.34717084 -0.25402336
v -0.15305673 0.35066574 -0.24901515
v -0.05296935 0.38909390 -0.26911562
v -0.05296969 0.36750528 -0.26336197
v -0.05296986 0.34495747 -0.25735243
v -0.19746317 0.39579060 -0.25354946
v -0.19746368 0.37588419 -0.24824406
v -0.19746504 0.35528688 -0.24275447
v 0.00000001 0.34418416 -0.25856140
v 0.00000001 0.36686740 -0.26460697
v 0.00000001 0.38856953 -0.27039103
v -0.30024972 0.37404600 -0.21968636
v -0.30009526 0.39071443 -0.22421658
v -0.27066757 0.38534735 -0.23272938
v -0.27072008 0.36719365 -0.22786391
v -0.23661246 0.38034033 -0.24081806
v -0.23662266 0.36086704 -0.23562430
v -0.30022814 0.40720070 -0.22852897
v -0.27071005 0.40311108 -0.23743853
v -0.23661858 0.39925849 -0.24585652
v -0.32568922 0.38121303 -0.21132122
v -0.32565235 0.41136203 -0.21937014
v -0.32535227 0.39624769 -0.21552979
v -0.38100280 0.40242409 -0.18807962
v -0.38067247 0.41250508 -0.19097233
v -0.36516086 0.40720665 -0.19866663
v -0.36580621 0.39568202 -0.19519245
v -0.34689212 0.40177381 -0.20692761
v -0.34745915 0.38849613 -0.20303968
v -0.38098869 0.42296991 -0.19355970
v -0.36577104 0.41927196 -0.20149528
v -0.34741463 0.41542328 -0.21023526
v 0.35184853 0.44312951 -0.21484331
v 0.35548430 0.45696912 -0.21625500
v 0.37779559 0.45758185 -0.20414025
v 0.37216343 0.44452591 -0.20420278
v 0.39612141 0.45592547 -0.19281188
v 0.38841913 0.44432965 -0.19457106
v 0.35965514 0.47079921 -0.21732601
v 0.38426391 0.47095163 -0.20363389
v 0.40492664 0.46830904 -0.19056792
v 0.32658404 0.42631104 -0.22277940
v 0.32810907 0.44089388 -0.22572496
v 0.34906848 0.42926594 -0.21288839
v 0.36799412 0.43175034 -0.20342047
v 0.38300736 0.43347757 -0.19508676
v 0.39967766 0.44116796 -0.18673590
v 0.39254087 0.43418206 -0.18936778
v 0.40949952 0.45081956 -0.18312358
v 0.42038116 0.46163783 -0.17915477
v 0.19747882 0.27458579 -0.22124401
v 0.19741935 0.25836085 -0.21693145
v 0.15301886 0.24892692 -0.22190551
v 0.15305879 0.26612465 -0.22648331
v 0.23678444 0.46323949 -0.26282910
v 0.23681554 0.47404756 -0.26569140
v 0.27193519 0.47588185 -0.25613156
v 0.27169476 0.46514446 -0.25341454
v 0.38949183 0.48125453 -0.20309032
v 0.41196709 0.47798664 -0.18871393
v 0.30322350 0.46714679 -0.24270604
v 0.30400819 0.47781842 -0.24506758
v 0.33415617 0.47976638 -0.23233313
v 0.33234533 0.46914487 -0.23063088
v 0.33008404 0.45513807 -0.22830009
v 0.38849253 0.38763888 -0.17942919
v 0.39620161 0.38273738 -0.17327266
v 0.37794291 0.36738498 -0.18003121
v 0.37229070 0.37576184 -0.18581493
v 0.35565269 0.35256477 -0.18835404
v 0.35198837 0.36387036 -0.19365723
v 0.35983713 0.34165610 -0.18282656
v 0.39255395 0.40033255 -0.18034624
v 0.39969992 0.39940088 -0.17560039
v 0.38305086 0.39381087 -0.18449704
v 0.36807806 0.38508261 -0.19094345
v 0.34916329 0.37580313 -0.19859815
v 0.32822155 0.35231040 -0.20207318
v 0.32665999 0.36650344 -0.20681121
v 0.33022474 0.33856747 -0.19717779
v 0.33250404 0.32513040 -0.19218743
v 0.33422430 0.31488952 -0.18837273
v 0.30400751 0.29800631 -0.19715146
v 0.30332766 0.31011682 -0.20082308
v 0.10444277 0.46943578 -0.28660969
v 0.10444345 0.45850298 -0.28369591
v 0.36311657 0.33354890 -0.17860457
v 0.42968766 0.41655154 -0.16129248
v 0.43894709 0.41847112 -0.15597536
v 0.42868768 0.39665804 -0.15662445
v 0.42040393 0.39736525 -0.16202688
v 0.40952178 0.39836352 -0.16914209
v 0.40543759 0.43363577 -0.18110476
v 0.41730341 0.44143371 -0.17571220
v 0.41981516 0.42869349 -0.17073916
v 0.40711639 0.42310568 -0.17724436
v 0.41730817 0.41396214 -0.16839495
v 0.40544133 0.41133043 -0.17516336
v 0.42968188 0.45008806 -0.17022515
v 0.43276660 0.43458681 -0.16415631
v 0.39375001 0.42732512 -0.18678093
v 0.39430667 0.41775593 -0.18388261
v 0.39375443 0.40788616 -0.18160212
v 0.36303162 0.48135648 -0.21802081
v 0.27188167 0.28294957 -0.20473225
v 0.27174607 0.29666786 -0.20850174
v 0.44242024 0.43905008 -0.15926840
v 0.42889532 0.47015845 -0.17606444
v 0.23667858 0.43353942 -0.25496421
v 0.23672769 0.44878460 -0.25900371
v 0.27136120 0.45084199 -0.24979203
v 0.27107030 0.43591796 -0.24597869
v 0.30221163 0.45299623 -0.23954486
v 0.30132771 0.43840898 -0.23618810
v 0.19746370 0.41441667 -0.25851349
v 0.19746489 0.43134831 -0.26302570
v 0.23664103 0.41711143 -0.25060373
v 0.27084635 0.42006786 -0.24188074
v 0.30064514 0.42318011 -0.23253788
v 0.43908931 0.45681687 -0.16609543
v 0.19746693 0.44687675 -0.26716392
v 0.30139584 0.34139408 -0.21031156
v 0.30230033 0.32563167 -0.20557318
v 0.27140351 0.31386899 -0.21327733
v 0.27110208 0.33129831 -0.21808929
v 0.23674468 0.30338053 -0.22024913
v 0.23669116 0.32218944 -0.22528606
v 0.23680534 0.28480526 -0.21527100
v 0.30069000 0.35752013 -0.21502530
v 0.27086691 0.34906663 -0.22295357
v 0.23664936 0.34134804 -0.23041066
v 0.19747066 0.31426167 -0.23181963
v 0.19746744 0.33458915 -0.23723786
v 0.19747457 0.29430139 -0.22649928
v 0.10442034 0.24173575 -0.22592564
v 0.10444718 0.25969795 -0.23071023
v 0.23675114 0.26972711 -0.21125529
v 0.10444396 0.44373799 -0.27976057
v 0.05296886 0.44277149 -0.28342183
v 0.10444429 0.42783777 -0.27552278
v 0.05296903 0.42678376 -0.27916075
v 0.15305369 0.44515648 -0.27419893
v 0.15305420 0.42940783 -0.27000158
v 0.05296920 0.40901680 -0.27442560
v 0.10444463 0.41023410 -0.27083113
v 0.15305488 0.41208164 -0.26538385
v 0.15305777 0.30772367 -0.23757022
v 0.15305828 0.28680148 -0.23199414
v 0.10444684 0.28112566 -0.23642106
v 0.10444650 0.30279023 -0.24219509
v 0.05297022 0.27753033 -0.23938173
v 0.05297005 0.29967340 -0.24528338
v 0.15305726 0.32901358 -0.24324452
v 0.10444616 0.32481062 -0.24806411
v 0.05296988 0.32215681 -0.25127559
v 0.15305539 0.39284828 -0.26025771
v 0.15305607 0.37216023 -0.25474399
v 0.10444548 0.36931900 -0.25992654
v 0.10444497 0.39056880 -0.26558996
v 0.05296954 0.36750528 -0.26336197
v 0.05296937 0.38909390 -0.26911562
v 0.15305658 0.35066574 -0.24901532
v 0.10444582 0.34717084 -0.25402336
v 0.05296971 0.34495747 -0.25735243
v 0.19746319 0.39579060 -0.25354963
v 0.19746506 0.35528688 -0.24275447
v 0.19746370 0.37588419 -0.24824423
v 0.30024974 0.37404600 -0.21968636
v 0.27071993 0.36719365 -0.22786408
v 0.27066759 0.38534735 -0.23272938
v 0.30009511 0.39071443 -0.22421658
v 0.27071007 0.40311108 -0.23743853
v 0.30022799 0.40720070 -0.22852897
v 0.23662268 0.36086704 -0.23562430
v 0.23661231 0.38034033 -0.24081823
v 0.23661860 0.39925849 -0.24585669
v 0.32568924 0.38121303 -0.21132139
v 0.32535229 0.39624769 -0.21552979
v 0.32565237 0.41136203 -0.21937014
v 0.38100282 0.40242409 -0.18807962
v 0.36580623 0.39568202 -0.19519262
v 0.36516071 0.40720665 -0.19866680
v 0.38067249 0.41250508 -0.19097233
v 0.36577106 0.41927196 -0.20149545
v 0.38098871 0.42296991 -0.19355970
v 0.34745917 0.38849613 -0.20303985
v 0.34689198 0.40177381 -0.20692778
v 0.34741448 0.41542328 -0.21023526
v -0.40137088 0.37865099 -0.14771693
v -0.37933809 0.35766830 -0.15536467
v -0.35357591 0.33769697 -0.16454695
v -0.05193063 0.47288361 -0.27388900
v -0.10245027 0.47378623 -0.27028246
v -0.23188360 0.47823642 -0.24983485
v -0.32560494 0.48330444 -0.21760773
v -0.35359018 0.48476201 -0.20371154
v -0.37944327 0.48467892 -0.18912548
v -0.40156561 0.48152131 -0.17498851
v -0.19362383 0.26265778 -0.20085129
v -0.15015518 0.25325936 -0.20567904
v -0.26578799 0.47990095 -0.24057848
v -0.29660341 0.48159471 -0.22990362
v -0.43187348 0.44267515 -0.14565700
v -0.40594257 0.37669963 -0.14856092
v -0.41222314 0.37444650 -0.15673949
v -0.26581603 0.28718533 -0.18921095
v -0.23189957 0.27398598 -0.19539721
v 0.00000001 0.23992458 -0.21318898
v 0.05193252 0.24152777 -0.21222791
v -0.10245469 0.24609436 -0.20959790
v -0.05193267 0.24152777 -0.21222791
v 0.40137090 0.37865099 -0.14771693
v 0.37933795 0.35766830 -0.15536467
v 0.35357576 0.33769697 -0.16454695
v 0.10245029 0.47378623 -0.27028246
v 0.15014824 0.47508645 -0.26480068
v 0.19361349 0.47661726 -0.25787595
v 0.29660326 0.48159471 -0.22990362
v 0.37944313 0.48467892 -0.18912548
v 0.15015520 0.25325936 -0.20567904
v 0.23188362 0.47823642 -0.24983485
v 0.26578801 0.47990095 -0.24057865
v 0.42854189 0.46044278 -0.15248453
v 0.43187333 0.44267515 -0.14565717
v 0.26581605 0.28718533 -0.18921095
v -0.38312560 0.35486310 -0.15647272
v -0.38922554 0.35247964 -0.16472554
v 0.10245454 0.24609436 -0.20959790
v -0.40373701 0.37758202 -0.14718508
v -0.42094154 0.39990113 -0.14239080
v -0.42094154 0.39990113 -0.14239080
v -0.40373701 0.37758202 -0.14718508
v -0.38117475 0.35601345 -0.15500954
v -0.38117475 0.35601345 -0.15500954
v -0.35488514 0.33558640 -0.16440014
v -0.38117475 0.35601345 -0.15500954
v -0.35488514 0.33558640 -0.16440014
v -0.32651112 0.31669441 -0.17388539
v -0.32651112 0.31669441 -0.17388539
v -0.05199147 0.47493794 -0.27546551
v 0.00000001 0.47459980 -0.27676540
v 0.00000001 0.47459980 -0.27676540
v -0.05199147 0.47493794 -0.27546551
v -0.10256700 0.47584022 -0.27185472
v -0.10256700 0.47584022 -0.27185472
v -0.15031831 0.47713976 -0.26636598
v -0.15031831 0.47713976 -0.26636598
v -0.19383929 0.47866955 -0.25943173
v -0.19383929 0.47866955 -0.25943173
v -0.35486781 0.48687989 -0.20471101
v -0.32648394 0.48540584 -0.21884798
v -0.32648394 0.48540584 -0.21884798
v -0.35486781 0.48687989 -0.20471101
v -0.38118444 0.48677760 -0.18983047
v -0.38118444 0.48677760 -0.18983047
v -0.40377796 0.48352874 -0.17537304
v -0.40377796 0.48352874 -0.17537304
v -0.42099506 0.47557174 -0.16250588
v -0.42099506 0.47557174 -0.16250588
v -0.23217841 0.48028956 -0.25137313
v -0.23217841 0.48028956 -0.25137313
v -0.26619512 0.48196208 -0.24207292
v -0.26619512 0.48196208 -0.24207292
v -0.29719592 0.48367334 -0.23130546
v -0.29719592 0.48367334 -0.23130546
v -0.43147043 0.46188302 -0.15226738
v -0.43147043 0.46188302 -0.15226738
v -0.43494580 0.44359781 -0.14521130
v -0.43494580 0.44359781 -0.14521130
v -0.43143390 0.42238403 -0.14177365
v -0.43143390 0.42238403 -0.14177365
v -0.29721903 0.29966320 -0.18226379
v -0.29721903 0.29966320 -0.18226379
v -0.26621007 0.28454869 -0.18945988
v -0.26621007 0.28454869 -0.18945988
v -0.23218759 0.27133863 -0.19568539
v -0.23218759 0.27133863 -0.19568539
v -0.19384575 0.26001689 -0.20115765
v -0.19384575 0.26001689 -0.20115765
v -0.15032272 0.25062629 -0.20599645
v -0.15032272 0.25062629 -0.20599645
v -0.10256955 0.24346757 -0.20992329
v -0.10256955 0.24346757 -0.20992329
v -0.05199249 0.23890489 -0.21255840
v -0.05199249 0.23890489 -0.21255840
v 0.00000001 0.23730306 -0.21352151
v 0.00000001 0.23730306 -0.21352151
v 0.40373703 0.37758202 -0.14718525
v 0.42094156 0.39990113 -0.14239097
v 0.42094156 0.39990113 -0.14239097
v 0.40373703 0.37758202 -0.14718525
v 0.38117461 0.35601345 -0.15500954
v 0.38117461 0.35601345 -0.15500954
v 0.35488516 0.33558640 -0.16440014
v 0.38117461 0.35601345 -0.15500954
v 0.35488516 0.33558640 -0.16440014
v 0.32651114 0.31669441 -0.17388539
v 0.32651114 0.31669441 -0.17388539
v 0.05199132 0.47493794 -0.27546551
v 0.05199132 0.47493794 -0.27546551
v 0.10256685 0.47584022 -0.27185472
v 0.10256685 0.47584022 -0.27185472
v 0.15031816 0.47713976 -0.26636615
v 0.15031816 0.47713976 -0.26636615
v 0.19383914 0.47866955 -0.25943173
v 0.19383914 0.47866955 -0.25943173
v 0.35486783 0.48687989 -0.20471118
v 0.32648396 0.48540584 -0.21884798
v 0.32648396 0.48540584 -0.21884798
v 0.35486783 0.48687989 -0.20471118
v 0.38118446 0.48677760 -0.18983047
v 0.38118446 0.48677760 -0.18983047
v 0.40377799 0.48352874 -0.17537304
v 0.40377799 0.48352874 -0.17537304
v 0.42099508 0.47557174 -0.16250588
v 0.42099508 0.47557174 -0.16250588
v 0.23217826 0.48028956 -0.25137330
v 0.23217826 0.48028956 -0.25137330
v 0.26619497 0.48196208 -0.24207309
v 0.26619497 0.48196208 -0.24207309
v 0.29719594 0.48367334 -0.23130563
v 0.29719594 0.48367334 -0.23130563
v 0.43147029 0.46188302 -0.15226738
v 0.43147029 0.46188302 -0.15226738
v 0.43494565 0.44359781 -0.14521147
v 0.43494565 0.44359781 -0.14521147
v 0.43143375 0.42238403 -0.14177365
v 0.43143375 0.42238403 -0.14177365
v 0.29721905 0.29966320 -0.18226379
v 0.29721905 0.29966320 -0.18226379
v 0.26621009 0.28454869 -0.18945988
v 0.26621009 0.28454869 -0.18945988
v 0.23218761 0.27133863 -0.19568556
v 0.23218761 0.27133863 -0.19568556
v 0.19384577 0.26001689 -0.20115765
v 0.19384577 0.26001689 -0.20115765
v 0.15032275 0.25062629 -0.20599645
v 0.15032275 0.25062629 -0.20599645
v 0.10256957 0.24346757 -0.20992329
v 0.10256957 0.24346757 -0.20992329
v 0.05199251 0.23890489 -0.21255840
v 0.05199251 0.23890489 -0.21255840
v -0.41297333 0.37426553 -0.15921828
v -0.43024905 0.39668506 -0.15440649
v -0.43024905 0.39668506 -0.15440649
v -0.41297333 0.37426553 -0.15921828
v -0.39014481 0.35250546 -0.16715131
v -0.39014481 0.35250546 -0.16715131
v -0.36331111 0.33192872 -0.17681141
v -0.39014481 0.35250546 -0.16715131
v -0.36331111 0.33192872 -0.17681141
v -0.33408529 0.31297266 -0.18671551
v -0.33408529 0.31297266 -0.18671551
v -0.05290750 0.47108094 -0.28993790
v 0.00000001 0.47073719 -0.29125970
v 0.00000001 0.47073719 -0.29125970
v -0.05290750 0.47108094 -0.28993790
v -0.10432584 0.47199918 -0.28626815
v -0.10432584 0.47199918 -0.28626815
v -0.15288086 0.47332320 -0.28068782
v -0.15288086 0.47332320 -0.28068782
v -0.19724108 0.47489189 -0.27362121
v -0.19724108 0.47489189 -0.27362121
v -0.36321834 0.48387435 -0.21733569
v -0.33404740 0.48228272 -0.23184104
v -0.33404740 0.48228272 -0.23184104
v -0.36321834 0.48387435 -0.21733569
v -0.39006868 0.48375439 -0.20215168
v -0.39006868 0.48375439 -0.20215168
v -0.41296789 0.48040765 -0.18748626
v -0.41296789 0.48040765 -0.18748626
v -0.43029323 0.47238609 -0.17453516
v -0.43029323 0.47238609 -0.17453516
v -0.23653311 0.47659058 -0.26537025
v -0.23653311 0.47659058 -0.26537025
v -0.27162592 0.47841314 -0.25580072
v -0.27162592 0.47841314 -0.25580072
v -0.30374224 0.48033901 -0.24468798
v -0.30374224 0.48033901 -0.24468798
v -0.44078406 0.45868327 -0.16428307
v -0.44078406 0.45868327 -0.16428307
v -0.44425926 0.44039822 -0.15722733
v -0.44425926 0.44039822 -0.15722733
v -0.44074736 0.41918462 -0.15378969
v -0.44074736 0.41918462 -0.15378969
v -0.30370758 0.29593092 -0.19556407
v -0.30370758 0.29593092 -0.19556407
v -0.27155098 0.28081419 -0.20316678
v -0.27155098 0.28081419 -0.20316678
v -0.23645920 0.26758392 -0.20968778
v -0.23645920 0.26758392 -0.20968778
v -0.19718892 0.25622819 -0.21535460
v -0.19718892 0.25622819 -0.21535460
v -0.15284586 0.24680615 -0.22032203
v -0.15284586 0.24680615 -0.22032203
v -0.10430188 0.23962382 -0.22433757
v -0.10430188 0.23962382 -0.22433757
v -0.05289391 0.23504602 -0.22703011
v -0.05289391 0.23504602 -0.22703011
v 0.00000001 0.23343858 -0.22801446
v 0.00000001 0.23343858 -0.22801446
v 0.41297318 0.37426553 -0.15921828
v 0.43024907 0.39668506 -0.15440649
v 0.43024907 0.39668506 -0.15440649
v 0.41297318 0.37426553 -0.15921828
v 0.39014483 0.35250563 -0.16715148
v 0.39014483 0.35250563 -0.16715148
v 0.36331113 0.33192872 -0.17681141
v 0.39014483 0.35250563 -0.16715148
v 0.36331113 0.33192872 -0.17681141
v 0.33408531 0.31297266 -0.18671551
v 0.33408531 0.31297266 -0.18671551
v 0.05290735 0.47108094 -0.28993790
v 0.05290735 0.47108094 -0.28993790
v 0.10432569 0.47199918 -0.28626815
v 0.10432569 0.47199918 -0.28626815
v 0.15288088 0.47332320 -0.28068782
v 0.15288088 0.47332320 -0.28068782
v 0.19724110 0.47489189 -0.27362121
v 0.19724110 0.47489189 -0.27362121
v 0.36321836 0.48387435 -0.21733586
v 0.33404742 0.48228272 -0.23184104
v 0.33404742 0.48228272 -0.23184104
v 0.36321836 0.48387435 -0.21733586
v 0.39006854 0.48375439 -0.20215185
v 0.39006854 0.48375439 -0.20215185
v 0.41296791 0.48040765 -0.18748626
v 0.41296791 0.48040765 -0.18748626
v 0.43029325 0.47238609 -0.17453516
v 0.43029325 0.47238609 -0.17453516
v 0.23653296 0.47659058 -0.26537025
v 0.23653296 0.47659058 -0.26537025
v 0.27162577 0.47841314 -0.25580072
v 0.27162577 0.47841314 -0.25580072
v 0.30374226 0.48033901 -0.24468798
v 0.30374226 0.48033901 -0.24468798
v 0.44078392 0.45868327 -0.16428307
v 0.44078392 0.45868327 -0.16428307
v 0.44425911 0.44039822 -0.15722750
v 0.44425911 0.44039822 -0.15722750
v 0.44074738 0.41918462 -0.15378986
v 0.44074738 0.41918462 -0.15378986
v 0.30370743 0.29593092 -0.19556424
v 0.30370743 0.29593092 -0.19556424
v 0.27155083 0.28081419 -0.20316678
v 0.27155083 0.28081419 -0.20316678
v 0.23645922 0.26758392 -0.20968778
v 0.23645922 0.26758392 -0.20968778
v 0.19718877 0.25622819 -0.21535460
v 0.19718877 0.25622819 -0.21535460
v 0.15284588 0.24680615 -0.22032203
v 0.15284588 0.24680615 -0.22032203
v 0.10430190 0.23962382 -0.22433757
v 0.10430190 0.23962382 -0.22433757
v 0.05289393 0.23504602 -0.22703011
v 0.05289393 0.23504602 -0.22703011
vt 0.42664850 0.28432720
vt 0.42818090 0.28416890
vt 0.42676390 0.28296330
vt 0.40692180 0.28459780
vt 0.40617260 0.28348960
vt 0.40556420 0.28462360
vt 0.36476170 0.28477720
vt 0.36504270 0.28325310
vt 0.36367820 0.28367600
vt 0.38436560 0.28483730
vt 0.38575300 0.28481700
vt 0.38497910 0.28344800
vt 0.41274570 0.99478840
vt 0.41141250 0.99452230
vt 0.41169420 0.99592120
vt 0.39616780 0.99617300
vt 0.39638780 0.99477390
vt 0.39508790 0.99510190
vt 0.02713150 0.19255200
vt 0.02577630 0.19269380
vt 0.02698250 0.19408670
vt 0.02740370 0.17277550
vt 0.02742730 0.17140570
vt 0.02628500 0.17199980
vt 0.02763360 0.13067560
vt 0.02652530 0.12958970
vt 0.02610660 0.13095590
vt 0.02769910 0.15024050
vt 0.02632340 0.15083440
vt 0.02768210 0.15161730
vt 0.73756670 0.18137120
vt 0.73870050 0.18032070
vt 0.73730180 0.18003770
vt 0.73896720 0.16479430
vt 0.73789710 0.16371340
vt 0.73756780 0.16501300
vt 0.42465280 0.03994380
vt 0.42470500 0.04138580
vt 0.42593540 0.04023210
vt 0.40404210 0.03908790
vt 0.40234440 0.03920310
vt 0.40362480 0.04042430
vt 0.42548010 0.01946770
vt 0.42678210 0.01928100
vt 0.42564490 0.01803540
vt 0.40488540 0.01868440
vt 0.40455900 0.01733050
vt 0.40324850 0.01850530
vt 0.47033650 0.77194340
vt 0.46905020 0.77221310
vt 0.47026320 0.77338310
vt 0.49097010 0.77135380
vt 0.49136890 0.77269510
vt 0.49267320 0.77148710
vt 0.46976430 0.75147720
vt 0.46962000 0.75004330
vt 0.46846650 0.75127210
vt 0.49032810 0.75095430
vt 0.49195980 0.75079360
vt 0.49067270 0.74960600
vt 0.89746700 0.41464240
vt 0.93100300 0.41464240
vt 0.93100300 0.37862560
vt 0.89746700 0.37862560
vt 0.93382820 0.41464240
vt 0.93382820 0.49940450
vt 0.94398700 0.49940450
vt 0.94398700 0.41464240
vt 0.98034820 0.14312010
vt 0.94681230 0.14312010
vt 0.94681230 0.22788220
vt 0.98034820 0.22788220
vt 0.89746700 0.49940450
vt 0.93100300 0.49940450
vt 0.93382820 0.22788220
vt 0.93382820 0.26389790
vt 0.94398700 0.26389790
vt 0.94398700 0.22788220
vt 0.98034820 0.37862560
vt 0.94681230 0.37862560
vt 0.94681230 0.41464240
vt 0.98034820 0.41464240
vt 0.93100300 0.26389790
vt 0.89746700 0.26389790
vt 0.99333500 0.22788220
vt 0.99333500 0.14312010
vt 0.98317620 0.14312010
vt 0.98317620 0.22788220
vt 0.94681230 0.49940450
vt 0.98034820 0.49940450
vt 0.93100300 0.22788220
vt 0.89746700 0.22788220
vt 0.99333500 0.26389790
vt 0.98317620 0.26389790
vt 0.93382820 0.14312010
vt 0.94398700 0.14312010
vt 0.93100300 0.14312010
vt 0.89746700 0.14312010
vt 0.93382820 0.37862560
vt 0.94398700 0.37862560
vt 0.99333500 0.41464240
vt 0.99333500 0.37862560
vt 0.98317620 0.37862560
vt 0.98317620 0.41464240
vt 0.98034820 0.26389790
vt 0.94681230 0.26389790
vt 0.99333500 0.49940450
vt 0.99474790 0.49940450
vt 0.99474790 0.41464240
vt 0.99616310 0.49940450
vt 0.99616310 0.41464240
vt 0.93241570 0.14312010
vt 0.93241570 0.22788220
vt 0.98176330 0.14312010
vt 0.98176330 0.22788220
vt 0.94539950 0.49940450
vt 0.94539950 0.41464240
vt 0.93241570 0.41464240
vt 0.93241570 0.49940450
vt 0.98317620 0.49940450
vt 0.98176330 0.41464240
vt 0.98176330 0.49940450
vt 0.99474790 0.22788220
vt 0.99474790 0.14312010
vt 0.99616310 0.22788220
vt 0.99616310 0.14312010
vt 0.94539950 0.22788220
vt 0.94539950 0.14312010
vt 0.93241570 0.37862560
vt 0.93241570 0.26389790
vt 0.94539950 0.26389790
vt 0.94539950 0.37862560
vt 0.99616310 0.37862560
vt 0.99616310 0.26389790
vt 0.99474790 0.26389790
vt 0.99474790 0.37862560
vt 0.98176330 0.37862560
vt 0.98176330 0.26389790
vt 0.91370000 0.77486040
vt 0.94723590 0.77486040
vt 0.94723590 0.73884370
vt 0.91370000 0.73884370
vt 0.95006110 0.77486040
vt 0.95006110 0.85962260
vt 0.96021990 0.85962260
vt 0.96021990 0.77486040
vt 0.99658110 0.50333800
vt 0.96304520 0.50333800
vt 0.96304520 0.58810020
vt 0.99658110 0.58810020
vt 0.91370000 0.85962260
vt 0.94723590 0.85962260
vt 0.95006110 0.58810020
vt 0.95006110 0.62411590
vt 0.96021990 0.62411590
vt 0.96021990 0.58810020
vt 0.99658110 0.73884370
vt 0.96304520 0.73884370
vt 0.96304520 0.77486040
vt 0.99658110 0.77486040
vt 0.94723590 0.62411590
vt 0.91370000 0.62411590
vt 0.91087190 0.58810020
vt 0.91087190 0.50333800
vt 0.90071310 0.50333800
vt 0.90071310 0.58810020
vt 0.96304520 0.85962260
vt 0.99658110 0.85962260
vt 0.94723590 0.58810020
vt 0.91370000 0.58810020
vt 0.91087190 0.62411590
vt 0.90071310 0.62411590
vt 0.95006110 0.50333800
vt 0.96021990 0.50333800
vt 0.94723590 0.50333800
vt 0.91370000 0.50333800
vt 0.95006110 0.73884370
vt 0.96021990 0.73884370
vt 0.91087190 0.77486040
vt 0.91087190 0.73884370
vt 0.90071310 0.73884370
vt 0.90071310 0.77486040
vt 0.99658110 0.62411590
vt 0.96304520 0.62411590
vt 0.91087190 0.85962260
vt 0.91228490 0.85962260
vt 0.91228490 0.77486040
vt 0.94864860 0.50333800
vt 0.94864860 0.58810020
vt 0.89930020 0.50333800
vt 0.89930020 0.58810020
vt 0.89788510 0.50333800
vt 0.89788510 0.58810020
vt 0.96163250 0.85962260
vt 0.96163250 0.77486040
vt 0.94864860 0.77486040
vt 0.94864860 0.85962260
vt 0.90071310 0.85962260
vt 0.89930020 0.77486040
vt 0.89930020 0.85962260
vt 0.89788510 0.77486040
vt 0.89788510 0.85962260
vt 0.91228490 0.58810020
vt 0.91228490 0.50333800
vt 0.96163250 0.58810020
vt 0.96163250 0.50333800
vt 0.94864860 0.73884370
vt 0.94864860 0.62411590
vt 0.96163250 0.62411590
vt 0.96163250 0.73884370
vt 0.91228490 0.62411590
vt 0.91228490 0.73884370
vt 0.89788510 0.62411590
vt 0.89788510 0.73884370
vt 0.89930020 0.73884370
vt 0.89930020 0.62411590
vt 0.09718260 0.56728610
vt 0.10598520 0.56728610
vt 0.10598520 0.26824030
vt 0.09718260 0.26824030
vt 0.02914450 0.56796830
vt 0.02914450 0.26892240
vt 0.02034180 0.26892240
vt 0.02034180 0.56796830
vt 0.11976630 0.26824030
vt 0.10898410 0.26824030
vt 0.10898410 0.56728610
vt 0.11976630 0.56728610
vt 0.08340340 0.56728610
vt 0.09418570 0.56728610
vt 0.09418570 0.26824030
vt 0.08340340 0.26824030
vt 0.05472520 0.56796830
vt 0.05472520 0.26892240
vt 0.04592250 0.26892240
vt 0.04592250 0.56796830
vt 0.03214140 0.26892240
vt 0.03214140 0.56796830
vt 0.04292360 0.56796830
vt 0.04292360 0.26892240
vt 0.06850430 0.56796830
vt 0.06850430 0.26892240
vt 0.05772200 0.26892240
vt 0.05772200 0.56796830
vt 0.12276320 0.56728610
vt 0.12276320 0.26824030
vt 0.12126580 0.26824030
vt 0.12126580 0.56728610
vt 0.10748360 0.56728610
vt 0.10748360 0.26824030
vt 0.13156580 0.26824030
vt 0.13156580 0.56728610
vt 0.13306420 0.56728610
vt 0.13306420 0.26824030
vt 0.13456470 0.56728610
vt 0.13456470 0.26824030
vt 0.09568510 0.26824030
vt 0.09568510 0.56728610
vt 0.03064190 0.26892240
vt 0.03064190 0.56796830
vt 0.04442410 0.56796830
vt 0.04442410 0.26892240
vt 0.01734290 0.26892240
vt 0.01734290 0.56796830
vt 0.01884340 0.56796830
vt 0.01884340 0.26892240
vt 0.05622260 0.26892240
vt 0.05622260 0.56796830
vt 0.33420780 0.47787460
vt 0.33419970 0.27591590
vt 0.32241790 0.27597230
vt 0.32264670 0.47748580
vt 0.32068630 0.47657970
vt 0.32038910 0.27598200
vt 0.29359580 0.27611040
vt 0.29412480 0.45453200
vt 0.27780830 0.45475490
vt 0.27739310 0.27618800
vt 0.25079510 0.27631540
vt 0.25098070 0.47722600
vt 0.30697580 0.55704530
vt 0.31022980 0.49834480
vt 0.29537730 0.49824940
vt 0.29254970 0.55694020
vt 0.32106070 0.55783020
vt 0.32442430 0.49988690
vt 0.31262960 0.49848160
vt 0.30932350 0.55710770
vt 0.31323760 0.48572360
vt 0.31654090 0.48065080
vt 0.29450230 0.46794960
vt 0.29507150 0.47897580
vt 0.27630790 0.55626110
vt 0.27880710 0.49783390
vt 0.26418670 0.49703190
vt 0.26186760 0.55505080
vt 0.29271750 0.47835460
vt 0.29219690 0.46704760
vt 0.28038200 0.46703360
vt 0.28074610 0.47821550
vt 0.31118230 0.49181520
vt 0.29543620 0.48919810
vt 0.29027800 0.55690610
vt 0.29305140 0.49822840
vt 0.28111260 0.49793580
vt 0.27858080 0.55641380
vt 0.27843450 0.47875730
vt 0.27809590 0.46791900
vt 0.25670810 0.48077110
vt 0.26114000 0.48538070
vt 0.29307200 0.48891430
vt 0.28104290 0.48869530
vt 0.32568760 0.49471250
vt 0.31375970 0.49230580
vt 0.32791660 0.48963630
vt 0.31585780 0.48662020
vt 0.33102380 0.48426850
vt 0.31901540 0.48171590
vt 0.27872400 0.48887880
vt 0.26356260 0.49105270
vt 0.29184100 0.45334590
vt 0.28008650 0.45350440
vt 0.25019740 0.27631830
vt 0.25038940 0.47769890
vt 0.33562950 0.47744960
vt 0.33562950 0.27590900
vt 0.33495070 0.27591230
vt 0.33495480 0.47776860
vt 0.27965760 0.27617710
vt 0.27890240 0.27618070
vt 0.27932620 0.45367720
vt 0.27814760 0.27618440
vt 0.27856700 0.45413400
vt 0.29284100 0.27611400
vt 0.29336280 0.45393240
vt 0.29208590 0.27611760
vt 0.29260130 0.45349700
vt 0.29133040 0.27612120
vt 0.30778160 0.55705510
vt 0.31105540 0.49837770
vt 0.30856450 0.55707360
vt 0.31185580 0.49842140
vt 0.26337480 0.49697950
vt 0.26105860 0.55498340
vt 0.32260940 0.55795600
vt 0.32597180 0.50004200
vt 0.32518630 0.49995900
vt 0.32182380 0.55788440
vt 0.26039540 0.48570600
vt 0.26275900 0.49120640
vt 0.32713470 0.49522890
vt 0.32923760 0.49041810
vt 0.32859500 0.48998750
vt 0.32640610 0.49495290
vt 0.25604280 0.48119840
vt 0.33229160 0.48514260
vt 0.33171180 0.48462620
vt 0.28034340 0.49791130
vt 0.27782270 0.55637570
vt 0.27957490 0.49787580
vt 0.27706520 0.55632260
vt 0.27997230 0.47828140
vt 0.28026850 0.48871050
vt 0.27920240 0.47848090
vt 0.27949570 0.48877910
vt 0.27961600 0.46715110
vt 0.27885470 0.46747550
vt 0.29460140 0.49824990
vt 0.29179210 0.55693930
vt 0.29382600 0.49824450
vt 0.29103470 0.55693020
vt 0.29428180 0.47867160
vt 0.29464640 0.48906490
vt 0.29349660 0.47844550
vt 0.29385820 0.48896280
vt 0.29372880 0.46749680
vt 0.29295950 0.46716690
vt 0.32126260 0.47703340
vt 0.32098710 0.27597920
vt 0.32191900 0.47736460
vt 0.32166630 0.27597590
vt 0.31413740 0.48599920
vt 0.31738830 0.48096480
vt 0.31501670 0.48629080
vt 0.31822090 0.48131410
vt 0.31206890 0.49196590
vt 0.31293050 0.49212630
vt 0.15467400 0.47823690
vt 0.16623570 0.47785280
vt 0.16646370 0.27639340
vt 0.15468200 0.27634730
vt 0.16819610 0.47694780
vt 0.19476050 0.45492510
vt 0.19528610 0.27650620
vt 0.16849270 0.27640130
vt 0.21107660 0.45515950
vt 0.23790360 0.47764610
vt 0.23808330 0.27667360
vt 0.21148850 0.27656950
vt 0.18163840 0.55739370
vt 0.19606680 0.55734190
vt 0.19346400 0.49864170
vt 0.17861320 0.49870250
vt 0.16754860 0.55811980
vt 0.17929010 0.55744680
vt 0.17621310 0.49883270
vt 0.16441500 0.50020000
vt 0.17563350 0.48608880
vt 0.19380390 0.47936750
vt 0.19438000 0.46834190
vt 0.17233730 0.48101780
vt 0.21231160 0.55672310
vt 0.22675730 0.55557140
vt 0.22466110 0.49750490
vt 0.21003610 0.49826590
vt 0.19615860 0.47875010
vt 0.20813130 0.47862980
vt 0.20850110 0.46744220
vt 0.19668590 0.46744280
vt 0.19342550 0.48958990
vt 0.17767720 0.49217710
vt 0.19833870 0.55731620
vt 0.21003820 0.55686710
vt 0.20773000 0.49836190
vt 0.19579000 0.49862620
vt 0.21044270 0.47917530
vt 0.22773610 0.48581960
vt 0.23217310 0.48119870
vt 0.21078700 0.46833030
vt 0.20782120 0.48911560
vt 0.19579010 0.48931060
vt 0.17509950 0.49266180
vt 0.16316950 0.49503900
vt 0.17301240 0.48698040
vt 0.16095120 0.48997490
vt 0.15785120 0.48461870
vt 0.16986220 0.48207970
vt 0.21014050 0.48930370
vt 0.22530350 0.49150710
vt 0.20879860 0.45390740
vt 0.19704430 0.45374070
vt 0.23849490 0.47811910
vt 0.23868100 0.27667600
vt 0.15325230 0.47781170
vt 0.15392700 0.47813070
vt 0.15393100 0.27634440
vt 0.15325230 0.27634170
vt 0.20955880 0.45408060
vt 0.20997920 0.27656360
vt 0.20922410 0.27656070
vt 0.21031800 0.45453800
vt 0.21073400 0.27656660
vt 0.19552250 0.45432610
vt 0.19604100 0.27650910
vt 0.19628390 0.45389130
vt 0.19679610 0.27651210
vt 0.19755160 0.27651500
vt 0.17778750 0.49873320
vt 0.18083240 0.55740030
vt 0.17698710 0.49877470
vt 0.18004930 0.55741570
vt 0.22756660 0.55550770
vt 0.22547320 0.49745590
vt 0.16599940 0.55823860
vt 0.16678520 0.55817060
vt 0.16365270 0.50026880
vt 0.16286690 0.50034840
vt 0.22610690 0.49166230
vt 0.22848080 0.48614480
vt 0.16172160 0.49555200
vt 0.16245070 0.49527760
vt 0.16027250 0.49032550
vt 0.15962960 0.49075540
vt 0.23283900 0.48162540
vt 0.15658290 0.48549200
vt 0.15716300 0.48497610
vt 0.21079640 0.55683200
vt 0.20849940 0.49833940
vt 0.21155410 0.55678180
vt 0.20926800 0.49830580
vt 0.20859580 0.48913230
vt 0.20890510 0.47869690
vt 0.20936880 0.48920250
vt 0.20967500 0.47889760
vt 0.20926710 0.46756060
vt 0.21002830 0.46788590
vt 0.19682450 0.55734380
vt 0.19423990 0.49864410
vt 0.19758190 0.55733750
vt 0.19501530 0.49864050
vt 0.19421550 0.48945830
vt 0.19459380 0.47906460
vt 0.19500380 0.48935770
vt 0.19537930 0.47883980
vt 0.19515380 0.46789000
vt 0.19592330 0.46756110
vt 0.16789460 0.27639900
vt 0.16761990 0.47740110
vt 0.16721530 0.27639630
vt 0.16696350 0.47773190
vt 0.17148980 0.48133080
vt 0.17473340 0.48636260
vt 0.17065680 0.48167890
vt 0.17385380 0.48665260
vt 0.17679050 0.49232580
vt 0.17592880 0.49248420
vt 0.40347030 0.28638450
vt 0.38779810 0.28660120
vt 0.38798500 0.54712550
vt 0.40394960 0.54690470
vt 0.39779960 0.97262200
vt 0.40939620 0.97245970
vt 0.40939970 0.96602260
vt 0.39764300 0.96619180
vt 0.44422620 0.54634790
vt 0.46014720 0.54612770
vt 0.44656610 0.28578860
vt 0.43063810 0.28600880
vt 0.44061340 0.58979210
vt 0.41008760 0.58980460
vt 0.41019340 0.60311560
vt 0.44091410 0.60269090
vt 0.38773820 0.57518480
vt 0.40401600 0.57442710
vt 0.40391610 0.55935160
vt 0.38773040 0.55996950
vt 0.35169890 0.57623020
vt 0.38175820 0.57538060
vt 0.38177720 0.56012370
vt 0.35234200 0.56088390
vt 0.43278140 0.97650240
vt 0.43236770 0.95885720
vt 0.42642820 0.97620960
vt 0.43021650 0.97688790
vt 0.36643030 0.26540870
vt 0.36705330 0.28107390
vt 0.38309420 0.28097490
vt 0.38281970 0.26480670
vt 0.36636780 0.28689750
vt 0.35344580 0.54760300
vt 0.38215580 0.54720600
vt 0.38215900 0.28667910
vt 0.41511960 0.95909570
vt 0.41605020 0.96461390
vt 0.41848550 0.96996620
vt 0.46058630 0.69602260
vt 0.44471880 0.69624200
vt 0.43821820 0.95877630
vt 0.44982470 0.95861580
vt 0.42154200 0.97341830
vt 0.38845190 0.66941110
vt 0.40492980 0.66902670
vt 0.40472620 0.65373480
vt 0.38815320 0.65410350
vt 0.46187810 0.57488110
vt 0.44597650 0.57469670
vt 0.44642620 0.58981960
vt 0.46228590 0.58991670
vt 0.46114160 0.55947430
vt 0.44525830 0.55945580
vt 0.41061560 0.64065430
vt 0.44176300 0.64022370
vt 0.38189040 0.60350690
vt 0.35125280 0.60393050
vt 0.35125560 0.64147510
vt 0.38201700 0.64104970
vt 0.46133320 0.68372240
vt 0.44563480 0.68275500
vt 0.35134130 0.59128950
vt 0.38183640 0.59062480
vt 0.43840910 0.54642830
vt 0.40977730 0.54682420
vt 0.40994230 0.55928180
vt 0.43946280 0.55938150
vt 0.40999180 0.57436480
vt 0.44015360 0.57460650
vt 0.46270570 0.60238960
vt 0.44679870 0.60260950
vt 0.44773020 0.64014120
vt 0.46376270 0.63991950
vt 0.40421330 0.60319830
vt 0.38787470 0.60342420
vt 0.38804630 0.64096640
vt 0.40455740 0.64073810
vt 0.38783980 0.59047110
vt 0.40414890 0.58987220
vt 0.46279540 0.66886290
vt 0.44685150 0.66749270
vt 0.46378090 0.65343380
vt 0.44765270 0.65258450
vt 0.35229450 0.66925450
vt 0.38242720 0.66936110
vt 0.38210030 0.65409920
vt 0.35149930 0.65420870
vt 0.40938250 0.95917490
vt 0.39749120 0.95933940
vt 0.35359930 0.68443290
vt 0.38291420 0.68445770
vt 0.38359070 0.69708720
vt 0.35556630 0.69747470
vt 0.37432750 0.95965960
vt 0.39176600 0.95941850
vt 0.41081900 0.65355510
vt 0.44167260 0.65265260
vt 0.41096460 0.66881150
vt 0.44102460 0.66753830
vt 0.41108590 0.68400480
vt 0.44005840 0.68286930
vt 0.41084810 0.69671030
vt 0.43894780 0.69632180
vt 0.40512760 0.69678940
vt 0.38933180 0.69700780
vt 0.38888130 0.68448350
vt 0.40512200 0.68416930
vt 0.43848850 0.97604320
vt 0.44978240 0.97597810
vt 0.39824400 0.99039480
vt 0.40941680 0.99020560
vt 0.40939130 0.98434670
vt 0.39810250 0.98451970
vt 0.40937660 0.97850610
vt 0.39795490 0.97867160
vt 0.38867880 0.97032890
vt 0.38096560 0.97681130
vt 0.38573990 0.97386030
vt 0.39826170 0.99283040
vt 0.40948300 0.99264470
vt 0.37462850 0.97738930
vt 0.37721270 0.97764290
vt 0.39095930 0.96493460
vt 0.42492630 0.28608780
vt 0.42682740 0.28606150
vt 0.42481200 0.28421130
vt 0.42872150 0.28603540
vt 0.43039590 0.28397980
vt 0.36233020 0.26578580
vt 0.36441070 0.26559850
vt 0.36414290 0.26380150
vt 0.36261480 0.26390330
vt 0.36607050 0.26353350
vt 0.42469420 0.28238750
vt 0.40919220 0.28630540
vt 0.40882130 0.28440700
vt 0.40729560 0.28633160
vt 0.40831530 0.28253940
vt 0.38471150 0.26481970
vt 0.38456380 0.26294030
vt 0.38270600 0.26290750
vt 0.40398550 0.28270570
vt 0.40365460 0.28449590
vt 0.40537870 0.28635810
vt 0.36656170 0.28495640
vt 0.36444860 0.28692400
vt 0.36683470 0.28299640
vt 0.36504940 0.28137050
vt 0.36297970 0.28176780
vt 0.44849000 0.28576200
vt 0.44865630 0.28398240
vt 0.44663950 0.28379730
vt 0.45040440 0.28573550
vt 0.45009100 0.28394600
vt 0.38404160 0.28665310
vt 0.38244010 0.28478160
vt 0.38591170 0.28662720
vt 0.38768700 0.28469910
vt 0.38751500 0.28290690
vt 0.38284780 0.28287760
vt 0.38497910 0.28125540
vt 0.43305290 0.97840690
vt 0.43493300 0.97810160
vt 0.43468860 0.97632840
vt 0.41326860 0.99287970
vt 0.41137910 0.99270000
vt 0.40959570 0.99460100
vt 0.40980060 0.99662710
vt 0.43658460 0.97616860
vt 0.43643110 0.97798600
vt 0.43840150 0.97801690
vt 0.44984050 0.97798320
vt 0.45178920 0.97791170
vt 0.45171090 0.97602010
vt 0.39811300 0.99682100
vt 0.39823840 0.99479540
vt 0.39634640 0.99286430
vt 0.39443550 0.99313350
vt 0.37268940 0.97725250
vt 0.37272320 0.97915300
vt 0.37460940 0.97933230
vt 0.45365000 0.97622640
vt 0.45317500 0.97808920
vt 0.35365020 0.69750120
vt 0.37238560 0.95968650
vt 0.45371770 0.95856200
vt 0.46442720 0.69596960
vt 0.46252030 0.69599590
vt 0.45177110 0.95858890
vt 0.44228120 0.54637480
vt 0.44332950 0.55947180
vt 0.44034310 0.54640160
vt 0.44139760 0.55942230
vt 0.40592680 0.55924570
vt 0.40589690 0.54687780
vt 0.40793710 0.55922440
vt 0.40784010 0.54685090
vt 0.44404140 0.57468790
vt 0.44209930 0.57463900
vt 0.40600780 0.57432620
vt 0.40799920 0.57430490
vt 0.44449710 0.58981210
vt 0.44255860 0.58978940
vt 0.40612780 0.58979300
vt 0.40810560 0.58976730
vt 0.44484660 0.60263650
vt 0.44288330 0.60266360
vt 0.40620220 0.60317080
vt 0.40819390 0.60314330
vt 0.46464770 0.60236280
vt 0.46422190 0.58995100
vt 0.46659250 0.60233580
vt 0.46616330 0.58992490
vt 0.34938820 0.59134630
vt 0.34929950 0.60395750
vt 0.38584000 0.59053210
vt 0.38588340 0.60345170
vt 0.38383710 0.59059540
vt 0.38388650 0.60347940
vt 0.46381870 0.57491150
vt 0.46575920 0.57484330
vt 0.34974580 0.57631390
vt 0.38574580 0.57524850
vt 0.38375120 0.57533000
vt 0.46307760 0.55945430
vt 0.46501350 0.55929240
vt 0.35038780 0.56097260
vt 0.38574700 0.56000890
vt 0.38376100 0.56007990
vt 0.46208980 0.54610090
vt 0.46402070 0.54607420
vt 0.35150670 0.54762980
vt 0.38603820 0.54715240
vt 0.38409560 0.54717920
vt 0.44574910 0.64016850
vt 0.44566970 0.65254370
vt 0.44375880 0.64019610
vt 0.44367450 0.65257280
vt 0.40675660 0.65370480
vt 0.40657330 0.64071020
vt 0.40878660 0.65363440
vt 0.40859180 0.64068230
vt 0.44491920 0.66740640
vt 0.44297530 0.66743670
vt 0.40694270 0.66901710
vt 0.40895380 0.66893070
vt 0.44378510 0.68267870
vt 0.44192580 0.68274030
vt 0.40711010 0.68419890
vt 0.40909920 0.68412610
vt 0.44278000 0.69626880
vt 0.44085480 0.69629550
vt 0.40704760 0.69676290
vt 0.40895350 0.69673660
vt 0.46322150 0.68404200
vt 0.46510080 0.68455120
vt 0.35165840 0.68445430
vt 0.38688970 0.68456540
vt 0.38740820 0.69703440
vt 0.38489910 0.68454000
vt 0.38549480 0.69706090
vt 0.46471200 0.66919840
vt 0.46661550 0.66967650
vt 0.35034840 0.66927310
vt 0.38644430 0.66946980
vt 0.38443510 0.66944130
vt 0.46572190 0.65364690
vt 0.46765590 0.65394330
vt 0.34954790 0.65424490
vt 0.38613770 0.65415330
vt 0.38411910 0.65414710
vt 0.46571370 0.63989260
vt 0.46766590 0.63986550
vt 0.34929950 0.64150210
vt 0.38604100 0.64099410
vt 0.38403000 0.64102190
vt 0.43626840 0.95880320
vt 0.43431650 0.95883020
vt 0.43037820 0.97883870
vt 0.41325560 0.98995970
vt 0.41133670 0.99012490
vt 0.37716360 0.97959710
vt 0.39433150 0.99026580
vt 0.39630480 0.99036710
vt 0.38198400 0.97852140
vt 0.39423250 0.98491530
vt 0.39616840 0.98463650
vt 0.42547850 0.97796110
vt 0.41327170 0.98462870
vt 0.41133000 0.98441170
vt 0.38691860 0.97547320
vt 0.39405970 0.97861550
vt 0.39601350 0.97867430
vt 0.42041870 0.97507020
vt 0.41326860 0.97833620
vt 0.41131480 0.97846210
vt 0.39037110 0.97132360
vt 0.39392140 0.97277730
vt 0.39585850 0.97268590
vt 0.41682440 0.97101400
vt 0.41327750 0.97251120
vt 0.41133810 0.97247700
vt 0.39279750 0.96559170
vt 0.39375050 0.96611910
vt 0.39569210 0.96619480
vt 0.41423680 0.96533090
vt 0.41328800 0.96583720
vt 0.41134910 0.96597320
vt 0.39366940 0.95939220
vt 0.39557440 0.95936580
vt 0.41321160 0.95912200
vt 0.41130170 0.95914840
vt 0.02921190 0.16934820
vt 0.28967270 0.17252960
vt 0.28990840 0.15658470
vt 0.02944340 0.15369030
vt 0.71541430 0.16640360
vt 0.70898410 0.16624080
vt 0.70880360 0.17799750
vt 0.71524080 0.17800020
vt 0.28907820 0.21274440
vt 0.02881000 0.19653730
vt 0.02857440 0.21246780
vt 0.28884300 0.22865130
vt 0.33255650 0.20926450
vt 0.34542210 0.20956530
vt 0.34587730 0.17877820
vt 0.33261050 0.17870440
vt 0.31801140 0.15636280
vt 0.30277900 0.15636220
vt 0.30215900 0.17252710
vt 0.31725900 0.17263130
vt 0.31890920 0.12030620
vt 0.30360840 0.12100500
vt 0.30294170 0.15042600
vt 0.31820850 0.15038580
vt 0.71926120 0.20138960
vt 0.71964920 0.19882500
vt 0.71897450 0.19503600
vt 0.70161610 0.20095880
vt 0.00825360 0.13237330
vt 0.00768100 0.14875530
vt 0.02384050 0.14898130
vt 0.02392780 0.13296650
vt 0.02975980 0.13228770
vt 0.02952670 0.14805840
vt 0.28999450 0.15076330
vt 0.29041810 0.12211260
vt 0.71273880 0.18708720
vt 0.70738860 0.18464660
vt 0.70187110 0.18371080
vt 0.43874940 0.22897300
vt 0.70135800 0.21841600
vt 0.70152960 0.20680940
vt 0.43898400 0.21309970
vt 0.71618800 0.19014700
vt 0.41220270 0.15674690
vt 0.39690490 0.15655120
vt 0.39654640 0.17314570
vt 0.41184310 0.17328390
vt 0.31745140 0.23048160
vt 0.33253500 0.23097780
vt 0.33256100 0.21509560
vt 0.31744750 0.21458860
vt 0.30208640 0.22964790
vt 0.30220660 0.21379870
vt 0.38295830 0.21028050
vt 0.38341940 0.17908930
vt 0.34629650 0.15041630
vt 0.38384240 0.15047820
vt 0.38429680 0.11973690
vt 0.34675010 0.11973480
vt 0.42644470 0.22975370
vt 0.42550520 0.21404490
vt 0.33397960 0.11987430
vt 0.33345690 0.15047340
vt 0.28916410 0.20693240
vt 0.30215050 0.20802150
vt 0.30208810 0.17853270
vt 0.28958680 0.17834510
vt 0.31738690 0.20876430
vt 0.31718890 0.17860300
vt 0.34509930 0.23139760
vt 0.38263290 0.23229050
vt 0.38287000 0.21625220
vt 0.34533490 0.21545980
vt 0.34596580 0.17278950
vt 0.38350910 0.17302370
vt 0.38375330 0.15650490
vt 0.34620780 0.15641940
vt 0.33329480 0.15646230
vt 0.33268950 0.17276050
vt 0.41157780 0.23124990
vt 0.41024520 0.21529530
vt 0.39614370 0.23226930
vt 0.39532930 0.21613500
vt 0.41195970 0.12054260
vt 0.39691130 0.11988870
vt 0.39693430 0.15050630
vt 0.41219620 0.15069350
vt 0.70213170 0.16608250
vt 0.70195590 0.17797370
vt 0.42719590 0.12183960
vt 0.42727700 0.15121070
vt 0.43988860 0.15191330
vt 0.70221630 0.16035740
vt 0.70247420 0.14291860
vt 0.44030330 0.12386610
vt 0.39540980 0.21015080
vt 0.39634090 0.17924500
vt 0.41030460 0.20946060
vt 0.41160080 0.17933840
vt 0.42563000 0.20845990
vt 0.42678650 0.17943810
vt 0.43906940 0.20732490
vt 0.43948530 0.17919790
vt 0.43956990 0.17347150
vt 0.43980370 0.15766000
vt 0.42728500 0.15718870
vt 0.42696740 0.17346130
vt 0.71872060 0.21839040
vt 0.71879650 0.20709640
vt 0.73318700 0.16686500
vt 0.72731190 0.16671790
vt 0.72712800 0.17800660
vt 0.73298700 0.17803780
vt 0.72146370 0.16656460
vt 0.72128740 0.17798630
vt 0.71312990 0.15728040
vt 0.71666410 0.15434480
vt 0.71961970 0.14957330
vt 0.73562250 0.16688510
vt 0.73542610 0.17810640
vt 0.72045490 0.14582100
vt 0.72020380 0.14323660
vt 0.70773330 0.15955590
vt 0.02889440 0.19082230
vt 0.02701400 0.19071410
vt 0.02886630 0.19272430
vt 0.02883830 0.19461950
vt 0.02678860 0.19627270
vt 0.00862120 0.12827280
vt 0.00673930 0.12856190
vt 0.00664110 0.13009010
vt 0.00843880 0.13035370
vt 0.00637760 0.13201800
vt 0.02519070 0.19061200
vt 0.02912730 0.17507300
vt 0.02915530 0.17317470
vt 0.02722330 0.17469540
vt 0.02535260 0.17418920
vt 0.00578170 0.14864630
vt 0.00581900 0.15050410
vt 0.00769870 0.15064720
vt 0.02550570 0.16970740
vt 0.02730900 0.16946000
vt 0.02918370 0.17125670
vt 0.02978820 0.13036920
vt 0.02781620 0.13247680
vt 0.02585330 0.13274780
vt 0.02422050 0.13096300
vt 0.02461280 0.12889280
vt 0.02658050 0.21252160
vt 0.02676430 0.21454900
vt 0.02854600 0.21439080
vt 0.02672750 0.21598600
vt 0.02851770 0.21630430
vt 0.02763670 0.14832750
vt 0.02949890 0.14993850
vt 0.02947130 0.15180610
vt 0.02756160 0.15351340
vt 0.02578380 0.15326340
vt 0.02412870 0.15086370
vt 0.02573830 0.14872910
vt 0.71908530 0.20329670
vt 0.72085830 0.20354280
vt 0.72116550 0.20166300
vt 0.73565750 0.18189220
vt 0.73547950 0.18000250
vt 0.73738230 0.17822090
vt 0.73940830 0.17842780
vt 0.72077030 0.20701120
vt 0.72074130 0.20504080
vt 0.71892380 0.20519260
vt 0.71876070 0.22031900
vt 0.72065230 0.22039910
vt 0.72072570 0.21845040
vt 0.73961340 0.16674020
vt 0.73758760 0.16686360
vt 0.73565830 0.16496970
vt 0.73592930 0.16305910
vt 0.72214680 0.14321930
vt 0.72196940 0.14133290
vt 0.72006880 0.14129730
vt 0.71896510 0.22225830
vt 0.72082840 0.22178510
vt 0.70250280 0.14097680
vt 0.44033160 0.12194970
vt 0.70130040 0.22230910
vt 0.70132920 0.22036240
vt 0.43872080 0.23090730
vt 0.43869260 0.23281410
vt 0.30222850 0.21187580
vt 0.28910690 0.21080160
vt 0.30218490 0.20995000
vt 0.28913550 0.20886500
vt 0.28964400 0.17447190
vt 0.30205090 0.17453090
vt 0.28961530 0.17641120
vt 0.30202910 0.17653400
vt 0.31745000 0.21265300
vt 0.31741070 0.21071040
vt 0.31715550 0.17462130
vt 0.31713170 0.17661140
vt 0.33256180 0.21316040
vt 0.33254670 0.21121560
vt 0.33260640 0.17474090
vt 0.33257700 0.17672040
vt 0.34536390 0.21350450
vt 0.34539290 0.21153800
vt 0.34593630 0.17478150
vt 0.34590690 0.17677610
vt 0.33253820 0.23291560
vt 0.34507060 0.23333980
vt 0.33247610 0.23485730
vt 0.34504190 0.23528430
vt 0.33399060 0.11792170
vt 0.34677900 0.11778030
vt 0.34623730 0.15442220
vt 0.33335970 0.15446700
vt 0.34626690 0.15241900
vt 0.33342590 0.15246910
vt 0.31743840 0.23242220
vt 0.31732150 0.23436160
vt 0.31894490 0.11835440
vt 0.31807400 0.15437140
vt 0.31815600 0.15237780
vt 0.30202780 0.23158160
vt 0.30182230 0.23351510
vt 0.30365260 0.11905470
vt 0.30281900 0.15438440
vt 0.30289280 0.15240420
vt 0.28881430 0.23059290
vt 0.28878580 0.23252250
vt 0.29044670 0.12017550
vt 0.28993720 0.15464030
vt 0.28996590 0.15270030
vt 0.39529250 0.21415080
vt 0.38289930 0.21426980
vt 0.39532570 0.21215430
vt 0.38292870 0.21227810
vt 0.38347920 0.17504170
vt 0.39650790 0.17517760
vt 0.38344930 0.17706270
vt 0.39642900 0.17720990
vt 0.41016370 0.21336080
vt 0.41019870 0.21141420
vt 0.41182490 0.17530360
vt 0.41172960 0.17732130
vt 0.42543270 0.21219270
vt 0.42549770 0.21033050
vt 0.42699170 0.17545400
vt 0.42691350 0.17744750
vt 0.43901270 0.21115980
vt 0.43904120 0.20923320
vt 0.43954150 0.17539350
vt 0.43951330 0.17730130
vt 0.42675940 0.23164290
vt 0.42726350 0.23352250
vt 0.42719900 0.11989430
vt 0.43983210 0.15573450
vt 0.42737060 0.15519450
vt 0.43986040 0.15381930
vt 0.42735120 0.15320040
vt 0.41190640 0.23316760
vt 0.41237720 0.23507190
vt 0.41194320 0.11859330
vt 0.41227670 0.15473030
vt 0.41226240 0.15271120
vt 0.39634950 0.23421100
vt 0.39663760 0.23614550
vt 0.39690670 0.11793630
vt 0.39696950 0.15453640
vt 0.39697450 0.15252050
vt 0.38260400 0.23424120
vt 0.38257520 0.23619290
vt 0.38432580 0.11778030
vt 0.38378290 0.15449960
vt 0.38381260 0.15248960
vt 0.70155840 0.20485960
vt 0.70158730 0.20290770
vt 0.72159990 0.19898870
vt 0.73290450 0.17995760
vt 0.73273740 0.18187640
vt 0.72240920 0.14577380
vt 0.73306170 0.16295230
vt 0.73316100 0.16492580
vt 0.72132890 0.15059330
vt 0.72771120 0.16284820
vt 0.72743060 0.16478390
vt 0.72072700 0.19408800
vt 0.72719120 0.17994550
vt 0.72740630 0.18188740
vt 0.71827600 0.15552500
vt 0.72141150 0.16266940
vt 0.72146840 0.16462320
vt 0.71784090 0.18902540
vt 0.72124150 0.17992450
vt 0.72111370 0.18187830
vt 0.71412300 0.15897370
vt 0.71557330 0.16252550
vt 0.71548000 0.16446250
vt 0.71378820 0.18542710
vt 0.71525630 0.17994210
vt 0.71528880 0.18188150
vt 0.70838870 0.16139470
vt 0.70891520 0.16234820
vt 0.70898900 0.16428990
vt 0.70810740 0.18283400
vt 0.70875250 0.17994680
vt 0.70861460 0.18188570
vt 0.70218820 0.16226070
vt 0.70216010 0.16416570
vt 0.70189930 0.18180270
vt 0.70192750 0.17989290
vt 0.00386900 0.06601540
vt 0.00379770 0.08266690
vt 0.40267830 0.08202870
vt 0.40266630 0.06553450
vt 0.40223010 0.05951170
vt 0.40047320 0.04301690
vt 0.00402910 0.02861090
vt 0.00389500 0.05993960
vt 0.40018150 0.03695140
vt 0.40080120 0.02037650
vt 0.00412600 0.00599790
vt 0.00405510 0.02255490
vt 0.40224760 0.08805050
vt 0.00377160 0.08874840
vt 0.00363730 0.12012050
vt 0.40050910 0.10454600
vt 0.42287080 0.03790330
vt 0.42277010 0.03990360
vt 0.42480880 0.03802030
vt 0.42258960 0.04191510
vt 0.40244300 0.06151400
vt 0.40436180 0.06173250
vt 0.40425860 0.05957430
vt 0.40260310 0.06352810
vt 0.40447080 0.06333700
vt 0.40462820 0.06547550
vt 0.42670700 0.03816780
vt 0.40636090 0.03722450
vt 0.40431680 0.03717080
vt 0.40612390 0.03921280
vt 0.40221520 0.03709850
vt 0.40017210 0.03897040
vt 0.40028570 0.04100000
vt 0.40227290 0.04086630
vt 0.40249740 0.04301670
vt 0.40576320 0.04120620
vt 0.42353820 0.02135440
vt 0.42548270 0.02139470
vt 0.42359790 0.01935910
vt 0.42739350 0.02140150
vt 0.40261700 0.08403490
vt 0.40448410 0.08422360
vt 0.40463450 0.08208500
vt 0.40245890 0.08604860
vt 0.40437800 0.08582830
vt 0.40428090 0.08798850
vt 0.42357660 0.01734720
vt 0.40701650 0.02070930
vt 0.40694950 0.01870620
vt 0.40497410 0.02059000
vt 0.40675170 0.01668360
vt 0.40032420 0.10656210
vt 0.40226690 0.10658450
vt 0.40252630 0.10452730
vt 0.40021550 0.10859160
vt 0.40225280 0.10807090
vt 0.40286190 0.02046230
vt 0.40094090 0.01836220
vt 0.00404640 0.02457310
vt 0.00403780 0.02659210
vt 0.00387770 0.06398810
vt 0.00388630 0.06196280
vt 0.00362860 0.12214360
vt 0.00362000 0.12416600
vt 0.00413460 0.00398180
vt 0.00378030 0.08672240
vt 0.00378900 0.08469510
vt 0.89067200 0.80140710
vt 0.49215190 0.79779770
vt 0.49200980 0.81428050
vt 0.89061510 0.81804770
vt 0.49263530 0.79178250
vt 0.89069280 0.79533540
vt 0.89080000 0.76402780
vt 0.49452100 0.77531280
vt 0.49486060 0.76925370
vt 0.89082070 0.75797580
vt 0.89087740 0.74142960
vt 0.49437800 0.75268510
vt 0.49239260 0.82030150
vt 0.49399980 0.83679940
vt 0.89048700 0.85547710
vt 0.89059430 0.82412520
vt 0.47214600 0.76992960
vt 0.47020730 0.77002020
vt 0.47221900 0.77192960
vt 0.47237100 0.77394180
vt 0.49060760 0.79182890
vt 0.49048750 0.79398490
vt 0.49240670 0.79378180
vt 0.49036600 0.79558740
vt 0.49223080 0.79579320
vt 0.49019170 0.79772320
vt 0.46830840 0.77014180
vt 0.48866960 0.76946550
vt 0.48888150 0.77145500
vt 0.49071690 0.76943460
vt 0.49282230 0.76938310
vt 0.49485390 0.77127140
vt 0.49273770 0.77315060
vt 0.49472430 0.77329870
vt 0.49249810 0.77529700
vt 0.48921490 0.77345160
vt 0.47167870 0.75339000
vt 0.47164570 0.75139500
vt 0.46973540 0.75340340
vt 0.46782620 0.75338420
vt 0.49005440 0.81432120
vt 0.49018790 0.81645950
vt 0.49205510 0.81628580
vt 0.49028120 0.81806400
vt 0.49219730 0.81829940
vt 0.49036120 0.82022350
vt 0.47169440 0.74938450
vt 0.48817880 0.75295260
vt 0.49021660 0.75285720
vt 0.48827100 0.75095170
vt 0.48849540 0.74893310
vt 0.49198410 0.83676470
vt 0.49222710 0.83882250
vt 0.49416860 0.83881560
vt 0.49222950 0.84030800
vt 0.49426130 0.84084460
vt 0.49425440 0.75067110
vt 0.49232350 0.75275210
vt 0.89081380 0.75999260
vt 0.89080690 0.76201020
vt 0.89067900 0.79938110
vt 0.89068590 0.79735730
vt 0.89048000 0.85749890
vt 0.89047310 0.85952000
vt 0.89088430 0.73941470
vt 0.89060120 0.82210050
vt 0.89060810 0.82007460
vt 0.82069780 0.48405990
vt 0.83761180 0.48375550
vt 0.83710490 0.47071670
vt 0.82022660 0.47116620
vt 0.85288560 0.48343930
vt 0.85234730 0.47022440
vt 0.83631660 0.45775910
vt 0.81950520 0.45837650
vt 0.85150220 0.45706290
vt 0.80263120 0.49719110
vt 0.82093720 0.49700650
vt 0.80240420 0.48432430
vt 0.83786270 0.49683580
vt 0.85314770 0.49668170
vt 0.86431260 0.49656900
vt 0.86404340 0.48318940
vt 0.86348150 0.46982560
vt 0.86259950 0.45649430
vt 0.86133590 0.44320480
vt 0.85031060 0.44398070
vt 0.83521840 0.44492380
vt 0.81851560 0.44574240
vt 0.80133240 0.45882580
vt 0.80047160 0.44630870
vt 0.80197380 0.47151680
vt 0.81723710 0.43330480
vt 0.83378270 0.43223800
vt 0.83196180 0.41967590
vt 0.81563990 0.42106180
vt 0.84874540 0.43098420
vt 0.84673910 0.41801330
vt 0.82970330 0.40719800
vt 0.81369300 0.40899900
vt 0.84421740 0.40499610
vt 0.79938240 0.43401240
vt 0.85968520 0.42994490
vt 0.85755150 0.41661220
vt 0.85485450 0.40310640
vt 0.85141350 0.38935840
vt 0.84107790 0.39187220
vt 0.82695410 0.39476280
vt 0.81137010 0.39709760
vt 0.79646240 0.41010210
vt 0.79460870 0.39847790
vt 0.79805030 0.42194480
vt 0.64763490 0.42863450
vt 0.67006510 0.43026860
vt 0.67054190 0.41682320
vt 0.64831160 0.41480710
vt 0.69277620 0.43164690
vt 0.69301810 0.41856770
vt 0.67124280 0.40335770
vt 0.64924590 0.40099470
vt 0.69343800 0.40546660
vt 0.62521360 0.44105140
vt 0.64718110 0.44251940
vt 0.62581180 0.42674390
vt 0.66977830 0.44376130
vt 0.69268040 0.44478430
vt 0.71556400 0.44558980
vt 0.71544290 0.43276390
vt 0.71540990 0.42002660
vt 0.71549270 0.40730060
vt 0.71571980 0.39450850
vt 0.69406810 0.39226390
vt 0.67220180 0.38980450
vt 0.65047140 0.38715480
vt 0.62778490 0.39839270
vt 0.62922770 0.38433440
vt 0.62665720 0.41252660
vt 0.64681820 0.48463730
vt 0.66971070 0.48476520
vt 0.66963600 0.47103040
vt 0.64680440 0.47054000
vt 0.69293160 0.48483060
vt 0.69279360 0.47140120
vt 0.66964690 0.45735280
vt 0.64691500 0.45649240
vt 0.69269800 0.45804100
vt 0.62467220 0.49898330
vt 0.64692470 0.49875920
vt 0.62458330 0.48444030
vt 0.66983610 0.49852860
vt 0.69307630 0.49829470
vt 0.71631800 0.49806070
vt 0.71615440 0.48483860
vt 0.71595230 0.47165860
vt 0.71574460 0.45856180
vt 0.62482780 0.45545010
vt 0.62462630 0.46992110
vt 0.65200080 0.37327230
vt 0.67344800 0.37613430
vt 0.67499710 0.36246900
vt 0.65376720 0.35944330
vt 0.69495360 0.37892180
vt 0.69619110 0.36556980
vt 0.67686130 0.34896980
vt 0.65568510 0.34579310
vt 0.69788970 0.35238060
vt 0.63097570 0.37035530
vt 0.71615360 0.38161260
vt 0.71699100 0.36873210
vt 0.71846130 0.35602720
vt 0.72079400 0.34365970
vt 0.70015940 0.33952790
vt 0.67905420 0.33579920
vt 0.65767040 0.33244850
vt 0.63466970 0.34285500
vt 0.63620120 0.32946710
vt 0.63285910 0.35650690
vt 0.74460100 0.33690830
vt 0.76354610 0.34249090
vt 0.77004560 0.33274920
vt 0.74978720 0.32610060
vt 0.77984090 0.34840890
vt 0.78784730 0.34030900
vt 0.77726330 0.32356020
vt 0.75549510 0.31604090
vt 0.79662530 0.33229800
vt 0.74063880 0.34813620
vt 0.72413010 0.33175120
vt 0.75887240 0.35262110
vt 0.77443370 0.35665960
vt 0.78490990 0.35950490
vt 0.79219780 0.35523220
vt 0.80206260 0.34906350
vt 0.81230150 0.34232180
vt 0.82029460 0.33692040
vt 0.80366060 0.32609130
vt 0.78309710 0.31661500
vt 0.76009750 0.30850110
vt 0.73270740 0.30963440
vt 0.73625500 0.30165870
vt 0.72826300 0.32028900
vt 0.57340980 0.36050590
vt 0.59144810 0.36415160
vt 0.59352740 0.35065050
vt 0.57591040 0.34724300
vt 0.61070940 0.36736630
vt 0.61263900 0.35363630
vt 0.59510460 0.33765390
vt 0.57815120 0.33510600
vt 0.61421450 0.34015770
vt 0.55421580 0.37072500
vt 0.57110740 0.37461790
vt 0.55679420 0.35617820
vt 0.58935790 0.37813120
vt 0.60878910 0.38134490
vt 0.61502670 0.32691170
vt 0.59530160 0.32499560
vt 0.57847760 0.32392930
vt 0.56379520 0.33137160
vt 0.56729350 0.32372670
vt 0.55999050 0.34279560
vt 0.50242510 0.48179750
vt 0.51632830 0.48221530
vt 0.51659320 0.46442760
vt 0.50271570 0.46345890
vt 0.53103100 0.48263540
vt 0.53126960 0.46540680
vt 0.51712240 0.44678740
vt 0.50327680 0.44528390
vt 0.53176440 0.44830570
vt 0.49111410 0.50032930
vt 0.50244880 0.50021480
vt 0.49109330 0.48145530
vt 0.51635620 0.50007460
vt 0.53106450 0.49992630
vt 0.54697080 0.49976610
vt 0.54693010 0.48305260
vt 0.54714000 0.46639100
vt 0.54759550 0.44983580
vt 0.54829380 0.43344210
vt 0.53250270 0.43139960
vt 0.51789180 0.42937360
vt 0.50407390 0.42736330
vt 0.49199300 0.44404080
vt 0.49281290 0.42569300
vt 0.49140630 0.46266190
vt 0.50509900 0.40973350
vt 0.51890050 0.41223710
vt 0.52024790 0.39530340
vt 0.50647770 0.39220450
vt 0.53348880 0.41474630
vt 0.53479900 0.39835950
vt 0.52206460 0.37847580
vt 0.50837960 0.37454690
vt 0.53652820 0.38224320
vt 0.49385070 0.40764020
vt 0.54924410 0.41726790
vt 0.55050400 0.40138010
vt 0.55214050 0.38584570
vt 0.53877380 0.36639760
vt 0.52450200 0.36166610
vt 0.51103440 0.35656990
vt 0.49723320 0.37114070
vt 0.50010260 0.35204100
vt 0.49525770 0.38958000
vt 0.55172040 0.32491930
vt 0.54061480 0.31655600
vt 0.53291450 0.32961610
vt 0.54581110 0.33682480
vt 0.52988110 0.30734240
vt 0.52078290 0.32157210
vt 0.52783740 0.34502610
vt 0.54170310 0.35098450
vt 0.51481340 0.33844050
vt 0.56079360 0.31661730
vt 0.55222490 0.30693370
vt 0.54339890 0.29679550
vt 0.53636680 0.28883380
vt 0.52116070 0.29943030
vt 0.51101730 0.31433110
vt 0.50430340 0.33249470
vt 0.56433080 0.48345920
vt 0.58317390 0.48383780
vt 0.58331260 0.46830800
vt 0.56450780 0.46736970
vt 0.60330850 0.48417010
vt 0.60340260 0.46916930
vt 0.58366300 0.45284560
vt 0.56491590 0.45136560
vt 0.60368410 0.45422280
vt 0.56438000 0.49959060
vt 0.58323400 0.49940060
vt 0.60338180 0.49919770
vt 0.60417340 0.43935800
vt 0.58423870 0.43748460
vt 0.56556080 0.43549070
vt 0.56645660 0.41979590
vt 0.58505790 0.42226510
vt 0.58615870 0.40725320
vt 0.56764790 0.40436260
vt 0.60489340 0.42460300
vt 0.60587940 0.40999290
vt 0.58758050 0.39251980
vt 0.56918380 0.38927670
vt 0.60716740 0.39556260
vt 0.66346010 0.29526760
vt 0.66161070 0.30697520
vt 0.68432350 0.31081520
vt 0.68709890 0.29939070
vt 0.65965350 0.31951090
vt 0.68156960 0.32308440
vt 0.70644900 0.31522360
vt 0.70998820 0.30413590
vt 0.70305950 0.32714690
vt 0.63872270 0.28278580
vt 0.63847140 0.29173600
vt 0.66485870 0.28649980
vt 0.63802690 0.30367260
vt 0.63730250 0.31640460
vt 0.71277730 0.29583930
vt 0.68925510 0.29084380
vt 0.61202180 0.28899830
vt 0.58588740 0.28817410
vt 0.59001030 0.30006790
vt 0.61365060 0.30107890
vt 0.56233230 0.29043600
vt 0.56897310 0.30164040
vt 0.59344170 0.31249400
vt 0.61477710 0.31388250
vt 0.57492430 0.31296160
vt 0.61058850 0.27991870
vt 0.58246040 0.27917680
vt 0.55696730 0.28184460
vt 0.73671310 0.38412310
vt 0.75640880 0.38613960
vt 0.75605060 0.37454900
vt 0.73704890 0.37186090
vt 0.77505390 0.38727590
vt 0.77374170 0.37626140
vt 0.75658730 0.36333100
vt 0.73821630 0.35982070
vt 0.77302270 0.36593820
vt 0.73682890 0.39647420
vt 0.75715710 0.39795730
vt 0.77648990 0.39871010
vt 0.79248020 0.38712010
vt 0.79004150 0.37630740
vt 0.78731820 0.36652770
vt 0.73774430 0.43360300
vt 0.75937280 0.43412460
vt 0.75868730 0.42193010
vt 0.73739610 0.42117070
vt 0.78002270 0.43427850
vt 0.77900110 0.42221810
vt 0.75794420 0.40988580
vt 0.73708360 0.40881430
vt 0.77782240 0.41036660
vt 0.73810700 0.44617040
vt 0.75998890 0.44650390
vt 0.78088690 0.44656000
vt 0.73905160 0.48479240
vt 0.76128780 0.48469200
vt 0.76096210 0.47183420
vt 0.73878650 0.47180440
vt 0.78252110 0.48453620
vt 0.78213980 0.47174050
vt 0.76052390 0.45908680
vt 0.73846300 0.45891440
vt 0.78159360 0.45906260
vt 0.73923330 0.49783000
vt 0.76148610 0.49760590
vt 0.78273470 0.49739170
vt 0.82372980 0.35351700
vt 0.81211450 0.35916270
vt 0.81889250 0.37040160
vt 0.83164870 0.36574560
vt 0.79997210 0.36392970
vt 0.80497810 0.37420240
vt 0.82356450 0.38239200
vt 0.83714010 0.37866150
vt 0.80858740 0.38539830
vt 0.83250580 0.34881620
vt 0.84706000 0.37542150
vt 0.84103110 0.36176810
vt 0.82095890 0.50995520
vt 0.82074730 0.52285570
vt 0.83763110 0.52296440
vt 0.83787600 0.50991830
vt 0.82028360 0.53565750
vt 0.83710310 0.53593540
vt 0.85288050 0.52314850
vt 0.85315490 0.50992630
vt 0.85229760 0.53632490
vt 0.80266360 0.51005980
vt 0.80249140 0.52287350
vt 0.80210580 0.53557500
vt 0.80149760 0.54810730
vt 0.81954910 0.54830930
vt 0.83626500 0.54879080
vt 0.85137260 0.54942930
vt 0.86241110 0.54998180
vt 0.86339950 0.53667010
vt 0.86402050 0.52332240
vt 0.86431910 0.50995110
vt 0.81852190 0.56077050
vt 0.81717160 0.57304330
vt 0.83351750 0.57409890
vt 0.83508630 0.56150310
vt 0.81546840 0.58514360
vt 0.83150980 0.58662080
vt 0.84832480 0.57546160
vt 0.85007390 0.56245440
vt 0.84605970 0.58852820
vt 0.80065670 0.56042330
vt 0.79956840 0.57251570
vt 0.79821970 0.58438840
vt 0.79660130 0.59604820
vt 0.81338740 0.59709040
vt 0.82901570 0.59911110
vt 0.84319400 0.60171750
vt 0.85357510 0.60402150
vt 0.85672300 0.59020150
vt 0.85916350 0.57664250
vt 0.86103790 0.56327290
vt 0.64904860 0.56885500
vt 0.65000370 0.58266600
vt 0.67218910 0.58020310
vt 0.67144130 0.56677000
vt 0.65121630 0.59645660
vt 0.67316130 0.59365170
vt 0.69462560 0.57800670
vt 0.69412020 0.56493500
vt 0.69530950 0.59109650
vt 0.62638150 0.55689220
vt 0.62726790 0.57118450
vt 0.64831480 0.55498230
vt 0.62839970 0.58538170
vt 0.62981210 0.59948990
vt 0.63153790 0.61351610
vt 0.65272050 0.61026900
vt 0.67439310 0.60718270
vt 0.69620560 0.60428390
vt 0.71780780 0.60160410
vt 0.71732290 0.58881920
vt 0.71698370 0.57609740
vt 0.71675980 0.56336210
vt 0.69375960 0.55180200
vt 0.71662220 0.55053630
vt 0.67088260 0.55328570
vt 0.64710300 0.51288030
vt 0.64737340 0.52697500
vt 0.67019050 0.52602530
vt 0.66998830 0.51229170
vt 0.64776710 0.54101750
vt 0.67047720 0.53969970
vt 0.69333590 0.52518840
vt 0.69320320 0.51175890
vt 0.69350980 0.53854790
vt 0.62487660 0.51352500
vt 0.62521220 0.52804040
vt 0.62570540 0.54250430
vt 0.71654120 0.53756310
vt 0.71648480 0.52446480
vt 0.71642110 0.51128340
vt 0.65452940 0.62411790
vt 0.65657390 0.63790840
vt 0.67773850 0.63445650
vt 0.67591450 0.62082510
vt 0.65876600 0.65151720
vt 0.67987420 0.64791550
vt 0.69886570 0.63093010
vt 0.69735970 0.61760560
vt 0.70082970 0.64408260
vt 0.63356730 0.62745710
vt 0.63572940 0.64126480
vt 0.63781430 0.65487750
vt 0.63961480 0.66823220
vt 0.66101940 0.66481890
vt 0.68233180 0.66103940
vt 0.70335730 0.65688740
vt 0.72390450 0.65234020
vt 0.72132360 0.64002220
vt 0.71959780 0.62734960
vt 0.71850130 0.61448860
vt 0.74784250 0.65860820
vt 0.75324430 0.66930640
vt 0.77336980 0.66225660
vt 0.76667510 0.65264830
vt 0.75915250 0.67924480
vt 0.78077080 0.67129860
vt 0.79102280 0.65435480
vt 0.78285090 0.64641100
vt 0.79996590 0.66220060
vt 0.72747930 0.66417900
vt 0.74365590 0.64746380
vt 0.73184160 0.67555560
vt 0.73649920 0.68611840
vt 0.74020670 0.69402070
vt 0.76390500 0.68668510
vt 0.78674130 0.67812670
vt 0.80712900 0.66828260
vt 0.82352950 0.65707120
vt 0.81542250 0.65184430
vt 0.80505010 0.64531210
vt 0.79506400 0.63934090
vt 0.77727620 0.63826810
vt 0.78769170 0.63521360
vt 0.76179780 0.64261480
vt 0.57621120 0.63846150
vt 0.57897840 0.65166950
vt 0.59652420 0.64790960
vt 0.59417290 0.63445380
vt 0.58146270 0.66375580
vt 0.59836330 0.66087100
vt 0.61557170 0.64454130
vt 0.61336560 0.63085310
vt 0.61741850 0.65798590
vt 0.55681420 0.62863250
vt 0.55968650 0.64312400
vt 0.57362440 0.62439970
vt 0.56315030 0.65643870
vt 0.56718150 0.66778050
vt 0.57083420 0.67534910
vt 0.58201520 0.67491870
vt 0.59881620 0.67352200
vt 0.61849760 0.67121390
vt 0.61116380 0.61691620
vt 0.59180090 0.62051990
vt 0.50279770 0.51862900
vt 0.50345600 0.53695850
vt 0.51731130 0.53571000
vt 0.51668880 0.51793110
vt 0.50438180 0.55511830
vt 0.51819510 0.55333580
vt 0.53196500 0.53443500
vt 0.53137960 0.51721460
vt 0.53280410 0.55152240
vt 0.49147660 0.51919930
vt 0.49216470 0.53798320
vt 0.49312420 0.55658910
vt 0.49431580 0.57491640
vt 0.50554100 0.57301890
vt 0.51931580 0.57073020
vt 0.53388300 0.56841000
vt 0.54962980 0.56604950
vt 0.54860130 0.54967330
vt 0.54781240 0.53313090
vt 0.54726700 0.51647700
vt 0.50692350 0.59062450
vt 0.50865390 0.60812280
vt 0.52235830 0.60474630
vt 0.52067060 0.58784290
vt 0.51090470 0.62573830
vt 0.52451100 0.62153330
vt 0.53684470 0.60139690
vt 0.53520480 0.58503990
vt 0.53889720 0.61747460
vt 0.49572140 0.59294430
vt 0.49749000 0.61097290
vt 0.49982390 0.62936970
vt 0.50308510 0.64840360
vt 0.51392590 0.64365490
vt 0.52728880 0.63828900
vt 0.54146240 0.63327090
vt 0.55443440 0.61355750
vt 0.55248570 0.59805990
vt 0.55090610 0.58220110
vt 0.55523320 0.67448080
vt 0.54909400 0.66269890
vt 0.53634680 0.67017420
vt 0.54428690 0.68308030
vt 0.54470580 0.64862230
vt 0.53097020 0.65485940
vt 0.52438290 0.67846880
vt 0.53372030 0.69254110
vt 0.51809600 0.66170170
vt 0.56447700 0.68258630
vt 0.50772760 0.66784730
vt 0.51476700 0.68589650
vt 0.52513270 0.70068160
vt 0.54748440 0.70275260
vt 0.54062910 0.71086120
vt 0.55610250 0.69243840
vt 0.56465580 0.51571970
vt 0.56515710 0.53180230
vt 0.58393930 0.53048530
vt 0.58348760 0.51496150
vt 0.56588750 0.54779470
vt 0.58460120 0.54593730
vt 0.60400780 0.52921950
vt 0.60361140 0.51422360
vt 0.60459060 0.54415710
vt 0.56685230 0.56365320
vt 0.58548640 0.56128330
vt 0.60537950 0.55900880
vt 0.56806420 0.57932650
vt 0.56956620 0.59473220
vt 0.58801530 0.59146930
vt 0.58661220 0.57648300
vt 0.57140570 0.60978350
vt 0.58973390 0.60617070
vt 0.60767700 0.58833310
vt 0.60639670 0.57374610
vt 0.60925560 0.60273420
vt 0.66755490 0.70187280
vt 0.69110730 0.69727930
vt 0.68810280 0.68591270
vt 0.66547080 0.69020640
vt 0.71389690 0.69207840
vt 0.71013500 0.68106220
vt 0.68510250 0.67370120
vt 0.66326230 0.67771340
vt 0.70650610 0.66920840
vt 0.64307330 0.71485420
vt 0.66912910 0.71060900
vt 0.64264220 0.70591090
vt 0.69343460 0.70578150
vt 0.71685270 0.70031920
vt 0.64097820 0.68127030
vt 0.64195820 0.69398550
vt 0.61625610 0.70918980
vt 0.61764190 0.69707430
vt 0.59402950 0.69854840
vt 0.59014630 0.71052030
vt 0.61851050 0.68424740
vt 0.59720920 0.68605750
vt 0.57296570 0.69737320
vt 0.56655600 0.70868900
vt 0.57868530 0.68594770
vt 0.61500550 0.71830120
vt 0.56136830 0.71736500
vt 0.58689830 0.71958260
vt 0.73900660 0.61156490
vt 0.73958930 0.62381770
vt 0.75853400 0.62074870
vt 0.75865810 0.60915310
vt 0.74099900 0.63583150
vt 0.75929680 0.63195350
vt 0.77618710 0.61868180
vt 0.77727670 0.60764240
vt 0.77567700 0.62901840
vt 0.73887340 0.59921410
vt 0.78995640 0.62814150
vt 0.79248190 0.61830740
vt 0.79470260 0.60744710
vt 0.77848150 0.59618120
vt 0.75916790 0.59732260
vt 0.73903980 0.56207420
vt 0.73894240 0.57451110
vt 0.76021410 0.57332350
vt 0.76065340 0.56111730
vt 0.73887910 0.58687140
vt 0.75971410 0.58538040
vt 0.78051780 0.57262640
vt 0.78129590 0.56054760
vt 0.77957850 0.58449970
vt 0.73914900 0.54950190
vt 0.78191210 0.54825090
vt 0.76101980 0.54872800
vt 0.73931470 0.51086850
vt 0.73931140 0.52385930
vt 0.76148180 0.52338280
vt 0.76154830 0.51052110
vt 0.73924770 0.53675330
vt 0.76130080 0.53613660
vt 0.78265700 0.52304980
vt 0.78278040 0.51024890
vt 0.78236650 0.53573630
vt 0.82660130 0.64039770
vt 0.83429650 0.62802080
vt 0.82144600 0.62362580
vt 0.81488690 0.63499810
vt 0.83954060 0.61500740
vt 0.82588120 0.61154800
vt 0.80745710 0.62010910
vt 0.80265690 0.63048210
vt 0.81084220 0.60884360
vt 0.83545040 0.64490760
vt 0.84376000 0.63181110
vt 0.84954200 0.61805210
vt 0.30996930 0.79681070
vt 0.30978650 0.80889730
vt 0.32551210 0.80895920
vt 0.32572290 0.79676340
vt 0.30938520 0.82090090
vt 0.32505410 0.82109460
vt 0.34045330 0.80908800
vt 0.34068780 0.79675190
vt 0.33994640 0.82139180
vt 0.29300660 0.78483930
vt 0.29303310 0.79691150
vt 0.30995180 0.78468330
vt 0.29288440 0.80893560
vt 0.29255170 0.82086220
vt 0.29202590 0.83264170
vt 0.30874770 0.83277910
vt 0.32432340 0.83313850
vt 0.33913470 0.83364610
vt 0.35178630 0.83415480
vt 0.35266350 0.82169690
vt 0.35320960 0.80922990
vt 0.35346340 0.79675730
vt 0.34068280 0.78440050
vt 0.35346340 0.78428290
vt 0.32571240 0.78453830
vt 0.30785440 0.84449930
vt 0.30667980 0.85606790
vt 0.32192260 0.85693140
vt 0.32329170 0.84507280
vt 0.30519700 0.86750110
vt 0.32017750 0.86876150
vt 0.33644210 0.85807980
vt 0.33798240 0.84585150
vt 0.33446280 0.87042080
vt 0.29129720 0.84423340
vt 0.29035170 0.85563150
vt 0.28917410 0.86683890
vt 0.28774960 0.87785880
vt 0.30337910 0.87881540
vt 0.31801740 0.88061030
vt 0.33199430 0.88296430
vt 0.34396040 0.88526890
vt 0.34668400 0.87204720
vt 0.34885550 0.85920920
vt 0.35053600 0.84662250
vt 0.15057140 0.85193150
vt 0.15140270 0.86490240
vt 0.17201840 0.86258850
vt 0.17136410 0.84998050
vt 0.15246750 0.87786300
vt 0.17287670 0.87521820
vt 0.19287270 0.86054930
vt 0.19242850 0.84828220
vt 0.19347790 0.87283930
vt 0.12959770 0.84069480
vt 0.13035730 0.85412260
vt 0.14993890 0.83890890
vt 0.13133430 0.86747160
vt 0.13256440 0.88074840
vt 0.13408350 0.89396020
vt 0.15380100 0.89085450
vt 0.17397230 0.88793460
vt 0.19427460 0.88522880
vt 0.21438550 0.88276540
vt 0.21395680 0.87075200
vt 0.21365610 0.85880430
vt 0.21345820 0.84684880
vt 0.19211480 0.83596130
vt 0.21333750 0.83481160
vt 0.17087990 0.83732910
vt 0.14890990 0.79941070
vt 0.14913760 0.81263090
vt 0.17029050 0.81175890
vt 0.17012090 0.79887880
vt 0.14947090 0.82580470
vt 0.17053270 0.82458470
vt 0.19175470 0.81099740
vt 0.19164420 0.79840150
vt 0.19190080 0.82352820
vt 0.12814750 0.78635670
vt 0.12832040 0.79999550
vt 0.14875930 0.78616700
vt 0.12860400 0.81361230
vt 0.12902180 0.82718580
vt 0.21326850 0.82263790
vt 0.21322250 0.81034790
vt 0.21317050 0.79798060
vt 0.19153710 0.78577330
vt 0.21308360 0.78557490
vt 0.16999230 0.78597160
vt 0.15541980 0.90389010
vt 0.15726590 0.91687140
vt 0.17697950 0.91358870
vt 0.17533480 0.90076560
vt 0.15926310 0.92967240
vt 0.17891770 0.92624430
vt 0.19665540 0.91028300
vt 0.19530450 0.89775340
vt 0.19842630 0.92264680
vt 0.13589020 0.90710090
vt 0.13783540 0.92011310
vt 0.13973330 0.93292660
vt 0.14139780 0.94547200
vt 0.16133500 0.94216770
vt 0.18116040 0.93857320
vt 0.20071620 0.93467410
vt 0.21984460 0.93045580
vt 0.21751860 0.91888450
vt 0.21597270 0.90697230
vt 0.21499800 0.89487920
vt 0.24206750 0.93645070
vt 0.24700040 0.94657550
vt 0.26585010 0.94015060
vt 0.25969270 0.93101260
vt 0.25267110 0.95648600
vt 0.27299410 0.94924030
vt 0.28251210 0.93293430
vt 0.27490180 0.92531870
vt 0.29125360 0.94091130
vt 0.22308360 0.94157460
vt 0.23826900 0.92597260
vt 0.22706440 0.95231920
vt 0.23153980 0.96281490
vt 0.23567170 0.97191630
vt 0.25795210 0.96509310
vt 0.27965380 0.95722040
vt 0.29933980 0.94811370
vt 0.31557140 0.93758760
vt 0.30619260 0.93130430
vt 0.29587160 0.92458540
vt 0.28644390 0.91879570
vt 0.26975120 0.91760860
vt 0.27953230 0.91482850
vt 0.25523710 0.92155400
vt 0.08238490 0.91778080
vt 0.08479580 0.93034580
vt 0.10122210 0.92665600
vt 0.09915290 0.91390890
vt 0.08700870 0.94181530
vt 0.10286130 0.93891080
vt 0.11902310 0.92332770
vt 0.11705710 0.91040110
vt 0.12069000 0.93600420
vt 0.06452860 0.90836350
vt 0.06693840 0.92221060
vt 0.08017280 0.90439960
vt 0.06993280 0.93494300
vt 0.07356210 0.94575490
vt 0.07695100 0.95292810
vt 0.08748580 0.95238560
vt 0.10326550 0.95084550
vt 0.12168740 0.94844750
vt 0.11511600 0.89723410
vt 0.09709050 0.90070190
vt 0.01530950 0.80455340
vt 0.01590560 0.82163230
vt 0.02873920 0.82052060
vt 0.02818160 0.80393210
vt 0.01673260 0.83856170
vt 0.02952190 0.83698340
vt 0.04230540 0.81938990
vt 0.04178750 0.80329850
vt 0.04304100 0.83537810
vt 0.00292970 0.78750920
vt 0.00326280 0.80514560
vt 0.01499430 0.78739820
vt 0.00389530 0.82269360
vt 0.00476380 0.84006830
vt 0.00580480 0.85718480
vt 0.01774050 0.85526840
vt 0.03049330 0.85325920
vt 0.04397080 0.85121260
vt 0.05853540 0.84910970
vt 0.05765470 0.83373230
vt 0.05697060 0.81823090
vt 0.05649410 0.80264620
vt 0.04151050 0.78715410
vt 0.05623680 0.78701860
vt 0.02788540 0.78727950
vt 0.01890990 0.87173060
vt 0.02034280 0.88813280
vt 0.03304220 0.88523110
vt 0.03164020 0.86931500
vt 0.02217170 0.90471240
vt 0.03480220 0.90111730
vt 0.04645350 0.88229420
vt 0.04508810 0.86685250
vt 0.04814370 0.89754460
vt 0.00699270 0.87403370
vt 0.00845270 0.89090990
vt 0.01034760 0.90818600
vt 0.01284000 0.92623790
vt 0.02452880 0.92171000
vt 0.03702260 0.91708490
vt 0.05023590 0.91261090
vt 0.06255190 0.89400560
vt 0.06093230 0.87930450
vt 0.05961260 0.86431930
vt 0.06222370 0.95221150
vt 0.05665490 0.94088990
vt 0.04449390 0.94791580
vt 0.05171240 0.96050630
vt 0.05289700 0.92733480
vt 0.03996060 0.93302180
vt 0.03291360 0.95559370
vt 0.04135750 0.96974890
vt 0.02774060 0.93907600
vt 0.07091760 0.95988620
vt 0.01630970 0.94508290
vt 0.02201030 0.96329130
vt 0.03141440 0.97906860
vt 0.05441330 0.98000970
vt 0.04663900 0.98980190
vt 0.06293540 0.96944930
vt 0.07258490 0.80197320
vt 0.07301730 0.81704180
vt 0.09039490 0.81585130
vt 0.09000900 0.80129440
vt 0.07364470 0.83204360
vt 0.09095930 0.83035420
vt 0.10896860 0.81469600
vt 0.10863230 0.80062880
vt 0.10946340 0.82871720
vt 0.07234790 0.78687030
vt 0.07446660 0.84694640
vt 0.09171130 0.84477690
vt 0.11013360 0.84267020
vt 0.10843750 0.78653810
vt 0.08979290 0.78670970
vt 0.07548980 0.86170950
vt 0.07675180 0.87626000
vt 0.09385310 0.87322200
vt 0.09266460 0.85908650
vt 0.07829780 0.89051700
vt 0.09531550 0.88711630
vt 0.11209460 0.87026700
vt 0.11099970 0.85653070
vt 0.11345460 0.88384590
vt 0.16758000 0.97762560
vt 0.18942240 0.97328050
vt 0.18648430 0.96199260
vt 0.16549940 0.96605520
vt 0.21054860 0.96837660
vt 0.20691070 0.95743650
vt 0.18370390 0.95046410
vt 0.16341800 0.95427190
vt 0.20358170 0.94624470
vt 0.14502520 0.99180680
vt 0.16940230 0.98768300
vt 0.14444000 0.98151030
vt 0.19206360 0.98307790
vt 0.21386740 0.97786490
vt 0.14269160 0.95770680
vt 0.14367070 0.96969150
vt 0.11984510 0.98480790
vt 0.12103800 0.97278890
vt 0.09894370 0.97452090
vt 0.09533490 0.98649560
vt 0.12174500 0.96068910
vt 0.10180780 0.96266800
vt 0.07904300 0.97382990
vt 0.07287250 0.98532120
vt 0.08436820 0.96286560
vt 0.11859820 0.99532010
vt 0.06717720 0.99565150
vt 0.09188510 0.99707030
vt 0.23410970 0.89222110
vt 0.23461770 0.90374620
vt 0.25230510 0.90098090
vt 0.25243530 0.89006420
vt 0.23587450 0.91504180
vt 0.25297500 0.91152380
vt 0.26879890 0.89915920
vt 0.26980120 0.88875040
vt 0.26830500 0.90889500
vt 0.23400260 0.88060320
vt 0.28167950 0.90817870
vt 0.28403170 0.89890290
vt 0.28605440 0.88863860
vt 0.27088660 0.87793820
vt 0.25290360 0.87892350
vt 0.23414970 0.84569600
vt 0.23406680 0.85738060
vt 0.25383060 0.85633460
vt 0.25421200 0.84485370
vt 0.23401190 0.86899770
vt 0.25339200 0.86768070
vt 0.27268130 0.85573020
vt 0.27335720 0.84435510
vt 0.27185890 0.86692110
vt 0.23424290 0.83388790
vt 0.27388970 0.83278500
vt 0.25452780 0.83320640
vt 0.23438950 0.79761790
vt 0.23438460 0.80981220
vt 0.25492630 0.80939490
vt 0.25498470 0.79731670
vt 0.23432840 0.82191720
vt 0.25477000 0.82137480
vt 0.27453170 0.80910100
vt 0.27463850 0.79708000
vt 0.27428170 0.82101990
vt 0.23432080 0.78537950
vt 0.27460040 0.78500870
vt 0.25493260 0.78518970
vt 0.31693800 0.92032480
vt 0.32414220 0.90831260
vt 0.31129020 0.90399300
vt 0.30519590 0.91484200
vt 0.32883030 0.89571210
vt 0.31527750 0.89245510
vt 0.29806300 0.90065380
vt 0.29360430 0.91047160
vt 0.30112840 0.88996470
vt 0.32732980 0.92558470
vt 0.33526830 0.91251130
vt 0.34045570 0.89889650
vt 0.30974610 0.77255770
vt 0.32549790 0.77231500
vt 0.32506260 0.76012520
vt 0.30934090 0.76047650
vt 0.34046050 0.77205120
vt 0.33999890 0.75972140
vt 0.32438140 0.74800020
vt 0.30871870 0.74848230
vt 0.33926570 0.74742900
vt 0.29281090 0.77276870
vt 0.35323380 0.77181050
vt 0.35275050 0.75934480
vt 0.35197500 0.74688980
vt 0.35086860 0.73445020
vt 0.33822850 0.73519170
vt 0.32342900 0.73597180
vt 0.30786270 0.73661790
vt 0.29188870 0.74883090
vt 0.29114610 0.73706310
vt 0.29244090 0.76074940
vt 0.30675370 0.72491620
vt 0.32217790 0.72405860
vt 0.32059070 0.71222720
vt 0.30536630 0.71337120
vt 0.33685180 0.72300960
vt 0.33508660 0.71081170
vt 0.31862810 0.70043120
vt 0.30367340 0.70196710
vt 0.33288050 0.69850930
vt 0.29020430 0.72548680
vt 0.34938910 0.72200780
vt 0.34747720 0.70945410
vt 0.34506970 0.69665820
vt 0.34210320 0.68348890
vt 0.33018150 0.68601330
vt 0.31625030 0.68862420
vt 0.30164760 0.69068830
vt 0.28766540 0.70292410
vt 0.28603830 0.69193230
vt 0.28904910 0.71410800
vt 0.14936060 0.72038030
vt 0.17018570 0.72194810
vt 0.17060780 0.70933030
vt 0.14995300 0.70739620
vt 0.19127770 0.72325850
vt 0.19149610 0.71098520
vt 0.17123350 0.69668700
vt 0.15077900 0.69441820
vt 0.19187500 0.69868620
vt 0.12859720 0.73200120
vt 0.14896790 0.73341230
vt 0.12910950 0.71856150
vt 0.16993440 0.73460640
vt 0.19119090 0.73558310
vt 0.21243110 0.73634200
vt 0.21233020 0.72430460
vt 0.21230810 0.71234740
vt 0.21238890 0.70039630
vt 0.21259620 0.68837700
vt 0.19244350 0.68628420
vt 0.17209480 0.68395250
vt 0.15187320 0.68140440
vt 0.13082620 0.69189970
vt 0.13210190 0.67866220
vt 0.12984070 0.70519690
vt 0.14866610 0.77292280
vt 0.16988330 0.77306410
vt 0.16981570 0.76018320
vt 0.14865050 0.75970060
vt 0.19141180 0.77314510
vt 0.19129040 0.76054940
vt 0.16982190 0.74735510
vt 0.14874120 0.74652290
vt 0.19120570 0.74801800
vt 0.12806930 0.77271700
vt 0.21294220 0.77316980
vt 0.21276640 0.76080360
vt 0.21258610 0.74851490
vt 0.12827010 0.74551840
vt 0.12810220 0.75909730
vt 0.15325170 0.66834130
vt 0.17322090 0.67109860
vt 0.17462940 0.65824750
vt 0.15485860 0.65532820
vt 0.19324270 0.67374280
vt 0.19436270 0.66119040
vt 0.17633410 0.64555830
vt 0.15661990 0.64249250
vt 0.19590590 0.64879610
vt 0.13366630 0.66549040
vt 0.21298580 0.67625390
vt 0.21373770 0.66414490
vt 0.21506410 0.65220640
vt 0.21717670 0.64059410
vt 0.19797380 0.63672860
vt 0.17834960 0.63319020
vt 0.15846130 0.62996130
vt 0.13703340 0.63959840
vt 0.13846680 0.62702450
vt 0.13537170 0.65244460
vt 0.23928540 0.63419130
vt 0.25700770 0.63930400
vt 0.26299600 0.63005420
vt 0.24403110 0.62397730
vt 0.27231910 0.64471700
vt 0.27978790 0.63696250
vt 0.26997140 0.62083450
vt 0.24951850 0.61396410
vt 0.28838110 0.62882600
vt 0.23568050 0.64473750
vt 0.22021050 0.62941770
vt 0.25272700 0.64884310
vt 0.26731130 0.65252070
vt 0.27714190 0.65512010
vt 0.28397930 0.65102650
vt 0.29329880 0.64506420
vt 0.30349450 0.63815640
vt 0.31275600 0.63170150
vt 0.29633340 0.62147590
vt 0.27648310 0.61273320
vt 0.25464010 0.60526130
vt 0.22827420 0.60802530
vt 0.23223790 0.59884940
vt 0.22399280 0.61860160
vt 0.07997370 0.65579720
vt 0.09681010 0.65935980
vt 0.09864420 0.64657680
vt 0.08215280 0.64318990
vt 0.11477570 0.66253750
vt 0.11650350 0.64957690
vt 0.10005750 0.63429390
vt 0.08415420 0.63168170
vt 0.11793670 0.63687190
vt 0.06229360 0.66554150
vt 0.07800810 0.66921680
vt 0.06444820 0.65165250
vt 0.09499110 0.67260250
vt 0.11307740 0.67573800
vt 0.11870500 0.62441230
vt 0.10024200 0.62235380
vt 0.08443660 0.62110440
vt 0.07063730 0.62799020
vt 0.07389360 0.62075590
vt 0.06720770 0.63886710
vt 0.01499370 0.77024010
vt 0.02787510 0.77062430
vt 0.02812720 0.75402840
vt 0.01527530 0.75315310
vt 0.04149030 0.77100740
vt 0.04171190 0.75490920
vt 0.02860670 0.73755400
vt 0.01579050 0.73621140
vt 0.04215300 0.73891020
vt 0.00293810 0.76986970
vt 0.05620640 0.77138890
vt 0.05639590 0.75579800
vt 0.05679460 0.74028670
vt 0.05739210 0.72489570
vt 0.04279120 0.72306120
vt 0.02927830 0.72126310
vt 0.01649080 0.71948900
vt 0.00379610 0.73492530
vt 0.00452180 0.71779260
vt 0.00324750 0.75231300
vt 0.01735690 0.70300810
vt 0.03012950 0.70518880
vt 0.03123840 0.68924960
vt 0.01848770 0.68658230
vt 0.04362050 0.70740350
vt 0.04470140 0.69193910
vt 0.03270560 0.67333370
vt 0.02001110 0.66997170
vt 0.04611070 0.67666030
vt 0.00539940 0.70092460
vt 0.05818920 0.70966890
vt 0.05923280 0.69466200
vt 0.06058150 0.67993350
vt 0.04792520 0.66155800
vt 0.03463180 0.65732800
vt 0.02205500 0.65293370
vt 0.00812510 0.66671650
vt 0.01028480 0.64862170
vt 0.00654840 0.68402450
vt 0.05918200 0.62174340
vt 0.04851980 0.61364360
vt 0.04153420 0.62636480
vt 0.05382260 0.63316570
vt 0.03799660 0.60459320
vt 0.02981460 0.61890130
vt 0.03727590 0.64133970
vt 0.05031480 0.64678760
vt 0.02494650 0.63551150
vt 0.06773310 0.61391010
vt 0.05957630 0.60449550
vt 0.05086130 0.59409370
vt 0.04290800 0.58444630
vt 0.02788360 0.59545800
vt 0.01877150 0.61140570
vt 0.01340700 0.62971600
vt 0.07230680 0.77176560
vt 0.08974060 0.77212360
vt 0.08985840 0.75756200
vt 0.07246190 0.75669160
vt 0.10837300 0.77244620
vt 0.10845020 0.75837530
vt 0.09015580 0.74305120
vt 0.07281300 0.74168070
vt 0.10868680 0.74434730
vt 0.10910020 0.73038430
vt 0.09064220 0.72861710
vt 0.07336040 0.72676540
vt 0.07411170 0.71198590
vt 0.09133200 0.71429240
vt 0.09226000 0.70013740
vt 0.07510570 0.69741460
vt 0.10971090 0.71651030
vt 0.11055280 0.70275600
vt 0.09346650 0.68621860
vt 0.07638900 0.68313170
vt 0.11166260 0.68915440
vt 0.16405270 0.59439430
vt 0.16218550 0.60600110
vt 0.18324150 0.60967670
vt 0.18597130 0.59833670
vt 0.16032110 0.61782080
vt 0.18067370 0.62125450
vt 0.20374830 0.61385610
vt 0.20718420 0.60285090
vt 0.20062590 0.62510730
vt 0.14124070 0.58063080
vt 0.14084510 0.59093620
vt 0.16568960 0.58430520
vt 0.14029350 0.60276730
vt 0.13953520 0.61476790
vt 0.21032780 0.59330310
vt 0.18843180 0.58849230
vt 0.11619360 0.58809190
vt 0.09165660 0.58685580
vt 0.09548520 0.59876190
vt 0.11760750 0.60008690
vt 0.06921960 0.58844340
vt 0.07560050 0.59981910
vt 0.09856690 0.61056010
vt 0.11853720 0.61217160
vt 0.08112660 0.61068360
vt 0.11475350 0.57760440
vt 0.08801270 0.57634630
vt 0.06333500 0.57821950
vt 0.23214310 0.67855990
vt 0.25050540 0.68037900
vt 0.25017420 0.66946660
vt 0.23243890 0.66702730
vt 0.26789250 0.68137300
vt 0.26669860 0.67098440
vt 0.25064990 0.65891310
vt 0.23348750 0.65571050
vt 0.26602570 0.66125940
vt 0.23224990 0.69017770
vt 0.25117860 0.69150920
vt 0.26917670 0.69216340
vt 0.28414500 0.68118560
vt 0.28193370 0.67096020
vt 0.27941120 0.66172930
vt 0.23303950 0.72507630
vt 0.25311380 0.72554920
vt 0.25252130 0.71407720
vt 0.23274150 0.71339520
vt 0.27226500 0.72569530
vt 0.27137990 0.71433450
vt 0.25187380 0.70274110
vt 0.23247280 0.70178120
vt 0.27035170 0.70316080
vt 0.23335010 0.73688070
vt 0.25364400 0.73718870
vt 0.27301040 0.73725360
vt 0.23416430 0.77314180
vt 0.25476150 0.77306400
vt 0.25448080 0.76098880
vt 0.23393490 0.76094970
vt 0.27441640 0.77293870
vt 0.27408820 0.76092180
vt 0.25410400 0.74901390
vt 0.23365590 0.74884770
vt 0.27361880 0.74900950
vt 0.31444010 0.64893630
vt 0.30280080 0.65463430
vt 0.30909390 0.66536930
vt 0.32186410 0.66081390
vt 0.29129170 0.65921730
vt 0.29593030 0.66895140
vt 0.31329290 0.67683180
vt 0.32678340 0.67332590
vt 0.29919200 0.67958220
vt 0.32473330 0.64348600
vt 0.33834820 0.66992810
vt 0.33291110 0.65641100
vt 0.61002590 0.27432720
vt 0.61041430 0.26297530
vt 0.57981010 0.26237740
vt 0.58082520 0.27366090
vt 0.63902400 0.27724160
vt 0.64029340 0.26591590
vt 0.55421660 0.27660870
vt 0.53292170 0.28422370
vt 0.55114040 0.26603770
vt 0.52723970 0.27437950
vt 0.64110520 0.26063160
vt 0.61110030 0.25766020
vt 0.58010260 0.25701040
vt 0.55054610 0.26068780
vt 0.52502470 0.26952000
vt 0.48605400 0.46242460
vt 0.47437660 0.46213470
vt 0.47407260 0.48127100
vt 0.48573750 0.48136320
vt 0.48664310 0.44366240
vt 0.47496740 0.44318460
vt 0.48746780 0.42517500
vt 0.47578930 0.42450060
vt 0.48576160 0.50038300
vt 0.47407170 0.50050180
vt 0.47015070 0.42423490
vt 0.46932470 0.44299600
vt 0.46873240 0.46202060
vt 0.46842660 0.48123670
vt 0.46842660 0.50055720
vt 0.86970560 0.46956800
vt 0.88103370 0.46893400
vt 0.88009020 0.45519500
vt 0.86881270 0.45611800
vt 0.87027970 0.48303220
vt 0.88162920 0.48266280
vt 0.87054870 0.49650620
vt 0.88192610 0.49638960
vt 0.86751190 0.44270030
vt 0.87882390 0.44143290
vt 0.88738510 0.49633830
vt 0.88708620 0.48246350
vt 0.88648020 0.46858260
vt 0.88552340 0.45468290
vt 0.88422940 0.44074070
vt 0.86364000 0.41572420
vt 0.87480010 0.41366080
vt 0.87188050 0.39933140
vt 0.86087670 0.40190320
vt 0.86582950 0.42927550
vt 0.87706480 0.42763760
vt 0.85727880 0.38777520
vt 0.86824020 0.38444810
vt 0.88243870 0.42674140
vt 0.88012820 0.41255960
vt 0.87715710 0.39802130
vt 0.87341530 0.38285450
vt 0.48992860 0.38872870
vt 0.47830800 0.38752440
vt 0.47687290 0.40606970
vt 0.48850890 0.40697540
vt 0.49192630 0.37002120
vt 0.48034400 0.36838480
vt 0.49489100 0.35051870
vt 0.48334110 0.34813400
vt 0.47777000 0.34717760
vt 0.47472590 0.36775130
vt 0.47268170 0.38705520
vt 0.47123890 0.40571470
vt 0.84636070 0.35925300
vt 0.85610390 0.35374840
vt 0.84605720 0.33894910
vt 0.83748540 0.34574510
vt 0.85270110 0.37338460
vt 0.86317440 0.36910840
vt 0.82481250 0.33337630
vt 0.83228430 0.32483170
vt 0.86815010 0.36702200
vt 0.86066690 0.35092460
vt 0.84994450 0.33526100
vt 0.83526240 0.32040050
vt 0.50657230 0.31140510
vt 0.49668950 0.30586980
vt 0.48849280 0.32673750
vt 0.49931720 0.33036350
vt 0.51745560 0.29564110
vt 0.50941500 0.28790660
vt 0.50538470 0.28404670
vt 0.49169160 0.30331000
vt 0.48305690 0.32518570
vt 0.69053880 0.28548160
vt 0.69282690 0.27438580
vt 0.66757660 0.26988990
vt 0.66574170 0.28103830
vt 0.71440190 0.29058190
vt 0.71711530 0.27957480
vt 0.73828580 0.29654780
vt 0.74149140 0.28561990
vt 0.74269830 0.28042830
vt 0.71821020 0.27435710
vt 0.69380760 0.26914270
vt 0.66846030 0.26462300
vt 0.78635690 0.31203750
vt 0.79110610 0.30179160
vt 0.76652030 0.29300070
vt 0.76268460 0.30359920
vt 0.80761380 0.32195930
vt 0.81357620 0.31241420
vt 0.81571780 0.30749890
vt 0.79271530 0.29668920
vt 0.76785880 0.28783220
vt 0.58537810 0.72513940
vt 0.58457390 0.73637320
vt 0.61515040 0.73514970
vt 0.61456710 0.72391360
vt 0.55871080 0.72263770
vt 0.55588590 0.73345040
vt 0.53724200 0.71551680
vt 0.53185060 0.72550080
vt 0.64349140 0.72039400
vt 0.64498940 0.73169180
vt 0.52972150 0.73039760
vt 0.55537850 0.73882750
vt 0.58496310 0.74175510
vt 0.61592660 0.74046710
vt 0.64589300 0.73696790
vt 0.48681800 0.53832770
vt 0.47515110 0.53885250
vt 0.47612980 0.55778710
vt 0.48778230 0.55707580
vt 0.48612470 0.51939930
vt 0.47445100 0.51972770
vt 0.48898240 0.57554240
vt 0.47731890 0.57645380
vt 0.46880620 0.51987590
vt 0.46950930 0.53908240
vt 0.47049150 0.55808930
vt 0.47168710 0.57682970
vt 0.87024900 0.52345720
vt 0.88158430 0.52386310
vt 0.88188550 0.51012340
vt 0.87056140 0.50998150
vt 0.86961440 0.53691950
vt 0.88094070 0.53761700
vt 0.86859640 0.55036300
vt 0.87992930 0.55139460
vt 0.88534840 0.55198790
vt 0.88638480 0.53801870
vt 0.88703910 0.52409830
vt 0.88734700 0.51021190
vt 0.86527280 0.57741310
vt 0.87646110 0.57924930
vt 0.87841730 0.56522300
vt 0.86720230 0.56381940
vt 0.86276220 0.59127350
vt 0.87387230 0.59363810
vt 0.85947050 0.60547810
vt 0.87048550 0.60856350
vt 0.87570260 0.61008250
vt 0.87918360 0.59484310
vt 0.88181640 0.58023410
vt 0.88381150 0.56601080
vt 0.49218350 0.61193010
vt 0.48057570 0.61337120
vt 0.48303210 0.63246580
vt 0.49454420 0.63060190
vt 0.49039680 0.59371730
vt 0.47875920 0.59485940
vt 0.49791600 0.65004090
vt 0.48640320 0.65267290
vt 0.47313560 0.59532710
vt 0.47496510 0.61395810
vt 0.47743890 0.63320900
vt 0.48086590 0.65370660
vt 0.84913000 0.63425180
vt 0.85895580 0.63950970
vt 0.86562760 0.62398230
vt 0.85524090 0.61997770
vt 0.84046400 0.64787510
vt 0.84934590 0.65459460
vt 0.82811150 0.66054430
vt 0.83579690 0.66891120
vt 0.83883160 0.67329690
vt 0.85332420 0.65819390
vt 0.86361640 0.64222220
vt 0.87067660 0.62597480
vt 0.51036640 0.68886020
vt 0.50053970 0.69466440
vt 0.51380970 0.71226970
vt 0.52140540 0.70451370
vt 0.50282090 0.67008110
vt 0.49183500 0.67398210
vt 0.48645900 0.67561640
vt 0.49562550 0.69731480
vt 0.50985230 0.71618710
vt 0.69482450 0.71111790
vt 0.69733640 0.72216380
vt 0.72151150 0.71645770
vt 0.71858420 0.70554320
vt 0.67012340 0.71605100
vt 0.67218740 0.72719650
vt 0.74234270 0.69908620
vt 0.74576960 0.70994640
vt 0.67317590 0.73244680
vt 0.69842680 0.72738560
vt 0.72271030 0.72165180
vt 0.74706730 0.71511200
vt 0.79009230 0.68263200
vt 0.79505240 0.69282580
vt 0.81729040 0.68163410
vt 0.81116500 0.67234150
vt 0.76659450 0.69152320
vt 0.77065140 0.70212950
vt 0.77208000 0.70726340
vt 0.79675630 0.69788160
vt 0.81950620 0.68650060
vt 0.55103570 0.02920060
vt 0.54875930 0.02167680
vt 0.53528990 0.02306990
vt 0.53887410 0.02997360
vt 0.54612150 0.01418570
vt 0.53114360 0.01604680
vt 0.52396190 0.02549620
vt 0.52890660 0.03139150
vt 0.51828570 0.01925310
vt 0.56580410 0.03689860
vt 0.56488310 0.02877900
vt 0.55276580 0.03678600
vt 0.56368150 0.02087350
vt 0.56228950 0.01311190
vt 0.14718640 0.24606580
vt 0.16498980 0.24606580
vt 0.16498980 0.24035900
vt 0.14718640 0.24035900
vt 0.09769520 0.24606580
vt 0.11268510 0.24606580
vt 0.11268510 0.24035900
vt 0.09769520 0.24035900
vt 0.18333660 0.24606580
vt 0.20299220 0.24606580
vt 0.20299220 0.24035900
vt 0.18333660 0.24035900
vt 0.08501370 0.24606580
vt 0.08501370 0.24035900
vt 0.50849250 0.02437570
vt 0.51551180 0.02953240
vt 0.52184100 0.03412600
vt 0.53236930 0.03704260
vt 0.52642420 0.03744650
vt 0.54151730 0.03681450
vt 0.52895810 0.06343280
vt 0.52403490 0.06691590
vt 0.53537040 0.07400210
vt 0.53892990 0.06874270
vt 0.51838540 0.07031350
vt 0.53125480 0.07910120
vt 0.54884210 0.08064840
vt 0.55109320 0.07391230
vt 0.54623540 0.08722570
vt 0.52645500 0.05664930
vt 0.52188250 0.05782060
vt 0.53240240 0.05946430
vt 0.51556940 0.05929650
vt 0.50857050 0.06084300
vt 0.50259390 0.05080120
vt 0.49663400 0.05054660
vt 0.50323930 0.06199120
vt 0.42232070 0.25878410
vt 0.44065660 0.25878410
vt 0.44065660 0.25339690
vt 0.42232070 0.25339690
vt 0.27570100 0.24606580
vt 0.30371670 0.24606580
vt 0.30371670 0.24035900
vt 0.27570100 0.24035900
vt 0.56239970 0.09469630
vt 0.56127890 0.10067500
vt 0.57862810 0.10845970
vt 0.57910320 0.10150470
vt 0.56376290 0.08685740
vt 0.56494030 0.07888500
vt 0.55280170 0.06692420
vt 0.56584030 0.07071400
vt 0.54155220 0.06311350
vt 0.51817070 0.03890970
vt 0.51052700 0.03555630
vt 0.50893050 0.04301770
vt 0.51710490 0.04504350
vt 0.50255040 0.03176340
vt 0.50059180 0.04084180
vt 0.51055900 0.05115610
vt 0.51819370 0.05158090
vt 0.52566770 0.04143700
vt 0.07393990 0.24606580
vt 0.07393990 0.24035900
vt 0.05091800 0.24606580
vt 0.06294630 0.24606580
vt 0.06294630 0.24035900
vt 0.05091800 0.24035900
vt 0.36623900 0.25878410
vt 0.38496850 0.25878410
vt 0.38496850 0.25339690
vt 0.36623900 0.25339690
vt 0.03720620 0.24606580
vt 0.03720620 0.24035900
vt 0.52568570 0.05248310
vt 0.52532350 0.04692480
vt 0.61594640 0.02830980
vt 0.61591520 0.01963840
vt 0.59682690 0.01991010
vt 0.59699110 0.02837230
vt 0.61588290 0.01141750
vt 0.59664030 0.01180260
vt 0.57959480 0.02031390
vt 0.58011170 0.02852110
vt 0.57899810 0.01235710
vt 0.63742230 0.03794430
vt 0.63741380 0.02830790
vt 0.61597350 0.03765610
vt 0.63740620 0.01947090
vt 0.63740020 0.01116730
vt 0.66162620 0.00480990
vt 0.63739710 0.00498390
vt 0.66162740 0.01101650
vt 0.50299680 0.02030900
vt 0.49648590 0.02879230
vt 0.58051000 0.03710250
vt 0.59712010 0.03736500
vt 0.58016750 0.08356570
vt 0.57967290 0.09259620
vt 0.59690150 0.09779640
vt 0.59704490 0.08786090
vt 0.59674000 0.10760750
vt 0.61598470 0.10238630
vt 0.61599700 0.09168150
vt 0.61597480 0.11295800
vt 0.58054630 0.07435360
vt 0.40352980 0.25878410
vt 0.40352980 0.25339690
vt 0.34660410 0.25878410
vt 0.34660410 0.25339690
vt 0.27610220 0.25878410
vt 0.30163770 0.25878410
vt 0.30163770 0.25339690
vt 0.27610220 0.25339690
vt 0.32526690 0.25878410
vt 0.32526690 0.25339690
vt 0.63747850 0.11751790
vt 0.63746630 0.10630140
vt 0.63745780 0.09494470
vt 0.61600740 0.08077760
vt 0.63745150 0.08337790
vt 0.59715580 0.07773960
vt 0.71591250 0.01090750
vt 0.68804720 0.01093700
vt 0.68804840 0.01933710
vt 0.71591190 0.01932860
vt 0.66163000 0.01937840
vt 0.68804980 0.02838330
vt 0.71591110 0.02842460
vt 0.66163380 0.02833890
vt 0.74449230 0.00468300
vt 0.74448990 0.01090870
vt 0.77306760 0.01092860
vt 0.77307240 0.00470380
vt 0.24913540 0.24606580
vt 0.24913540 0.24035900
vt 0.12949380 0.24606580
vt 0.12949380 0.24035900
vt 0.22474280 0.24606580
vt 0.22474280 0.24035900
vt 0.66163850 0.03819750
vt 0.68805160 0.03839840
vt 0.71591030 0.03853270
vt 0.74448310 0.02844810
vt 0.74447910 0.03858670
vt 0.74448660 0.01933620
vt 0.66166650 0.09757750
vt 0.66167400 0.10948030
vt 0.68806950 0.11185220
vt 0.68806560 0.09952710
vt 0.66168310 0.12124320
vt 0.68807350 0.12404260
vt 0.71590570 0.11333950
vt 0.71590620 0.10074160
vt 0.71590490 0.12580840
vt 0.66166030 0.08546470
vt 0.24929880 0.25878410
vt 0.24929880 0.25339690
vt 0.64353240 0.24606580
vt 0.66137470 0.24606580
vt 0.66137470 0.24035900
vt 0.64353240 0.24035900
vt 0.22186230 0.25878410
vt 0.22186230 0.25339690
vt 0.74444610 0.12642970
vt 0.74445060 0.11386090
vt 0.74445520 0.10116600
vt 0.71590670 0.08795010
vt 0.74446000 0.08828190
vt 0.68806210 0.08699940
vt 0.66164390 0.04914180
vt 0.66164930 0.06091400
vt 0.68805630 0.06167690
vt 0.68805380 0.04958690
vt 0.66165470 0.07314480
vt 0.68805910 0.07427790
vt 0.71590830 0.06214990
vt 0.71590920 0.04986750
vt 0.71590740 0.07497810
vt 0.63743110 0.04854520
vt 0.63743910 0.05987540
vt 0.63744580 0.07159850
vt 0.74446490 0.07522340
vt 0.74446990 0.06231780
vt 0.74447460 0.04997040
vt 0.58077500 0.06494110
vt 0.59722130 0.06742080
vt 0.59723760 0.05709310
vt 0.58084570 0.05547180
vt 0.61601160 0.06966730
vt 0.61600760 0.05858300
vt 0.59720370 0.04699500
vt 0.58075730 0.04613060
vt 0.61599470 0.04781540
vt 0.56638660 0.06231330
vt 0.56636910 0.04526840
vt 0.56656310 0.05378570
vt 0.53369720 0.05443100
vt 0.54295500 0.05695170
vt 0.54334400 0.05039670
vt 0.53390380 0.04869130
vt 0.55381650 0.05962310
vt 0.55413990 0.05209080
vt 0.54293770 0.04364510
vt 0.53368010 0.04279190
vt 0.55379900 0.04444320
vt 0.93794630 0.02936070
vt 0.95010980 0.03014950
vt 0.95370550 0.02325060
vt 0.94023310 0.02183970
vt 0.96007730 0.03158250
vt 0.96503400 0.02569510
vt 0.95786390 0.01623340
vt 0.94288070 0.01435180
vt 0.97072420 0.01946190
vt 0.92316530 0.03704180
vt 0.93620560 0.03694400
vt 0.92409610 0.02892340
vt 0.94745560 0.03698690
vt 0.95660430 0.03722840
vt 0.96254920 0.03764220
vt 0.96713910 0.03432960
vt 0.97347880 0.02974800
vt 0.98051170 0.02460700
vt 0.57991090 0.24606580
vt 0.59098480 0.24606580
vt 0.59098480 0.24035900
vt 0.57991090 0.24035900
vt 0.46193250 0.24606580
vt 0.48158800 0.24606580
vt 0.48158800 0.24035900
vt 0.46193250 0.24035900
vt 0.55223960 0.24606580
vt 0.56722940 0.24606580
vt 0.56722940 0.24035900
vt 0.55223960 0.24035900
vt 0.49993490 0.24606580
vt 0.51773830 0.24606580
vt 0.51773830 0.24035900
vt 0.49993490 0.24035900
vt 0.92530690 0.02101940
vt 0.92670730 0.01325950
vt 0.95997110 0.06362580
vt 0.94999470 0.06892040
vt 0.95354610 0.07418530
vt 0.96488750 0.06711730
vt 0.93782790 0.07407320
vt 0.94007030 0.08081230
vt 0.95765380 0.07929070
vt 0.97053010 0.07052500
vt 0.94266850 0.08739320
vt 0.96248420 0.05684660
vt 0.95653380 0.05965160
vt 0.96705340 0.05802600
vt 0.94738090 0.06328710
vt 0.93612870 0.06708280
vt 0.92308760 0.07085700
vt 0.92397810 0.07902880
vt 0.92514650 0.08700250
vt 0.92650100 0.09484270
vt 0.90979570 0.10163250
vt 0.91026490 0.10858750
vt 0.92761540 0.10082250
vt 0.36120790 0.24606580
vt 0.38922370 0.24606580
vt 0.38922370 0.24035900
vt 0.36120790 0.24035900
vt 0.00306810 0.25878410
vt 0.02140390 0.25878410
vt 0.02140390 0.25339690
vt 0.00306810 0.25339690
vt 0.98634920 0.05104850
vt 0.98035580 0.06107490
vt 0.98568310 0.06223460
vt 0.99230780 0.05080990
vt 0.97336200 0.05951390
vt 0.97080010 0.03912090
vt 0.97185350 0.04525750
vt 0.98003080 0.04324950
vt 0.97845100 0.03578370
vt 0.97075240 0.05179320
vt 0.97838570 0.05138430
vt 0.98837320 0.04109540
vt 0.98643730 0.03201150
vt 0.96329840 0.04163440
vt 0.96363250 0.04712330
vt 0.96326050 0.05268130
vt 0.61400660 0.24606580
vt 0.62771840 0.24606580
vt 0.62771840 0.24035900
vt 0.61400660 0.24035900
vt 0.05875610 0.25878410
vt 0.07748560 0.25878410
vt 0.07748560 0.25339690
vt 0.05875610 0.25339690
vt 0.60197840 0.24606580
vt 0.60197840 0.24035900
vt 0.98602010 0.02055490
vt 0.97528090 0.01460330
vt 0.87302480 0.02840770
vt 0.89198250 0.02848610
vt 0.89215460 0.02002430
vt 0.87306350 0.01973650
vt 0.90886460 0.02865020
vt 0.90938990 0.02044370
vt 0.89234830 0.01191710
vt 0.87310290 0.01151600
vt 0.90999410 0.01248770
vt 0.85153850 0.03802490
vt 0.87298910 0.03775360
vt 0.85155530 0.02838870
vt 0.89184460 0.03747830
vt 0.90845700 0.03723100
vt 0.94504250 0.00865080
vt 0.92785360 0.00738220
vt 0.04019480 0.25878410
vt 0.04019480 0.25339690
vt 0.85157040 0.01955190
vt 0.85158330 0.01124850
vt 0.90874860 0.08369310
vt 0.89186940 0.08797280
vt 0.89200420 0.09790810
vt 0.90923420 0.09272380
vt 0.87291620 0.09177800
vt 0.87291990 0.10248270
vt 0.89215790 0.10771890
vt 0.87292240 0.11305430
vt 0.90837950 0.07448110
vt 0.89176810 0.07785160
vt 0.87291520 0.08087410
vt 0.85147010 0.08345790
vt 0.85145460 0.09502480
vt 0.85143760 0.10638160
vt 0.85141770 0.11759820
vt 0.11845770 0.25878410
vt 0.14208690 0.25878410
vt 0.14208690 0.25339690
vt 0.11845770 0.25339690
vt 0.16762240 0.25878410
vt 0.16762240 0.25339690
vt 0.09712050 0.25878410
vt 0.09712050 0.25339690
vt 0.77306150 0.01934970
vt 0.80092570 0.01937910
vt 0.80093350 0.01097900
vt 0.77305510 0.02844570
vt 0.80091700 0.02842520
vt 0.82734500 0.01944050
vt 0.82735450 0.01107870
vt 0.82733390 0.02840100
vt 0.33246230 0.24606580
vt 0.33246230 0.24035900
vt 0.77304810 0.03855380
vt 0.80090720 0.03844030
vt 0.82732110 0.03825940
vt 0.44018190 0.24606580
vt 0.44018190 0.24035900
vt 0.53543090 0.24606580
vt 0.53543090 0.24035900
vt 0.41578930 0.24606580
vt 0.41578930 0.24035900
vt 0.82724530 0.09763960
vt 0.80084550 0.09956930
vt 0.80083260 0.11189450
vt 0.82722900 0.10954240
vt 0.77300440 0.10076280
vt 0.77299570 0.11336080
vt 0.80081990 0.12408480
vt 0.82721160 0.12130550
vt 0.77298760 0.12582970
vt 0.82726080 0.08552650
vt 0.80085840 0.08704150
vt 0.77301340 0.08797130
vt 0.19442590 0.25878410
vt 0.19442590 0.25339690
vt 0.63521160 0.99542590
vt 0.63521960 0.98921790
vt 0.61046690 0.98906730
vt 0.61045430 0.99525190
vt 0.85139820 0.12682280
vt 0.87292060 0.12162940
vt 0.82730670 0.04920370
vt 0.80089600 0.04962880
vt 0.80088390 0.06171890
vt 0.82729140 0.06097580
vt 0.77304020 0.04988860
vt 0.77303160 0.06217100
vt 0.80087130 0.07432000
vt 0.82727610 0.07320660
vt 0.77302260 0.07499930
vt 0.85152050 0.04862550
vt 0.85148570 0.07167860
vt 0.85150260 0.05995550
vt 0.90816100 0.06506850
vt 0.90810080 0.05559940
vt 0.89170710 0.05720570
vt 0.89171290 0.06753310
vt 0.90819970 0.04625850
vt 0.89175130 0.04710790
vt 0.87293540 0.05867990
vt 0.87292110 0.06976400
vt 0.87295840 0.04791270
vt 0.92255130 0.06245570
vt 0.92238530 0.05392800
vt 0.92259000 0.04541090
vt 0.95524720 0.05461590
vt 0.95505010 0.04887560
vt 0.94560800 0.05056720
vt 0.94598720 0.05712300
vt 0.95528370 0.04297610
vt 0.94602460 0.04381590
vt 0.93481030 0.05224730
vt 0.93512360 0.05978020
vt 0.93516180 0.04460000
vt 0.52104200 0.97126570
vt 0.50843060 0.97048550
vt 0.50480160 0.97740630
vt 0.51870240 0.97881250
vt 0.50063440 0.98443180
vt 0.51601920 0.98630800
vt 0.49814470 0.96900350
vt 0.49317940 0.97490560
vt 0.48750310 0.98115660
vt 0.53643510 0.96347980
vt 0.52283360 0.96363120
vt 0.53545190 0.97163620
vt 0.53418210 0.97956210
vt 0.53272980 0.98732950
vt 0.55009660 0.98799790
vt 0.53156680 0.99321210
vt 0.54958810 0.99399960
vt 0.48296470 0.98602760
vt 0.49726640 0.98982450
vt 0.58835300 0.98882310
vt 0.56844000 0.98847610
vt 0.56827310 0.99456330
vt 0.58831640 0.99496910
vt 0.61048370 0.88272390
vt 0.63522280 0.87895730
vt 0.63522950 0.86917390
vt 0.61049560 0.87349650
vt 0.48459730 0.97080460
vt 0.47758210 0.97597380
vt 0.49092800 0.96620210
vt 0.50163530 0.96331880
vt 0.49552700 0.96287290
vt 0.51111940 0.96359480
vt 0.49817030 0.93675180
vt 0.50842800 0.93137320
vt 0.50481100 0.92609490
vt 0.49322410 0.93326260
vt 0.50066520 0.92099200
vt 0.48757310 0.92985860
vt 0.52103310 0.92619700
vt 0.51870050 0.91943690
vt 0.51603310 0.91285280
vt 0.49556460 0.94361730
vt 0.50165750 0.94075630
vt 0.49097270 0.94243870
vt 0.48466160 0.94095530
vt 0.47766960 0.93939500
vt 0.47166630 0.94946480
vt 0.47234750 0.93823510
vt 0.46571110 0.94970700
vt 0.51394050 0.90794170
vt 0.49741310 0.91725220
vt 0.69052310 0.99553780
vt 0.69052390 0.98931210
vt 0.66214020 0.98929090
vt 0.66213630 0.99551150
vt 0.53275200 0.90544320
vt 0.55013480 0.89872100
vt 0.54969860 0.89177230
vt 0.53166040 0.89946230
vt 0.53419290 0.91328670
vt 0.53545650 0.92127690
vt 0.52282680 0.93323510
vt 0.53643770 0.92948180
vt 0.51111890 0.93705520
vt 0.48723070 0.96139570
vt 0.48616600 0.95525220
vt 0.47799070 0.95727710
vt 0.47958640 0.96475580
vt 0.46965130 0.95944810
vt 0.47160940 0.96855390
vt 0.48726200 0.94870440
vt 0.47962870 0.94912210
vt 0.49475670 0.95886340
vt 0.47209290 0.98004980
vt 0.46343480 0.96110170
vt 0.56848380 0.89267340
vt 0.56837950 0.88485810
vt 0.71966000 0.99553760
vt 0.71965930 0.98931120
vt 0.49478080 0.94780550
vt 0.49441120 0.95336990
vt 0.58845480 0.97193410
vt 0.56886470 0.97190400
vt 0.56866630 0.98036830
vt 0.58840720 0.98060360
vt 0.55132250 0.97181830
vt 0.55075010 0.98003720
vt 0.61051270 0.96229160
vt 0.58849330 0.96259090
vt 0.61049970 0.97192690
vt 0.61048430 0.98076350
vt 0.46554570 0.97152390
vt 0.55176750 0.96321830
vt 0.56902020 0.96290830
vt 0.55134570 0.91666540
vt 0.56889800 0.91241320
vt 0.56870650 0.90248000
vt 0.55078040 0.90762870
vt 0.58848610 0.90859220
vt 0.58844240 0.89789080
vt 0.58838720 0.88732270
vt 0.55178360 0.92589130
vt 0.48319530 0.92737500
vt 0.58839430 0.87874880
vt 0.66213560 0.87613470
vt 0.66214200 0.86591520
vt 0.74878720 0.87436120
vt 0.74878200 0.86385720
vt 0.71965210 0.86314580
vt 0.71965190 0.87375140
vt 0.61050610 0.89394060
vt 0.61052210 0.90529810
vt 0.58851680 0.91949230
vt 0.61053230 0.91686510
vt 0.56904390 0.92253410
vt 0.69052540 0.98088970
vt 0.66214570 0.98088890
vt 0.63523040 0.98085450
vt 0.69052720 0.97179120
vt 0.66215130 0.97183980
vt 0.63524030 0.97189180
vt 0.74879730 0.99553470
vt 0.74879490 0.98930900
vt 0.51384750 0.99201380
vt 0.63524940 0.96203050
vt 0.66215650 0.96182030
vt 0.69052890 0.96167920
vt 0.71965710 0.97176900
vt 0.71965600 0.96162690
vt 0.71965820 0.98088290
vt 0.63525090 0.90263020
vt 0.66215340 0.90065890
vt 0.66214530 0.88832840
vt 0.63523880 0.89072300
vt 0.69052460 0.89943850
vt 0.69052080 0.88683620
vt 0.69051670 0.87436480
vt 0.63525870 0.91474790
vt 0.69052200 0.86386070
vt 0.95174350 0.92981000
vt 0.95612080 0.92732540
vt 0.94189290 0.91720350
vt 0.93864340 0.92094530
vt 0.80411060 0.99541560
vt 0.82886900 0.99523740
vt 0.82885440 0.98905280
vt 0.80410060 0.98920760
vt 0.71965190 0.88632130
vt 0.71965210 0.89901940
vt 0.69052780 0.91223590
vt 0.71965250 0.91190840
vt 0.66215920 0.91319320
vt 0.63525660 0.95108320
vt 0.66216040 0.95062640
vt 0.66216260 0.93852990
vt 0.63526120 0.93930730
vt 0.66216230 0.92592170
vt 0.63526210 0.92707250
vt 0.69053020 0.95033910
vt 0.69053050 0.93805010
vt 0.69052980 0.92521480
vt 0.61052480 0.95169250
vt 0.61053250 0.94036450
vt 0.61053520 0.92864340
vt 0.71965310 0.92497310
vt 0.71965400 0.93788520
vt 0.71965490 0.95023850
vt 0.55205290 0.93532190
vt 0.55213990 0.94480950
vt 0.56915680 0.94317880
vt 0.56913180 0.93285230
vt 0.58853410 0.94167480
vt 0.58853300 0.93059680
vt 0.55204390 0.95416980
vt 0.56911900 0.95327650
vt 0.58852040 0.95243610
vt 0.53704270 0.93792700
vt 0.53704050 0.95506450
vt 0.53724430 0.94650080
vt 0.50296090 0.94584020
vt 0.50315970 0.95160290
vt 0.51296340 0.94989620
vt 0.51256300 0.94328660
vt 0.52425170 0.94819920
vt 0.52390290 0.94060240
vt 0.50294410 0.95752520
vt 0.51255860 0.95670010
vt 0.52390420 0.95591010
vt 0.91827440 0.97122300
vt 0.92061480 0.97876840
vt 0.93451240 0.97735840
vt 0.93088470 0.97043880
vt 0.94613240 0.97485760
vt 0.94116990 0.96895570
vt 0.92329900 0.98626270
vt 0.93867800 0.98438290
vt 0.95180410 0.98110980
vt 0.90288060 0.96344420
vt 0.90386550 0.97159950
vt 0.91648230 0.96358980
vt 0.92819650 0.96354940
vt 0.93768080 0.96327160
vt 0.94838700 0.96615520
vt 0.94378910 0.96282570
vt 0.95471490 0.97075970
vt 0.96172470 0.97593370
vt 0.82881940 0.88271140
vt 0.82880900 0.87348440
vt 0.80407510 0.86916380
vt 0.80408100 0.87894680
vt 0.85096940 0.98880400
vt 0.85100840 0.99494990
vt 0.87105280 0.99453870
vt 0.87088340 0.98845160
vt 0.94204450 0.98977540
vt 0.95633750 0.98598300
vt 0.88922690 0.98796690
vt 0.88973810 0.99396840
vt 0.90775790 0.99317310
vt 0.90659220 0.98729120
vt 0.90513720 0.97952450
vt 0.94114670 0.93670550
vt 0.94609290 0.93321530
vt 0.93450010 0.92605030
vt 0.93088480 0.93132980
vt 0.92060510 0.91939870
vt 0.91827550 0.92615940
vt 0.92326850 0.91281320
vt 0.94375410 0.94357110
vt 0.94834710 0.94239220
vt 0.93765950 0.94071050
vt 0.92819530 0.93701250
vt 0.91648430 0.93319750
vt 0.90384870 0.92124650
vt 0.90287050 0.92945060
vt 0.90510890 0.91325670
vt 0.90654570 0.90541300
vt 0.90763380 0.89943150
vt 0.88959690 0.89175090
vt 0.88916240 0.89869930
vt 0.77718480 0.99550500
vt 0.77717920 0.98928440
vt 0.92535720 0.90790050
vt 0.96765800 0.94942580
vt 0.97361450 0.94967290
vt 0.96697650 0.93819130
vt 0.96165330 0.93934990
vt 0.95465970 0.94090910
vt 0.95208640 0.96135010
vt 0.95972930 0.96471380
vt 0.96132930 0.95723560
vt 0.95315340 0.95520690
vt 0.95969370 0.94907870
vt 0.95205860 0.94865880
vt 0.96770300 0.96851940
vt 0.96966870 0.95941390
vt 0.94456060 0.95881650
vt 0.94490730 0.95332320
vt 0.94453820 0.94775910
vt 0.92547210 0.99196760
vt 0.87091980 0.88484250
vt 0.87081520 0.89265700
vt 0.97588470 0.96107570
vt 0.96720730 0.98001610
vt 0.85086200 0.97191530
vt 0.85091230 0.98058460
vt 0.87065400 0.98034400
vt 0.87045270 0.97188010
vt 0.88857020 0.98000660
vt 0.88799520 0.97178820
vt 0.82880050 0.96227750
vt 0.82881610 0.97191270
vt 0.85082050 0.96257250
vt 0.87029450 0.96288480
vt 0.88754790 0.96318890
vt 0.97376260 0.97149870
vt 0.82883420 0.98074910
vt 0.88795720 0.91664200
vt 0.88851960 0.90760620
vt 0.87059350 0.90246280
vt 0.87040380 0.91239490
vt 0.85085860 0.89787640
vt 0.85081570 0.90857730
vt 0.85091420 0.88730880
vt 0.88752220 0.92586660
vt 0.87026020 0.92251470
vt 0.85078660 0.91947670
vt 0.82878040 0.90528530
vt 0.82877120 0.91685220
vt 0.82879620 0.89392800
vt 0.77716220 0.86590810
vt 0.77716820 0.87612740
vt 0.85090860 0.87873540
vt 0.77717130 0.98088240
vt 0.74879120 0.98088660
vt 0.77716340 0.97183320
vt 0.74878720 0.97178800
vt 0.80408730 0.98084420
vt 0.80407480 0.97188140
vt 0.74878320 0.96167590
vt 0.77715580 0.96181370
vt 0.80406320 0.96202030
vt 0.80405250 0.90261980
vt 0.80406450 0.89071260
vt 0.77715830 0.88832110
vt 0.77715050 0.90065170
vt 0.74878310 0.88683250
vt 0.74877950 0.89943490
vt 0.80404540 0.91473770
vt 0.77714540 0.91318610
vt 0.74877720 0.91223230
vt 0.80405340 0.95107300
vt 0.80404630 0.93929720
vt 0.77714510 0.93852310
vt 0.77714950 0.95061970
vt 0.74877730 0.93804670
vt 0.74877980 0.95033570
vt 0.80404340 0.92706230
vt 0.77714360 0.92591480
vt 0.74877640 0.92521130
vt 0.82878560 0.95167870
vt 0.82877020 0.92863020
vt 0.82877520 0.94035100
vt 0.88725550 0.93529580
vt 0.87017490 0.93283170
vt 0.87015250 0.94315710
vt 0.88717090 0.94478220
vt 0.87019290 0.95325380
vt 0.88726930 0.95414130
vt 0.85077260 0.93058040
vt 0.85077420 0.94165760
vt 0.85079060 0.95241830
vt 0.90226780 0.93789480
vt 0.90206830 0.94646750
vt 0.90227370 0.95503000
vt 0.93635650 0.94579450
vt 0.92675230 0.94324380
vt 0.92635250 0.94985290
vt 0.93615760 0.95155700
vt 0.92675750 0.95665590
vt 0.93637270 0.95747880
vt 0.91541000 0.94056430
vt 0.91506250 0.94816020
vt 0.91541100 0.95587000
vt 0.51400160 0.07279260
vt 0.52800260 0.08283330
vt 0.54413410 0.09212700
vt 0.71591250 0.00468280
vt 0.68804640 0.00471760
vt 0.61585880 0.00527190
vt 0.56114910 0.00723340
vt 0.54396670 0.00848200
vt 0.52778050 0.01065250
vt 0.51374060 0.01438560
vt 0.63749200 0.12674260
vt 0.66169170 0.13102240
vt 0.59648940 0.00571610
vt 0.57850990 0.00635800
vt 0.49437390 0.03917960
vt 0.02139230 0.24606580
vt 0.02139230 0.24035900
vt 0.59660720 0.11542900
vt 0.61597120 0.12153330
vt 0.74444240 0.13703230
vt 0.77298160 0.13632980
vt 0.68807640 0.13425760
vt 0.71590340 0.13630860
vt 0.97490890 0.07301190
vt 0.96090030 0.08302770
vt 0.94476340 0.09229720
vt 0.80093930 0.00475960
vt 0.82736070 0.00487210
vt 0.85159150 0.00506510
vt 0.91048760 0.00648900
vt 0.96123600 0.01084410
vt 0.82719630 0.13108460
vt 0.87313190 0.00537030
vt 0.89250420 0.00583090
vt 0.99251100 0.02905960
vt 0.99459450 0.03945250
vt 0.89228540 0.11554030
vt 0.00355000 0.24606580
vt 0.00355000 0.24035900
vt 0.80080970 0.13429990
vt 0.02139230 0.24755170
vt 0.03720620 0.24755170
vt 0.50169380 0.06236410
vt 0.51273880 0.07352260
vt 0.00355000 0.24755170
vt 0.52708180 0.08385310
vt 0.42232070 0.26016150
vt 0.44065660 0.26016150
vt 0.54354320 0.09336030
vt 0.40352980 0.26016150
vt 0.56094760 0.10204730
vt 0.30371670 0.24755170
vt 0.33246230 0.24755170
vt 0.74449280 0.00325890
vt 0.71590610 0.00325890
vt 0.27570100 0.24755170
vt 0.68803380 0.00329430
vt 0.24913540 0.24755170
vt 0.66160780 0.00338770
vt 0.22474280 0.24755170
vt 0.63737240 0.00356300
vt 0.12949380 0.24755170
vt 0.14718640 0.24755170
vt 0.56084530 0.00583960
vt 0.54342820 0.00711630
vt 0.11268510 0.24755170
vt 0.52695300 0.00934140
vt 0.09769520 0.24755170
vt 0.51260760 0.01317580
vt 0.08501370 0.24755170
vt 0.50158160 0.01927140
vt 0.20299220 0.24755170
vt 0.61582270 0.00385270
vt 0.18333660 0.24755170
vt 0.59641850 0.00430060
vt 0.16498980 0.24755170
vt 0.57835770 0.00494970
vt 0.07393990 0.24755170
vt 0.49485870 0.02802260
vt 0.06294630 0.24755170
vt 0.49264220 0.03875770
vt 0.05091800 0.24755170
vt 0.49492660 0.05051960
vt 0.38496850 0.26016150
vt 0.57845620 0.10990320
vt 0.36623900 0.26016150
vt 0.59651680 0.11689810
vt 0.34660410 0.26016150
vt 0.61591620 0.12300480
vt 0.32526690 0.26016150
vt 0.63745130 0.12820850
vt 0.30163770 0.26016150
vt 0.66166100 0.13248280
vt 0.27610220 0.26016150
vt 0.68805520 0.13571380
vt 0.24929880 0.26016150
vt 0.71589210 0.13776200
vt 0.22186230 0.26016150
vt 0.74444190 0.13848480
vt 0.97617000 0.07374360
vt 0.98722650 0.06261100
vt 0.62771840 0.24755170
vt 0.64353240 0.24755170
vt 0.96181940 0.08404860
vt 0.66137470 0.24755170
vt 0.94535260 0.09353110
vt 0.00306810 0.26016150
vt 0.02140390 0.26016150
vt 0.92794510 0.10219500
vt 0.04019480 0.26016150
vt 0.77307990 0.00327990
vt 0.36120790 0.24755170
vt 0.80095300 0.00333630
vt 0.38922370 0.24755170
vt 0.82738020 0.00344990
vt 0.41578930 0.24755170
vt 0.85161730 0.00364420
vt 0.44018190 0.24755170
vt 0.94558240 0.00728540
vt 0.92815860 0.00598850
vt 0.51773830 0.24755170
vt 0.53543090 0.24755170
vt 0.96206530 0.00953360
vt 0.55223960 0.24755170
vt 0.97641710 0.01339500
vt 0.56722940 0.24755170
vt 0.98744050 0.01952220
vt 0.57991090 0.24755170
vt 0.87316890 0.00395130
vt 0.46193250 0.24755170
vt 0.89257610 0.00441550
vt 0.48158800 0.24755170
vt 0.91064100 0.00508090
vt 0.49993490 0.24755170
vt 0.99414230 0.02829860
vt 0.59098480 0.24755170
vt 0.99632720 0.03903900
vt 0.60197840 0.24755170
vt 0.99401410 0.05078880
vt 0.61400660 0.24755170
vt 0.91043570 0.11003100
vt 0.05875610 0.26016150
vt 0.89237510 0.11700920
vt 0.07748560 0.26016150
vt 0.87297510 0.12310080
vt 0.09712050 0.26016150
vt 0.85143810 0.12828870
vt 0.11845770 0.26016150
vt 0.82722610 0.13254500
vt 0.14208690 0.26016150
vt 0.80082990 0.13575600
vt 0.16762240 0.26016150
vt 0.77299200 0.13778330
vt 0.19442590 0.26016150
vt 0.48203750 0.92663450
vt 0.47090640 0.93785290
vt 0.03720620 0.23891760
vt 0.02139230 0.23891760
vt 0.49659710 0.91622270
vt 0.00355000 0.23891760
vt 0.51345140 0.90670160
vt 0.44065660 0.25202650
vt 0.42232070 0.25202650
vt 0.53142330 0.89808750
vt 0.40352980 0.25202650
vt 0.69052930 0.99696140
vt 0.71966020 0.99696140
vt 0.33246230 0.23891760
vt 0.30371670 0.23891760
vt 0.66214740 0.99693450
vt 0.27570100 0.23891760
vt 0.63522670 0.99684770
vt 0.24913540 0.23891760
vt 0.61047330 0.99667200
vt 0.22474280 0.23891760
vt 0.51341070 0.99338420
vt 0.53135500 0.99460690
vt 0.14718640 0.23891760
vt 0.12949380 0.23891760
vt 0.49654680 0.99114350
vt 0.11268510 0.23891760
vt 0.48194120 0.98724670
vt 0.09769520 0.23891760
vt 0.47078260 0.98109320
vt 0.08501370 0.23891760
vt 0.58833540 0.99638640
vt 0.20299220 0.23891760
vt 0.56826960 0.99597670
vt 0.18333660 0.23891760
vt 0.54951600 0.99540650
vt 0.16498980 0.23891760
vt 0.46401930 0.97229290
vt 0.07393990 0.23891760
vt 0.46180400 0.96151880
vt 0.06294630 0.23891760
vt 0.46410600 0.94972680
vt 0.05091800 0.23891760
vt 0.54960820 0.89032980
vt 0.38496850 0.25202650
vt 0.56835550 0.88339230
vt 0.36623900 0.25202650
vt 0.58839150 0.87728110
vt 0.34660410 0.25202650
vt 0.61049590 0.87203360
vt 0.32526690 0.25202650
vt 0.63523070 0.86771600
vt 0.30163770 0.25202650
vt 0.66214370 0.86446110
vt 0.27610220 0.25202650
vt 0.69052340 0.86240920
vt 0.24929880 0.25202650
vt 0.71965210 0.86169520
vt 0.22186230 0.25202650
vt 0.64353240 0.23891760
vt 0.62771840 0.23891760
vt 0.96841870 0.93780980
vt 0.95727870 0.92658440
vt 0.66137470 0.23891760
vt 0.94270800 0.91617330
vt 0.02140390 0.25202650
vt 0.00306810 0.25202650
vt 0.92584500 0.90665980
vt 0.04019480 0.25202650
vt 0.90786980 0.89805670
vt 0.36120790 0.23891760
vt 0.74879150 0.99695830
vt 0.38922370 0.23891760
vt 0.77717420 0.99692800
vt 0.41578930 0.23891760
vt 0.80409600 0.99683740
vt 0.44018190 0.23891760
vt 0.82885060 0.99665740
vt 0.53543090 0.23891760
vt 0.51773830 0.23891760
vt 0.90797070 0.99456780
vt 0.92590930 0.99333780
vt 0.55223960 0.23891760
vt 0.94276350 0.99109410
vt 0.56722940 0.23891760
vt 0.95735870 0.98720270
vt 0.57991090 0.23891760
vt 0.96851370 0.98106290
vt 0.46193250 0.23891760
vt 0.85098980 0.99636720
vt 0.48158800 0.23891760
vt 0.87105690 0.99595210
vt 0.49993490 0.23891760
vt 0.88981120 0.99537530
vt 0.59098480 0.23891760
vt 0.97528630 0.97227350
vt 0.60197840 0.23891760
vt 0.97751540 0.96149770
vt 0.61400660 0.23891760
vt 0.97522080 0.94969530
vt 0.05875610 0.25202650
vt 0.88968690 0.89030860
vt 0.07748560 0.25202650
vt 0.87094410 0.88337680
vt 0.09712050 0.25202650
vt 0.85091200 0.87726780
vt 0.11845770 0.25202650
vt 0.82880920 0.87202140
vt 0.14208690 0.25202650
vt 0.80407420 0.86770580
vt 0.16762240 0.25202650
vt 0.77716060 0.86445400
vt 0.19442590 0.25202650
vt 0.74878070 0.86240570
f 1/1 2/2 3/3
f 4/4 5/5 6/6
f 7/7 8/8 9/9
f 10/10 11/11 12/12
f 13/13 14/14 15/15
f 16/16 17/17 18/18
f 19/19 20/20 21/21
f 22/22 23/23 24/24
f 25/25 26/26 27/27
f 28/28 29/29 30/30
f 31/31 32/32 33/33
f 34/34 35/35 36/36
f 37/37 38/38 39/39
f 40/40 41/41 42/42
f 43/43 44/44 45/45
f 46/46 47/47 48/48
f 49/49 50/50 51/51
f 52/52 53/53 54/54
f 55/55 56/56 57/57
f 58/58 59/59 60/60
f 61/61 62/62 63/63
f 61/61 63/63 64/64
f 65/65 66/66 67/67
f 65/65 67/67 68/68
f 69/69 70/70 71/71
f 69/69 71/71 72/72
f 73/73 74/74 62/62
f 73/73 62/62 61/61
f 75/75 76/76 77/77
f 75/75 77/77 78/78
f 79/79 80/80 81/81
f 79/79 81/81 82/82
f 83/83 84/84 64/64
f 83/83 64/64 63/63
f 85/85 86/86 87/87
f 85/85 87/87 88/88
f 82/82 81/81 89/89
f 82/82 89/89 90/90
f 84/84 83/83 91/91
f 84/84 91/91 92/92
f 93/93 85/85 88/88
f 93/93 88/88 94/94
f 95/95 75/75 78/78
f 95/95 78/78 96/96
f 92/92 91/91 97/97
f 92/92 97/97 98/98
f 99/99 65/65 68/68
f 99/99 68/68 100/100
f 101/101 102/102 103/103
f 101/101 103/103 104/104
f 80/80 79/79 105/105
f 80/80 105/105 106/106
f 99/99 100/100 77/77
f 99/99 77/77 76/76
f 93/93 94/94 103/103
f 93/93 103/103 102/102
f 72/72 71/71 106/106
f 72/72 106/106 105/105
f 101/101 107/107 108/108
f 101/101 108/108 109/109
f 109/109 108/108 110/110
f 109/109 110/110 111/111
f 75/75 95/95 112/112
f 75/75 112/112 113/113
f 113/113 112/112 97/97
f 113/113 97/97 91/91
f 88/88 87/87 114/114
f 88/88 114/114 115/115
f 115/115 114/114 69/69
f 115/115 69/69 72/72
f 68/68 67/67 116/116
f 68/68 116/116 117/117
f 117/117 116/116 89/89
f 117/117 89/89 81/81
f 66/66 65/65 118/118
f 66/66 118/118 119/119
f 119/119 118/118 62/62
f 119/119 62/62 74/74
f 120/120 104/104 121/121
f 120/120 121/121 122/122
f 122/122 121/121 82/82
f 122/122 82/82 90/90
f 86/86 85/85 123/123
f 86/86 123/123 124/124
f 124/124 123/123 125/125
f 124/124 125/125 126/126
f 96/96 78/78 127/127
f 96/96 127/127 128/128
f 128/128 127/127 71/71
f 128/128 71/71 70/70
f 83/83 63/63 129/129
f 83/83 129/129 130/130
f 130/130 129/129 99/99
f 130/130 99/99 76/76
f 80/80 106/106 131/131
f 80/80 131/131 132/132
f 132/132 131/131 77/77
f 132/132 77/77 100/100
f 133/133 134/134 135/135
f 133/133 135/135 136/136
f 136/136 135/135 93/93
f 136/136 93/93 102/102
f 105/105 79/79 137/137
f 105/105 137/137 138/138
f 138/138 137/137 103/103
f 138/138 103/103 94/94
f 85/85 93/93 135/135
f 85/85 135/135 123/123
f 123/123 135/135 134/134
f 123/123 134/134 125/125
f 76/76 75/75 113/113
f 76/76 113/113 130/130
f 130/130 113/113 91/91
f 130/130 91/91 83/83
f 102/102 101/101 109/109
f 102/102 109/109 136/136
f 136/136 109/109 111/111
f 136/136 111/111 133/133
f 65/65 99/99 129/129
f 65/65 129/129 118/118
f 118/118 129/129 63/63
f 118/118 63/63 62/62
f 72/72 105/105 138/138
f 72/72 138/138 115/115
f 115/115 138/138 94/94
f 115/115 94/94 88/88
f 79/79 82/82 121/121
f 79/79 121/121 137/137
f 137/137 121/121 104/104
f 137/137 104/104 103/103
f 81/81 80/80 132/132
f 81/81 132/132 117/117
f 117/117 132/132 100/100
f 117/117 100/100 68/68
f 106/106 71/71 127/127
f 106/106 127/127 131/131
f 131/131 127/127 78/78
f 131/131 78/78 77/77
f 107/107 101/101 104/104
f 107/107 104/104 120/120
f 139/139 140/140 141/141
f 139/139 141/141 142/142
f 143/143 144/144 145/145
f 143/143 145/145 146/146
f 147/147 148/148 149/149
f 147/147 149/149 150/150
f 151/151 152/152 140/140
f 151/151 140/140 139/139
f 153/153 154/154 155/155
f 153/153 155/155 156/156
f 157/157 158/158 159/159
f 157/157 159/159 160/160
f 161/161 162/162 142/142
f 161/161 142/142 141/141
f 163/163 164/164 165/165
f 163/163 165/165 166/166
f 160/160 159/159 167/167
f 160/160 167/167 168/168
f 162/162 161/161 169/169
f 162/162 169/169 170/170
f 171/171 163/163 166/166
f 171/171 166/166 172/172
f 173/173 153/153 156/156
f 173/173 156/156 174/174
f 170/170 169/169 175/175
f 170/170 175/175 176/176
f 177/177 143/143 146/146
f 177/177 146/146 178/178
f 179/179 180/180 181/181
f 179/179 181/181 182/182
f 158/158 157/157 183/183
f 158/158 183/183 184/184
f 177/177 178/178 155/155
f 177/177 155/155 154/154
f 171/171 172/172 181/181
f 171/171 181/181 180/180
f 150/150 149/149 184/184
f 150/150 184/184 183/183
f 179/179 185/185 186/186
f 179/179 186/186 187/187
f 187/187 186/186 151/151
f 187/187 151/151 139/139
f 153/153 173/173 188/188
f 153/153 188/188 189/189
f 189/189 188/188 175/175
f 189/189 175/175 169/169
f 166/166 165/165 190/190
f 166/166 190/190 191/191
f 191/191 190/190 192/192
f 191/191 192/192 193/193
f 146/146 145/145 194/194
f 146/146 194/194 195/195
f 195/195 194/194 167/167
f 195/195 167/167 159/159
f 144/144 143/143 196/196
f 144/144 196/196 197/197
f 197/197 196/196 140/140
f 197/197 140/140 152/152
f 198/198 182/182 199/199
f 198/198 199/199 200/200
f 200/200 199/199 201/201
f 200/200 201/201 202/202
f 164/164 163/163 203/203
f 164/164 203/203 204/204
f 204/204 203/203 170/170
f 204/204 170/170 176/176
f 174/174 156/156 205/205
f 174/174 205/205 206/206
f 206/206 205/205 149/149
f 206/206 149/149 148/148
f 161/161 141/141 207/207
f 161/161 207/207 208/208
f 208/208 207/207 177/177
f 208/208 177/177 154/154
f 158/158 184/184 209/209
f 158/158 209/209 210/210
f 210/210 209/209 155/155
f 210/210 155/155 178/178
f 142/142 162/162 211/211
f 142/142 211/211 212/212
f 212/212 211/211 171/171
f 212/212 171/171 180/180
f 213/213 214/214 215/215
f 213/213 215/215 216/216
f 216/216 215/215 181/181
f 216/216 181/181 172/172
f 163/163 171/171 211/211
f 163/163 211/211 203/203
f 203/203 211/211 162/162
f 203/203 162/162 170/170
f 154/154 153/153 189/189
f 154/154 189/189 208/208
f 208/208 189/189 169/169
f 208/208 169/169 161/161
f 180/180 179/179 187/187
f 180/180 187/187 212/212
f 212/212 187/187 139/139
f 212/212 139/139 142/142
f 143/143 177/177 207/207
f 143/143 207/207 196/196
f 196/196 207/207 141/141
f 196/196 141/141 140/140
f 193/193 213/213 216/216
f 193/193 216/216 191/191
f 191/191 216/216 172/172
f 191/191 172/172 166/166
f 214/214 201/201 199/199
f 214/214 199/199 215/215
f 215/215 199/199 182/182
f 215/215 182/182 181/181
f 159/159 158/158 210/210
f 159/159 210/210 195/195
f 195/195 210/210 178/178
f 195/195 178/178 146/146
f 184/184 149/149 205/205
f 184/184 205/205 209/209
f 209/209 205/205 156/156
f 209/209 156/156 155/155
f 185/185 179/179 182/182
f 185/185 182/182 198/198
f 217/217 218/218 219/219
f 217/217 219/219 220/220
f 221/221 222/222 223/223
f 221/221 223/223 224/224
f 225/225 226/226 227/227
f 225/225 227/227 228/228
f 229/229 230/230 231/231
f 229/229 231/231 232/232
f 233/233 234/234 235/235
f 233/233 235/235 236/236
f 237/237 238/238 239/239
f 237/237 239/239 240/240
f 241/241 242/242 243/243
f 241/241 243/243 244/244
f 245/245 246/246 247/247
f 245/245 247/247 248/248
f 248/248 247/247 225/225
f 248/248 225/225 228/228
f 219/219 218/218 249/249
f 219/219 249/249 250/250
f 250/250 249/249 227/227
f 250/250 227/227 226/226
f 251/251 252/252 253/253
f 251/251 253/253 254/254
f 254/254 253/253 255/255
f 254/254 255/255 256/256
f 217/217 220/220 257/257
f 217/217 257/257 258/258
f 258/258 257/257 231/231
f 258/258 231/231 230/230
f 238/238 237/237 259/259
f 238/238 259/259 260/260
f 260/260 259/259 222/222
f 260/260 222/222 221/221
f 240/240 239/239 261/261
f 240/240 261/261 262/262
f 262/262 261/261 236/236
f 262/262 236/236 235/235
f 263/263 264/264 265/265
f 263/263 265/265 266/266
f 266/266 265/265 224/224
f 266/266 224/224 223/223
f 244/244 243/243 267/267
f 244/244 267/267 268/268
f 268/268 267/267 234/234
f 268/268 234/234 233/233
f 245/245 252/252 251/251
f 245/245 251/251 246/246
f 269/269 270/270 271/271
f 269/269 271/271 272/272
f 273/273 274/274 275/275
f 273/273 275/275 276/276
f 277/277 278/278 279/279
f 277/277 279/279 280/280
f 281/281 282/282 283/283
f 281/281 283/283 284/284
f 285/285 286/286 287/287
f 285/285 287/287 288/288
f 289/289 290/290 291/291
f 289/289 291/291 292/292
f 293/293 294/294 295/295
f 293/293 295/295 296/296
f 297/297 298/298 299/299
f 297/297 299/299 300/300
f 282/282 301/301 302/302
f 282/282 302/302 283/283
f 303/303 304/304 305/305
f 303/303 305/305 306/306
f 307/307 308/308 309/309
f 307/307 309/309 310/310
f 304/304 311/311 312/312
f 304/304 312/312 305/305
f 286/286 313/313 314/314
f 286/286 314/314 287/287
f 313/313 315/315 316/316
f 313/313 316/316 314/314
f 317/317 269/269 272/272
f 317/317 272/272 318/318
f 319/319 307/307 310/310
f 319/319 310/310 320/320
f 294/294 319/319 320/320
f 294/294 320/320 295/295
f 311/311 297/297 300/300
f 311/311 300/300 312/312
f 301/301 289/289 292/292
f 301/301 292/292 302/302
f 315/315 317/317 318/318
f 315/315 318/318 316/316
f 308/308 277/277 280/280
f 308/308 280/280 309/309
f 298/298 321/321 322/322
f 298/298 322/322 299/299
f 290/290 273/273 276/276
f 290/290 276/276 291/291
f 280/280 279/279 323/323
f 280/280 323/323 324/324
f 325/325 326/326 327/327
f 325/325 327/327 328/328
f 328/328 327/327 270/270
f 328/328 270/270 269/269
f 322/322 329/329 330/330
f 322/322 330/330 331/331
f 331/331 330/330 332/332
f 331/331 332/332 333/333
f 333/333 332/332 278/278
f 333/333 278/278 277/277
f 276/276 275/275 334/334
f 276/276 334/334 335/335
f 335/335 334/334 336/336
f 335/335 336/336 337/337
f 337/337 336/336 338/338
f 337/337 338/338 321/321
f 282/282 281/281 339/339
f 282/282 339/339 340/340
f 340/340 339/339 341/341
f 340/340 341/341 342/342
f 342/342 341/341 288/288
f 342/342 288/288 287/287
f 296/296 295/295 343/343
f 296/296 343/343 344/344
f 345/345 346/346 347/347
f 345/345 347/347 348/348
f 348/348 347/347 286/286
f 348/348 286/286 285/285
f 320/320 310/310 349/349
f 320/320 349/349 350/350
f 351/351 352/352 353/353
f 351/351 353/353 354/354
f 354/354 353/353 315/315
f 354/354 315/315 313/313
f 309/309 280/280 324/324
f 309/309 324/324 355/355
f 356/356 325/325 328/328
f 356/356 328/328 357/357
f 357/357 328/328 269/269
f 357/357 269/269 317/317
f 306/306 305/305 358/358
f 306/306 358/358 359/359
f 359/359 358/358 360/360
f 359/359 360/360 361/361
f 361/361 360/360 294/294
f 361/361 294/294 293/293
f 312/312 300/300 362/362
f 312/312 362/362 363/363
f 363/363 362/362 364/364
f 363/363 364/364 365/365
f 365/365 364/364 307/307
f 365/365 307/307 319/319
f 299/299 322/322 331/331
f 299/299 331/331 366/366
f 366/366 331/331 333/333
f 366/366 333/333 367/367
f 367/367 333/333 277/277
f 367/367 277/277 308/308
f 284/284 283/283 368/368
f 284/284 368/368 369/369
f 369/369 368/368 370/370
f 369/369 370/370 371/371
f 371/371 370/370 304/304
f 371/371 304/304 303/303
f 302/302 292/292 372/372
f 302/302 372/372 373/373
f 373/373 372/372 374/374
f 373/373 374/374 375/375
f 375/375 374/374 297/297
f 375/375 297/297 311/311
f 291/291 276/276 335/335
f 291/291 335/335 376/376
f 376/376 335/335 337/337
f 376/376 337/337 377/377
f 377/377 337/337 321/321
f 377/377 321/321 298/298
f 274/274 273/273 378/378
f 274/274 378/378 379/379
f 379/379 378/378 380/380
f 379/379 380/380 381/381
f 381/381 380/380 272/272
f 381/381 272/272 271/271
f 290/290 289/289 382/382
f 290/290 382/382 383/383
f 383/383 382/382 384/384
f 383/383 384/384 385/385
f 385/385 384/384 316/316
f 385/385 316/316 318/318
f 301/301 282/282 340/340
f 301/301 340/340 386/386
f 386/386 340/340 342/342
f 386/386 342/342 387/387
f 387/387 342/342 287/287
f 387/387 287/287 314/314
f 295/295 320/320 350/350
f 295/295 350/350 343/343
f 346/346 351/351 354/354
f 346/346 354/354 347/347
f 347/347 354/354 313/313
f 347/347 313/313 286/286
f 305/305 312/312 363/363
f 305/305 363/363 358/358
f 358/358 363/363 365/365
f 358/358 365/365 360/360
f 360/360 365/365 319/319
f 360/360 319/319 294/294
f 283/283 302/302 373/373
f 283/283 373/373 368/368
f 368/368 373/373 375/375
f 368/368 375/375 370/370
f 370/370 375/375 311/311
f 370/370 311/311 304/304
f 289/289 301/301 386/386
f 289/289 386/386 382/382
f 382/382 386/386 387/387
f 382/382 387/387 384/384
f 384/384 387/387 314/314
f 384/384 314/314 316/316
f 310/310 309/309 355/355
f 310/310 355/355 349/349
f 352/352 356/356 357/357
f 352/352 357/357 353/353
f 353/353 357/357 317/317
f 353/353 317/317 315/315
f 300/300 299/299 366/366
f 300/300 366/366 362/362
f 362/362 366/366 367/367
f 362/362 367/367 364/364
f 364/364 367/367 308/308
f 364/364 308/308 307/307
f 292/292 291/291 376/376
f 292/292 376/376 372/372
f 372/372 376/376 377/377
f 372/372 377/377 374/374
f 374/374 377/377 298/298
f 374/374 298/298 297/297
f 273/273 290/290 383/383
f 273/273 383/383 378/378
f 378/378 383/383 385/385
f 378/378 385/385 380/380
f 380/380 385/385 318/318
f 380/380 318/318 272/272
f 321/321 338/338 329/329
f 321/321 329/329 322/322
f 388/388 389/389 390/390
f 388/388 390/390 391/391
f 392/392 393/393 394/394
f 392/392 394/394 395/395
f 396/396 397/397 398/398
f 396/396 398/398 399/399
f 400/400 401/401 402/402
f 400/400 402/402 403/403
f 404/404 405/405 406/406
f 404/404 406/406 407/407
f 408/408 409/409 410/410
f 408/408 410/410 411/411
f 412/412 413/413 414/414
f 412/412 414/414 415/415
f 416/416 417/417 418/418
f 416/416 418/418 419/419
f 403/403 402/402 420/420
f 403/403 420/420 421/421
f 422/422 423/423 424/424
f 422/422 424/424 425/425
f 426/426 427/427 428/428
f 426/426 428/428 429/429
f 425/425 424/424 430/430
f 425/425 430/430 431/431
f 407/407 406/406 432/432
f 407/407 432/432 433/433
f 433/433 432/432 434/434
f 433/433 434/434 435/435
f 436/436 437/437 389/389
f 436/436 389/389 388/388
f 438/438 439/439 427/427
f 438/438 427/427 426/426
f 415/415 414/414 439/439
f 415/415 439/439 438/438
f 431/431 430/430 417/417
f 431/431 417/417 416/416
f 421/421 420/420 409/409
f 421/421 409/409 408/408
f 435/435 434/434 437/437
f 435/435 437/437 436/436
f 429/429 428/428 397/397
f 429/429 397/397 396/396
f 419/419 418/418 440/440
f 419/419 440/440 441/441
f 411/411 410/410 393/393
f 411/411 393/393 392/392
f 397/397 442/442 443/443
f 397/397 443/443 398/398
f 444/444 445/445 446/446
f 444/444 446/446 447/447
f 445/445 388/388 391/391
f 445/445 391/391 446/446
f 440/440 448/448 449/449
f 440/440 449/449 450/450
f 448/448 451/451 452/452
f 448/448 452/452 449/449
f 451/451 396/396 399/399
f 451/451 399/399 452/452
f 393/393 453/453 454/454
f 393/393 454/454 394/394
f 453/453 455/455 456/456
f 453/453 456/456 454/454
f 455/455 441/441 457/457
f 455/455 457/457 456/456
f 403/403 458/458 459/459
f 403/403 459/459 400/400
f 458/458 460/460 461/461
f 458/458 461/461 459/459
f 460/460 406/406 405/405
f 460/460 405/405 461/461
f 413/413 462/462 463/463
f 413/413 463/463 414/414
f 464/464 465/465 466/466
f 464/464 466/466 467/467
f 465/465 404/404 407/407
f 465/465 407/407 466/466
f 439/439 468/468 469/469
f 439/439 469/469 427/427
f 470/470 471/471 472/472
f 470/470 472/472 473/473
f 471/471 433/433 435/435
f 471/471 435/435 472/472
f 428/428 474/474 442/442
f 428/428 442/442 397/397
f 475/475 476/476 445/445
f 475/475 445/445 444/444
f 476/476 436/436 388/388
f 476/476 388/388 445/445
f 423/423 477/477 478/478
f 423/423 478/478 424/424
f 477/477 479/479 480/480
f 477/477 480/480 478/478
f 479/479 412/412 415/415
f 479/479 415/415 480/480
f 430/430 481/481 482/482
f 430/430 482/482 417/417
f 481/481 483/483 484/484
f 481/481 484/484 482/482
f 483/483 438/438 426/426
f 483/483 426/426 484/484
f 418/418 485/485 448/448
f 418/418 448/448 440/440
f 485/485 486/486 451/451
f 485/485 451/451 448/448
f 486/486 429/429 396/396
f 486/486 396/396 451/451
f 401/401 487/487 488/488
f 401/401 488/488 402/402
f 487/487 489/489 490/490
f 487/487 490/490 488/488
f 489/489 422/422 425/425
f 489/489 425/425 490/490
f 420/420 491/491 492/492
f 420/420 492/492 409/409
f 491/491 493/493 494/494
f 491/491 494/494 492/492
f 493/493 431/431 416/416
f 493/493 416/416 494/494
f 410/410 495/495 453/453
f 410/410 453/453 393/393
f 495/495 496/496 455/455
f 495/495 455/455 453/453
f 496/496 419/419 441/441
f 496/496 441/441 455/455
f 395/395 497/497 498/498
f 395/395 498/498 392/392
f 497/497 499/499 500/500
f 497/497 500/500 498/498
f 499/499 390/390 389/389
f 499/499 389/389 500/500
f 411/411 501/501 502/502
f 411/411 502/502 408/408
f 501/501 503/503 504/504
f 501/501 504/504 502/502
f 503/503 437/437 434/434
f 503/503 434/434 504/504
f 421/421 505/505 458/458
f 421/421 458/458 403/403
f 505/505 506/506 460/460
f 505/505 460/460 458/458
f 506/506 432/432 406/406
f 506/506 406/406 460/460
f 414/414 463/463 468/468
f 414/414 468/468 439/439
f 467/467 466/466 471/471
f 467/467 471/471 470/470
f 466/466 407/407 433/433
f 466/466 433/433 471/471
f 424/424 478/478 481/481
f 424/424 481/481 430/430
f 478/478 480/480 483/483
f 478/478 483/483 481/481
f 480/480 415/415 438/438
f 480/480 438/438 483/483
f 402/402 488/488 491/491
f 402/402 491/491 420/420
f 488/488 490/490 493/493
f 488/488 493/493 491/491
f 490/490 425/425 431/431
f 490/490 431/431 493/493
f 408/408 502/502 505/505
f 408/408 505/505 421/421
f 502/502 504/504 506/506
f 502/502 506/506 505/505
f 504/504 434/434 432/432
f 504/504 432/432 506/506
f 427/427 469/469 474/474
f 427/427 474/474 428/428
f 473/473 472/472 476/476
f 473/473 476/476 475/475
f 472/472 435/435 436/436
f 472/472 436/436 476/476
f 417/417 482/482 485/485
f 417/417 485/485 418/418
f 482/482 484/484 486/486
f 482/482 486/486 485/485
f 484/484 426/426 429/429
f 484/484 429/429 486/486
f 409/409 492/492 495/495
f 409/409 495/495 410/410
f 492/492 494/494 496/496
f 492/492 496/496 495/495
f 494/494 416/416 419/419
f 494/494 419/419 496/496
f 392/392 498/498 501/501
f 392/392 501/501 411/411
f 498/498 500/500 503/503
f 498/498 503/503 501/501
f 500/500 389/389 437/437
f 500/500 437/437 503/503
f 441/441 440/440 450/450
f 441/441 450/450 457/457
f 507/507 508/508 509/509
f 507/507 509/509 510/510
f 511/511 512/512 513/513
f 511/511 513/513 514/514
f 515/515 516/516 517/517
f 515/515 517/517 518/518
f 519/519 520/520 521/521
f 519/519 521/521 522/522
f 523/523 524/524 525/525
f 523/523 525/525 526/526
f 527/527 528/528 529/529
f 527/527 529/529 530/530
f 531/531 532/532 533/533
f 531/531 533/533 534/534
f 535/535 536/536 537/537
f 535/535 537/537 538/538
f 539/539 540/540 541/541
f 539/539 541/541 542/542
f 532/532 543/543 544/544
f 532/532 544/544 545/545
f 546/546 547/547 548/548
f 546/546 548/548 549/549
f 533/533 532/532 545/545
f 533/533 545/545 550/550
f 551/551 552/552 553/553
f 551/551 553/553 554/554
f 555/555 556/556 557/557
f 555/555 557/557 558/558
f 526/526 525/525 510/510
f 526/526 510/510 509/509
f 559/559 560/560 556/556
f 559/559 556/556 555/555
f 522/522 521/521 561/561
f 522/522 561/561 562/562
f 563/563 564/564 565/565
f 563/563 565/565 566/566
f 567/567 568/568 547/547
f 567/567 547/547 546/546
f 569/569 570/570 528/528
f 569/569 528/528 527/527
f 564/564 563/563 570/570
f 564/564 570/570 569/569
f 571/571 572/572 573/573
f 571/571 573/573 574/574
f 574/574 573/573 575/575
f 574/574 575/575 576/576
f 576/576 575/575 520/520
f 576/576 520/520 519/519
f 577/577 578/578 579/579
f 577/577 579/579 580/580
f 581/581 582/582 583/583
f 581/581 583/583 584/584
f 530/530 529/529 541/541
f 530/530 541/541 540/540
f 585/585 586/586 524/524
f 585/585 524/524 523/523
f 582/582 581/581 586/586
f 582/582 586/586 585/585
f 587/587 588/588 568/568
f 587/587 568/568 567/567
f 554/554 553/553 584/584
f 554/554 584/584 583/583
f 589/589 590/590 588/588
f 589/589 588/588 587/587
f 580/580 579/579 590/590
f 580/580 590/590 589/589
f 591/591 592/592 593/593
f 591/591 593/593 594/594
f 514/514 513/513 595/595
f 514/514 595/595 596/596
f 597/597 598/598 592/592
f 597/597 592/592 591/591
f 599/599 600/600 601/601
f 599/599 601/601 602/602
f 562/562 561/561 603/603
f 562/562 603/603 604/604
f 604/604 603/603 605/605
f 604/604 605/605 606/606
f 606/606 605/605 607/607
f 606/606 607/607 608/608
f 608/608 607/607 609/609
f 608/608 609/609 610/610
f 611/611 612/612 596/596
f 611/611 596/596 595/595
f 594/594 593/593 566/566
f 594/594 566/566 565/565
f 613/613 614/614 552/552
f 613/613 552/552 551/551
f 612/612 611/611 614/614
f 612/612 614/614 613/613
f 516/516 515/515 560/560
f 516/516 560/560 559/559
f 549/549 548/548 615/615
f 549/549 615/615 616/616
f 617/617 618/618 619/619
f 617/617 619/619 620/620
f 620/620 619/619 621/621
f 620/620 621/621 622/622
f 622/622 621/621 512/512
f 622/622 512/512 511/511
f 623/623 601/601 624/624
f 623/623 624/624 625/625
f 558/558 557/557 578/578
f 558/558 578/578 577/577
f 600/600 599/599 598/598
f 600/600 598/598 597/597
f 626/626 627/627 618/618
f 626/626 618/618 617/617
f 610/610 609/609 543/543
f 610/610 543/543 532/532
f 601/601 628/628 629/629
f 601/601 629/629 624/624
f 602/602 601/601 623/623
f 602/602 623/623 630/630
f 631/631 632/632 1/1
f 631/631 1/1 633/633
f 632/632 634/634 2/2
f 632/632 2/2 1/1
f 518/518 635/635 2/2
f 518/518 2/2 634/634
f 636/636 637/637 638/638
f 636/636 638/638 639/639
f 535/535 640/640 638/638
f 535/535 638/638 637/637
f 641/641 633/633 1/1
f 641/641 1/1 3/3
f 642/642 643/643 4/4
f 642/642 4/4 644/644
f 643/643 645/645 5/5
f 643/643 5/5 4/4
f 538/538 646/646 647/647
f 538/538 647/647 648/648
f 649/649 650/650 6/6
f 649/649 6/6 5/5
f 507/507 651/651 6/6
f 507/507 6/6 650/650
f 651/651 644/644 4/4
f 651/651 4/4 6/6
f 539/539 652/652 7/7
f 539/539 7/7 653/653
f 652/652 654/654 8/8
f 652/652 8/8 7/7
f 536/536 655/655 8/8
f 536/536 8/8 654/654
f 655/655 656/656 9/9
f 655/655 9/9 8/8
f 517/517 657/657 658/658
f 517/517 658/658 659/659
f 657/657 660/660 661/661
f 657/657 661/661 658/658
f 542/542 662/662 10/10
f 542/542 10/10 663/663
f 662/662 664/664 11/11
f 662/662 11/11 10/10
f 508/508 665/665 11/11
f 508/508 11/11 664/664
f 665/665 666/666 12/12
f 665/665 12/12 11/11
f 537/537 667/667 12/12
f 537/537 12/12 668/668
f 667/667 663/663 10/10
f 667/667 10/10 12/12
f 531/531 669/669 670/670
f 531/531 670/670 671/671
f 672/672 673/673 14/14
f 672/672 14/14 13/13
f 627/627 674/674 14/14
f 627/627 14/14 673/673
f 674/674 675/675 15/15
f 674/674 15/15 14/14
f 615/615 676/676 677/677
f 615/615 677/677 678/678
f 676/676 671/671 670/670
f 676/676 670/670 677/677
f 616/616 679/679 680/680
f 616/616 680/680 681/681
f 682/682 683/683 17/17
f 682/682 17/17 16/16
f 626/626 684/684 17/17
f 626/626 17/17 683/683
f 684/684 685/685 18/18
f 684/684 18/18 17/17
f 628/628 686/686 687/687
f 628/628 687/687 688/688
f 689/689 681/681 680/680
f 689/689 680/680 690/690
f 535/535 538/538 648/648
f 535/535 648/648 640/640
f 641/641 645/645 643/643
f 641/641 643/643 633/633
f 633/633 643/643 642/642
f 633/633 642/642 631/631
f 539/539 542/542 663/663
f 539/539 663/663 652/652
f 652/652 663/663 667/667
f 652/652 667/667 654/654
f 654/654 667/667 537/537
f 654/654 537/537 536/536
f 538/538 537/537 668/668
f 538/538 668/668 646/646
f 649/649 666/666 665/665
f 649/649 665/665 650/650
f 650/650 665/665 508/508
f 650/650 508/508 507/507
f 536/536 535/535 637/637
f 536/536 637/637 655/655
f 655/655 637/637 636/636
f 655/655 636/636 656/656
f 659/659 635/635 518/518
f 659/659 518/518 517/517
f 601/601 600/600 691/691
f 601/601 691/691 692/692
f 693/693 694/694 695/695
f 693/693 695/695 696/696
f 696/696 695/695 546/546
f 696/696 546/546 549/549
f 560/560 515/515 697/697
f 560/560 697/697 698/698
f 698/698 697/697 699/699
f 698/698 699/699 700/700
f 700/700 699/699 571/571
f 700/700 571/571 574/574
f 510/510 525/525 701/701
f 510/510 701/701 702/702
f 702/702 701/701 703/703
f 702/702 703/703 704/704
f 704/704 703/703 573/573
f 704/704 573/573 572/572
f 556/556 560/560 698/698
f 556/556 698/698 705/705
f 705/705 698/698 700/700
f 705/705 700/700 706/706
f 706/706 700/700 574/574
f 706/706 574/574 576/576
f 525/525 524/524 707/707
f 525/525 707/707 701/701
f 701/701 707/707 708/708
f 701/701 708/708 703/703
f 703/703 708/708 575/575
f 703/703 575/575 573/573
f 557/557 556/556 705/705
f 557/557 705/705 709/709
f 709/709 705/705 706/706
f 709/709 706/706 710/710
f 710/710 706/706 576/576
f 710/710 576/576 519/519
f 524/524 586/586 711/711
f 524/524 711/711 707/707
f 707/707 711/711 712/712
f 707/707 712/712 708/708
f 708/708 712/712 520/520
f 708/708 520/520 575/575
f 578/578 557/557 709/709
f 578/578 709/709 713/713
f 713/713 709/709 710/710
f 713/713 710/710 714/714
f 714/714 710/710 519/519
f 714/714 519/519 522/522
f 586/586 581/581 715/715
f 586/586 715/715 711/711
f 711/711 715/715 716/716
f 711/711 716/716 712/712
f 712/712 716/716 521/521
f 712/712 521/521 520/520
f 558/558 577/577 717/717
f 558/558 717/717 718/718
f 718/718 717/717 719/719
f 718/718 719/719 720/720
f 721/721 722/722 564/564
f 721/721 564/564 569/569
f 582/582 585/585 723/723
f 582/582 723/723 724/724
f 724/724 723/723 725/725
f 724/724 725/725 726/726
f 726/726 725/725 570/570
f 726/726 570/570 563/563
f 555/555 558/558 718/718
f 555/555 718/718 727/727
f 727/727 718/718 720/720
f 727/727 720/720 728/728
f 729/729 721/721 569/569
f 729/729 569/569 527/527
f 585/585 523/523 730/730
f 585/585 730/730 723/723
f 723/723 730/730 731/731
f 723/723 731/731 725/725
f 725/725 731/731 528/528
f 725/725 528/528 570/570
f 559/559 555/555 727/727
f 559/559 727/727 732/732
f 732/732 727/727 728/728
f 732/732 728/728 733/733
f 734/734 729/729 527/527
f 734/734 527/527 530/530
f 523/523 526/526 735/735
f 523/523 735/735 730/730
f 730/730 735/735 736/736
f 730/730 736/736 731/731
f 731/731 736/736 529/529
f 731/731 529/529 528/528
f 516/516 559/559 732/732
f 516/516 732/732 737/737
f 737/737 732/732 733/733
f 737/737 733/733 738/738
f 739/739 734/734 530/530
f 739/739 530/530 540/540
f 526/526 509/509 740/740
f 526/526 740/740 735/735
f 735/735 740/740 741/741
f 735/735 741/741 736/736
f 736/736 741/741 541/541
f 736/736 541/541 529/529
f 590/590 579/579 742/742
f 590/590 742/742 743/743
f 743/743 742/742 744/744
f 743/743 744/744 745/745
f 745/745 744/744 562/562
f 745/745 562/562 604/604
f 584/584 553/553 746/746
f 584/584 746/746 747/747
f 747/747 746/746 748/748
f 747/747 748/748 749/749
f 749/749 748/748 603/603
f 749/749 603/603 561/561
f 588/588 590/590 743/743
f 588/588 743/743 750/750
f 750/750 743/743 745/745
f 750/750 745/745 751/751
f 751/751 745/745 604/604
f 751/751 604/604 606/606
f 553/553 552/552 752/752
f 553/553 752/752 746/746
f 746/746 752/752 753/753
f 746/746 753/753 748/748
f 748/748 753/753 605/605
f 748/748 605/605 603/603
f 568/568 588/588 750/750
f 568/568 750/750 754/754
f 754/754 750/750 751/751
f 754/754 751/751 755/755
f 755/755 751/751 606/606
f 755/755 606/606 608/608
f 552/552 614/614 756/756
f 552/552 756/756 752/752
f 752/752 756/756 757/757
f 752/752 757/757 753/753
f 753/753 757/757 607/607
f 753/753 607/607 605/605
f 547/547 568/568 754/754
f 547/547 754/754 758/758
f 758/758 754/754 755/755
f 758/758 755/755 759/759
f 759/759 755/755 608/608
f 759/759 608/608 610/610
f 614/614 611/611 760/760
f 614/614 760/760 756/756
f 756/756 760/760 761/761
f 756/756 761/761 757/757
f 757/757 761/761 609/609
f 757/757 609/609 607/607
f 567/567 546/546 695/695
f 567/567 695/695 762/762
f 762/762 695/695 694/694
f 762/762 694/694 763/763
f 764/764 691/691 600/600
f 764/764 600/600 597/597
f 612/612 613/613 765/765
f 612/612 765/765 766/766
f 766/766 765/765 767/767
f 766/766 767/767 768/768
f 768/768 767/767 598/598
f 768/768 598/598 599/599
f 587/587 567/567 762/762
f 587/587 762/762 769/769
f 769/769 762/762 763/763
f 769/769 763/763 770/770
f 771/771 764/764 597/597
f 771/771 597/597 591/591
f 613/613 551/551 772/772
f 613/613 772/772 765/765
f 765/765 772/772 773/773
f 765/765 773/773 767/767
f 767/767 773/773 592/592
f 767/767 592/592 598/598
f 589/589 587/587 769/769
f 589/589 769/769 774/774
f 774/774 769/769 770/770
f 774/774 770/770 775/775
f 776/776 771/771 591/591
f 776/776 591/591 594/594
f 551/551 554/554 777/777
f 551/551 777/777 772/772
f 772/772 777/777 778/778
f 772/772 778/778 773/773
f 773/773 778/778 593/593
f 773/773 593/593 592/592
f 580/580 589/589 774/774
f 580/580 774/774 779/779
f 779/779 774/774 775/775
f 779/779 775/775 780/780
f 781/781 776/776 594/594
f 781/781 594/594 565/565
f 554/554 583/583 782/782
f 554/554 782/782 777/777
f 777/777 782/782 783/783
f 777/777 783/783 778/778
f 778/778 783/783 566/566
f 778/778 566/566 593/593
f 579/579 578/578 713/713
f 579/579 713/713 742/742
f 742/742 713/713 714/714
f 742/742 714/714 744/744
f 744/744 714/714 522/522
f 744/744 522/522 562/562
f 581/581 584/584 747/747
f 581/581 747/747 715/715
f 715/715 747/747 749/749
f 715/715 749/749 716/716
f 716/716 749/749 561/561
f 716/716 561/561 521/521
f 515/515 518/518 634/634
f 515/515 634/634 697/697
f 697/697 634/634 632/632
f 697/697 632/632 699/699
f 699/699 632/632 631/631
f 699/699 631/631 571/571
f 507/507 510/510 702/702
f 507/507 702/702 651/651
f 651/651 702/702 704/704
f 651/651 704/704 644/644
f 644/644 704/704 572/572
f 644/644 572/572 642/642
f 540/540 539/539 653/653
f 540/540 653/653 739/739
f 738/738 660/660 657/657
f 738/738 657/657 737/737
f 737/737 657/657 517/517
f 737/737 517/517 516/516
f 565/565 564/564 722/722
f 565/565 722/722 781/781
f 780/780 719/719 717/717
f 780/780 717/717 779/779
f 779/779 717/717 577/577
f 779/779 577/577 580/580
f 542/542 541/541 741/741
f 542/542 741/741 662/662
f 662/662 741/741 740/740
f 662/662 740/740 664/664
f 664/664 740/740 509/509
f 664/664 509/509 508/508
f 563/563 566/566 783/783
f 563/563 783/783 726/726
f 726/726 783/783 782/782
f 726/726 782/782 724/724
f 724/724 782/782 583/583
f 724/724 583/583 582/582
f 548/548 547/547 758/758
f 548/548 758/758 784/784
f 784/784 758/758 759/759
f 784/784 759/759 785/785
f 785/785 759/759 610/610
f 785/785 610/610 532/532
f 531/531 534/534 786/786
f 531/531 786/786 669/669
f 672/672 787/787 788/788
f 672/672 788/788 673/673
f 673/673 788/788 618/618
f 673/673 618/618 627/627
f 616/616 615/615 678/678
f 616/616 678/678 679/679
f 682/682 675/675 674/674
f 682/682 674/674 683/683
f 683/683 674/674 627/627
f 683/683 627/627 626/626
f 629/629 628/628 688/688
f 629/629 688/688 789/789
f 790/790 685/685 684/684
f 790/790 684/684 791/791
f 791/791 684/684 626/626
f 791/791 626/626 617/617
f 624/624 629/629 789/789
f 624/624 789/789 792/792
f 793/793 790/790 791/791
f 793/793 791/791 794/794
f 794/794 791/791 617/617
f 794/794 617/617 620/620
f 534/534 533/533 795/795
f 534/534 795/795 786/786
f 787/787 796/796 797/797
f 787/787 797/797 788/788
f 788/788 797/797 619/619
f 788/788 619/619 618/618
f 625/625 624/624 792/792
f 625/625 792/792 798/798
f 799/799 793/793 794/794
f 799/799 794/794 800/800
f 800/800 794/794 620/620
f 800/800 620/620 622/622
f 533/533 550/550 801/801
f 533/533 801/801 795/795
f 796/796 802/802 803/803
f 796/796 803/803 797/797
f 797/797 803/803 621/621
f 797/797 621/621 619/619
f 623/623 625/625 798/798
f 623/623 798/798 804/804
f 805/805 799/799 800/800
f 805/805 800/800 806/806
f 806/806 800/800 622/622
f 806/806 622/622 511/511
f 550/550 545/545 807/807
f 550/550 807/807 801/801
f 802/802 808/808 809/809
f 802/802 809/809 803/803
f 803/803 809/809 512/512
f 803/803 512/512 621/621
f 630/630 623/623 804/804
f 630/630 804/804 810/810
f 811/811 805/805 806/806
f 811/811 806/806 812/812
f 812/812 806/806 511/511
f 812/812 511/511 514/514
f 545/545 544/544 813/813
f 545/545 813/813 807/807
f 808/808 814/814 815/815
f 808/808 815/815 809/809
f 809/809 815/815 513/513
f 809/809 513/513 512/512
f 602/602 630/630 810/810
f 602/602 810/810 816/816
f 816/816 811/811 812/812
f 816/816 812/812 817/817
f 817/817 812/812 514/514
f 817/817 514/514 596/596
f 544/544 543/543 818/818
f 544/544 818/818 813/813
f 814/814 818/818 819/819
f 814/814 819/819 815/815
f 815/815 819/819 595/595
f 815/815 595/595 513/513
f 615/615 548/548 784/784
f 615/615 784/784 676/676
f 676/676 784/784 785/785
f 676/676 785/785 671/671
f 671/671 785/785 532/532
f 671/671 532/532 531/531
f 628/628 601/601 692/692
f 628/628 692/692 686/686
f 689/689 693/693 696/696
f 689/689 696/696 681/681
f 681/681 696/696 549/549
f 681/681 549/549 616/616
f 543/543 609/609 761/761
f 543/543 761/761 818/818
f 818/818 761/761 760/760
f 818/818 760/760 819/819
f 819/819 760/760 611/611
f 819/819 611/611 595/595
f 599/599 602/602 816/816
f 599/599 816/816 768/768
f 768/768 816/816 817/817
f 768/768 817/817 766/766
f 766/766 817/817 596/596
f 766/766 596/596 612/612
f 631/631 642/642 572/572
f 631/631 572/572 571/571
f 820/820 821/821 822/822
f 820/820 822/822 823/823
f 824/824 825/825 826/826
f 824/824 826/826 827/827
f 828/828 829/829 830/830
f 828/828 830/830 831/831
f 832/832 833/833 834/834
f 832/832 834/834 835/835
f 836/836 837/837 838/838
f 836/836 838/838 839/839
f 840/840 841/841 842/842
f 840/840 842/842 843/843
f 844/844 845/845 846/846
f 844/844 846/846 847/847
f 848/848 849/849 850/850
f 848/848 850/850 851/851
f 852/852 853/853 854/854
f 852/852 854/854 855/855
f 847/847 856/856 857/857
f 847/847 857/857 858/858
f 859/859 860/860 861/861
f 859/859 861/861 862/862
f 846/846 863/863 856/856
f 846/846 856/856 847/847
f 864/864 865/865 866/866
f 864/864 866/866 867/867
f 868/868 869/869 870/870
f 868/868 870/870 871/871
f 837/837 822/822 821/821
f 837/837 821/821 838/838
f 872/872 868/868 871/871
f 872/872 871/871 873/873
f 833/833 874/874 875/875
f 833/833 875/875 834/834
f 876/876 877/877 878/878
f 876/876 878/878 879/879
f 880/880 859/859 862/862
f 880/880 862/862 881/881
f 882/882 840/840 843/843
f 882/882 843/843 883/883
f 879/879 882/882 883/883
f 879/879 883/883 876/876
f 884/884 885/885 886/886
f 884/884 886/886 887/887
f 885/885 888/888 889/889
f 885/885 889/889 886/886
f 888/888 832/832 835/835
f 888/888 835/835 889/889
f 890/890 891/891 892/892
f 890/890 892/892 893/893
f 894/894 895/895 896/896
f 894/894 896/896 897/897
f 841/841 855/855 854/854
f 841/841 854/854 842/842
f 898/898 836/836 839/839
f 898/898 839/839 899/899
f 897/897 898/898 899/899
f 897/897 899/899 894/894
f 900/900 880/880 881/881
f 900/900 881/881 901/901
f 865/865 896/896 895/895
f 865/865 895/895 866/866
f 902/902 900/900 901/901
f 902/902 901/901 903/903
f 891/891 902/902 903/903
f 891/891 903/903 892/892
f 904/904 905/905 906/906
f 904/904 906/906 907/907
f 825/825 908/908 909/909
f 825/825 909/909 826/826
f 910/910 904/904 907/907
f 910/910 907/907 911/911
f 912/912 913/913 914/914
f 912/912 914/914 915/915
f 874/874 916/916 917/917
f 874/874 917/917 875/875
f 916/916 918/918 919/919
f 916/916 919/919 917/917
f 918/918 920/920 921/921
f 918/918 921/921 919/919
f 920/920 922/922 923/923
f 920/920 923/923 921/921
f 924/924 909/909 908/908
f 924/924 908/908 925/925
f 905/905 878/878 877/877
f 905/905 877/877 906/906
f 926/926 864/864 867/867
f 926/926 867/867 927/927
f 925/925 926/926 927/927
f 925/925 927/927 924/924
f 831/831 872/872 873/873
f 831/831 873/873 828/828
f 860/860 928/928 929/929
f 860/860 929/929 861/861
f 930/930 931/931 932/932
f 930/930 932/932 933/933
f 931/931 934/934 935/935
f 931/931 935/935 932/932
f 934/934 824/824 827/827
f 934/934 827/827 935/935
f 936/936 937/937 938/938
f 936/936 938/938 914/914
f 869/869 890/890 893/893
f 869/869 893/893 870/870
f 915/915 910/910 911/911
f 915/915 911/911 912/912
f 939/939 930/930 933/933
f 939/939 933/933 940/940
f 922/922 847/847 858/858
f 922/922 858/858 923/923
f 914/914 938/938 941/941
f 914/914 941/941 942/942
f 913/913 943/943 936/936
f 913/913 936/936 914/914
f 944/944 945/945 19/19
f 944/944 19/19 946/946
f 946/946 19/19 21/21
f 946/946 21/21 947/947
f 829/829 947/947 21/21
f 829/829 21/21 948/948
f 949/949 950/950 951/951
f 949/949 951/951 952/952
f 848/848 952/952 951/951
f 848/848 951/951 953/953
f 954/954 20/20 19/19
f 954/954 19/19 945/945
f 955/955 956/956 22/22
f 955/955 22/22 957/957
f 957/957 22/22 24/24
f 957/957 24/24 958/958
f 849/849 959/959 960/960
f 849/849 960/960 961/961
f 962/962 24/24 23/23
f 962/962 23/23 963/963
f 820/820 963/963 23/23
f 820/820 23/23 964/964
f 964/964 23/23 22/22
f 964/964 22/22 956/956
f 852/852 965/965 25/25
f 852/852 25/25 966/966
f 966/966 25/25 27/27
f 966/966 27/27 967/967
f 851/851 967/967 27/27
f 851/851 27/27 968/968
f 968/968 27/27 26/26
f 968/968 26/26 969/969
f 830/830 970/970 971/971
f 830/830 971/971 972/972
f 972/972 971/971 973/973
f 972/972 973/973 974/974
f 853/853 975/975 28/28
f 853/853 28/28 976/976
f 976/976 28/28 30/30
f 976/976 30/30 977/977
f 823/823 977/977 30/30
f 823/823 30/30 978/978
f 978/978 30/30 29/29
f 978/978 29/29 979/979
f 850/850 980/980 29/29
f 850/850 29/29 981/981
f 981/981 29/29 28/28
f 981/981 28/28 975/975
f 844/844 982/982 983/983
f 844/844 983/983 984/984
f 985/985 31/31 33/33
f 985/985 33/33 986/986
f 940/940 986/986 33/33
f 940/940 33/33 987/987
f 987/987 33/33 32/32
f 987/987 32/32 988/988
f 929/929 989/989 990/990
f 929/929 990/990 991/991
f 991/991 990/990 983/983
f 991/991 983/983 982/982
f 928/928 992/992 993/993
f 928/928 993/993 994/994
f 995/995 34/34 36/36
f 995/995 36/36 996/996
f 939/939 996/996 36/36
f 939/939 36/36 997/997
f 997/997 36/36 35/35
f 997/997 35/35 998/998
f 942/942 999/999 1000/1000
f 942/942 1000/1000 1001/1001
f 1002/1002 1003/1003 993/993
f 1002/1002 993/993 992/992
f 848/848 953/953 959/959
f 848/848 959/959 849/849
f 954/954 945/945 957/957
f 954/954 957/957 958/958
f 945/945 944/944 955/955
f 945/945 955/955 957/957
f 852/852 966/966 975/975
f 852/852 975/975 853/853
f 966/966 967/967 981/981
f 966/966 981/981 975/975
f 967/967 851/851 850/850
f 967/967 850/850 981/981
f 849/849 961/961 980/980
f 849/849 980/980 850/850
f 962/962 963/963 978/978
f 962/962 978/978 979/979
f 963/963 820/820 823/823
f 963/963 823/823 978/978
f 851/851 968/968 952/952
f 851/851 952/952 848/848
f 968/968 969/969 949/949
f 968/968 949/949 952/952
f 970/970 830/830 829/829
f 970/970 829/829 948/948
f 914/914 1004/1004 1005/1005
f 914/914 1005/1005 915/915
f 1006/1006 1007/1007 1008/1008
f 1006/1006 1008/1008 1009/1009
f 1007/1007 860/860 859/859
f 1007/1007 859/859 1008/1008
f 873/873 1010/1010 1011/1011
f 873/873 1011/1011 828/828
f 1010/1010 1012/1012 1013/1013
f 1010/1010 1013/1013 1011/1011
f 1012/1012 885/885 884/884
f 1012/1012 884/884 1013/1013
f 821/821 1014/1014 1015/1015
f 821/821 1015/1015 838/838
f 1014/1014 1016/1016 1017/1017
f 1014/1014 1017/1017 1015/1015
f 1016/1016 887/887 886/886
f 1016/1016 886/886 1017/1017
f 871/871 1018/1018 1010/1010
f 871/871 1010/1010 873/873
f 1018/1018 1019/1019 1012/1012
f 1018/1018 1012/1012 1010/1010
f 1019/1019 888/888 885/885
f 1019/1019 885/885 1012/1012
f 838/838 1015/1015 1020/1020
f 838/838 1020/1020 839/839
f 1015/1015 1017/1017 1021/1021
f 1015/1015 1021/1021 1020/1020
f 1017/1017 886/886 889/889
f 1017/1017 889/889 1021/1021
f 870/870 1022/1022 1018/1018
f 870/870 1018/1018 871/871
f 1022/1022 1023/1023 1019/1019
f 1022/1022 1019/1019 1018/1018
f 1023/1023 832/832 888/888
f 1023/1023 888/888 1019/1019
f 839/839 1020/1020 1024/1024
f 839/839 1024/1024 899/899
f 1020/1020 1021/1021 1025/1025
f 1020/1020 1025/1025 1024/1024
f 1021/1021 889/889 835/835
f 1021/1021 835/835 1025/1025
f 893/893 1026/1026 1022/1022
f 893/893 1022/1022 870/870
f 1026/1026 1027/1027 1023/1023
f 1026/1026 1023/1023 1022/1022
f 1027/1027 833/833 832/832
f 1027/1027 832/832 1023/1023
f 899/899 1024/1024 1028/1028
f 899/899 1028/1028 894/894
f 1024/1024 1025/1025 1029/1029
f 1024/1024 1029/1029 1028/1028
f 1025/1025 835/835 834/834
f 1025/1025 834/834 1029/1029
f 869/869 1030/1030 1031/1031
f 869/869 1031/1031 890/890
f 1030/1030 1032/1032 1033/1033
f 1030/1030 1033/1033 1031/1031
f 1034/1034 882/882 879/879
f 1034/1034 879/879 1035/1035
f 897/897 1036/1036 1037/1037
f 897/897 1037/1037 898/898
f 1036/1036 1038/1038 1039/1039
f 1036/1036 1039/1039 1037/1037
f 1038/1038 876/876 883/883
f 1038/1038 883/883 1039/1039
f 868/868 1040/1040 1030/1030
f 868/868 1030/1030 869/869
f 1040/1040 1041/1041 1032/1032
f 1040/1040 1032/1032 1030/1030
f 1042/1042 840/840 882/882
f 1042/1042 882/882 1034/1034
f 898/898 1037/1037 1043/1043
f 898/898 1043/1043 836/836
f 1037/1037 1039/1039 1044/1044
f 1037/1037 1044/1044 1043/1043
f 1039/1039 883/883 843/843
f 1039/1039 843/843 1044/1044
f 872/872 1045/1045 1040/1040
f 872/872 1040/1040 868/868
f 1045/1045 1046/1046 1041/1041
f 1045/1045 1041/1041 1040/1040
f 1047/1047 841/841 840/840
f 1047/1047 840/840 1042/1042
f 836/836 1043/1043 1048/1048
f 836/836 1048/1048 837/837
f 1043/1043 1044/1044 1049/1049
f 1043/1043 1049/1049 1048/1048
f 1044/1044 843/843 842/842
f 1044/1044 842/842 1049/1049
f 831/831 1050/1050 1045/1045
f 831/831 1045/1045 872/872
f 1050/1050 1051/1051 1046/1046
f 1050/1050 1046/1046 1045/1045
f 1052/1052 855/855 841/841
f 1052/1052 841/841 1047/1047
f 837/837 1048/1048 1053/1053
f 837/837 1053/1053 822/822
f 1048/1048 1049/1049 1054/1054
f 1048/1048 1054/1054 1053/1053
f 1049/1049 842/842 854/854
f 1049/1049 854/854 1054/1054
f 903/903 1055/1055 1056/1056
f 903/903 1056/1056 892/892
f 1055/1055 1057/1057 1058/1058
f 1055/1055 1058/1058 1056/1056
f 1057/1057 916/916 874/874
f 1057/1057 874/874 1058/1058
f 895/895 1059/1059 1060/1060
f 895/895 1060/1060 866/866
f 1059/1059 1061/1061 1062/1062
f 1059/1059 1062/1062 1060/1060
f 1061/1061 875/875 917/917
f 1061/1061 917/917 1062/1062
f 901/901 1063/1063 1055/1055
f 901/901 1055/1055 903/903
f 1063/1063 1064/1064 1057/1057
f 1063/1063 1057/1057 1055/1055
f 1064/1064 918/918 916/916
f 1064/1064 916/916 1057/1057
f 866/866 1060/1060 1065/1065
f 866/866 1065/1065 867/867
f 1060/1060 1062/1062 1066/1066
f 1060/1060 1066/1066 1065/1065
f 1062/1062 917/917 919/919
f 1062/1062 919/919 1066/1066
f 881/881 1067/1067 1063/1063
f 881/881 1063/1063 901/901
f 1067/1067 1068/1068 1064/1064
f 1067/1067 1064/1064 1063/1063
f 1068/1068 920/920 918/918
f 1068/1068 918/918 1064/1064
f 867/867 1065/1065 1069/1069
f 867/867 1069/1069 927/927
f 1065/1065 1066/1066 1070/1070
f 1065/1065 1070/1070 1069/1069
f 1066/1066 919/919 921/921
f 1066/1066 921/921 1070/1070
f 862/862 1071/1071 1067/1067
f 862/862 1067/1067 881/881
f 1071/1071 1072/1072 1068/1068
f 1071/1071 1068/1068 1067/1067
f 1072/1072 922/922 920/920
f 1072/1072 920/920 1068/1068
f 927/927 1069/1069 1073/1073
f 927/927 1073/1073 924/924
f 1069/1069 1070/1070 1074/1074
f 1069/1069 1074/1074 1073/1073
f 1070/1070 921/921 923/923
f 1070/1070 923/923 1074/1074
f 880/880 1075/1075 1008/1008
f 880/880 1008/1008 859/859
f 1075/1075 1076/1076 1009/1009
f 1075/1075 1009/1009 1008/1008
f 1077/1077 910/910 915/915
f 1077/1077 915/915 1005/1005
f 925/925 1078/1078 1079/1079
f 925/925 1079/1079 926/926
f 1078/1078 1080/1080 1081/1081
f 1078/1078 1081/1081 1079/1079
f 1080/1080 912/912 911/911
f 1080/1080 911/911 1081/1081
f 900/900 1082/1082 1075/1075
f 900/900 1075/1075 880/880
f 1082/1082 1083/1083 1076/1076
f 1082/1082 1076/1076 1075/1075
f 1084/1084 904/904 910/910
f 1084/1084 910/910 1077/1077
f 926/926 1079/1079 1085/1085
f 926/926 1085/1085 864/864
f 1079/1079 1081/1081 1086/1086
f 1079/1079 1086/1086 1085/1085
f 1081/1081 911/911 907/907
f 1081/1081 907/907 1086/1086
f 902/902 1087/1087 1082/1082
f 902/902 1082/1082 900/900
f 1087/1087 1088/1088 1083/1083
f 1087/1087 1083/1083 1082/1082
f 1089/1089 905/905 904/904
f 1089/1089 904/904 1084/1084
f 864/864 1085/1085 1090/1090
f 864/864 1090/1090 865/865
f 1085/1085 1086/1086 1091/1091
f 1085/1085 1091/1091 1090/1090
f 1086/1086 907/907 906/906
f 1086/1086 906/906 1091/1091
f 891/891 1092/1092 1087/1087
f 891/891 1087/1087 902/902
f 1092/1092 1093/1093 1088/1088
f 1092/1092 1088/1088 1087/1087
f 1094/1094 878/878 905/905
f 1094/1094 905/905 1089/1089
f 865/865 1090/1090 1095/1095
f 865/865 1095/1095 896/896
f 1090/1090 1091/1091 1096/1096
f 1090/1090 1096/1096 1095/1095
f 1091/1091 906/906 877/877
f 1091/1091 877/877 1096/1096
f 892/892 1056/1056 1026/1026
f 892/892 1026/1026 893/893
f 1056/1056 1058/1058 1027/1027
f 1056/1056 1027/1027 1026/1026
f 1058/1058 874/874 833/833
f 1058/1058 833/833 1027/1027
f 894/894 1028/1028 1059/1059
f 894/894 1059/1059 895/895
f 1028/1028 1029/1029 1061/1061
f 1028/1028 1061/1061 1059/1059
f 1029/1029 834/834 875/875
f 1029/1029 875/875 1061/1061
f 828/828 1011/1011 947/947
f 828/828 947/947 829/829
f 1011/1011 1013/1013 946/946
f 1011/1011 946/946 947/947
f 1013/1013 884/884 944/944
f 1013/1013 944/944 946/946
f 820/820 964/964 1014/1014
f 820/820 1014/1014 821/821
f 964/964 956/956 1016/1016
f 964/964 1016/1016 1014/1014
f 956/956 955/955 887/887
f 956/956 887/887 1016/1016
f 855/855 1052/1052 965/965
f 855/855 965/965 852/852
f 1051/1051 1050/1050 972/972
f 1051/1051 972/972 974/974
f 1050/1050 831/831 830/830
f 1050/1050 830/830 972/972
f 878/878 1094/1094 1035/1035
f 878/878 1035/1035 879/879
f 1093/1093 1092/1092 1031/1031
f 1093/1093 1031/1031 1033/1033
f 1092/1092 891/891 890/890
f 1092/1092 890/890 1031/1031
f 853/853 976/976 1054/1054
f 853/853 1054/1054 854/854
f 976/976 977/977 1053/1053
f 976/976 1053/1053 1054/1054
f 977/977 823/823 822/822
f 977/977 822/822 1053/1053
f 876/876 1038/1038 1096/1096
f 876/876 1096/1096 877/877
f 1038/1038 1036/1036 1095/1095
f 1038/1038 1095/1095 1096/1096
f 1036/1036 897/897 896/896
f 1036/1036 896/896 1095/1095
f 861/861 1097/1097 1071/1071
f 861/861 1071/1071 862/862
f 1097/1097 1098/1098 1072/1072
f 1097/1097 1072/1072 1071/1071
f 1098/1098 847/847 922/922
f 1098/1098 922/922 1072/1072
f 844/844 984/984 1099/1099
f 844/844 1099/1099 845/845
f 985/985 986/986 1100/1100
f 985/985 1100/1100 1101/1101
f 986/986 940/940 933/933
f 986/986 933/933 1100/1100
f 928/928 994/994 989/989
f 928/928 989/989 929/929
f 995/995 996/996 987/987
f 995/995 987/987 988/988
f 996/996 939/939 940/940
f 996/996 940/940 987/987
f 941/941 1102/1102 999/999
f 941/941 999/999 942/942
f 1103/1103 1104/1104 997/997
f 1103/1103 997/997 998/998
f 1104/1104 930/930 939/939
f 1104/1104 939/939 997/997
f 938/938 1105/1105 1102/1102
f 938/938 1102/1102 941/941
f 1106/1106 1107/1107 1104/1104
f 1106/1106 1104/1104 1103/1103
f 1107/1107 931/931 930/930
f 1107/1107 930/930 1104/1104
f 845/845 1099/1099 1108/1108
f 845/845 1108/1108 846/846
f 1101/1101 1100/1100 1109/1109
f 1101/1101 1109/1109 1110/1110
f 1100/1100 933/933 932/932
f 1100/1100 932/932 1109/1109
f 937/937 1111/1111 1105/1105
f 937/937 1105/1105 938/938
f 1112/1112 1113/1113 1107/1107
f 1112/1112 1107/1107 1106/1106
f 1113/1113 934/934 931/931
f 1113/1113 931/931 1107/1107
f 846/846 1108/1108 1114/1114
f 846/846 1114/1114 863/863
f 1110/1110 1109/1109 1115/1115
f 1110/1110 1115/1115 1116/1116
f 1109/1109 932/932 935/935
f 1109/1109 935/935 1115/1115
f 936/936 1117/1117 1111/1111
f 936/936 1111/1111 937/937
f 1118/1118 1119/1119 1113/1113
f 1118/1118 1113/1113 1112/1112
f 1119/1119 824/824 934/934
f 1119/1119 934/934 1113/1113
f 863/863 1114/1114 1120/1120
f 863/863 1120/1120 856/856
f 1116/1116 1115/1115 1121/1121
f 1116/1116 1121/1121 1122/1122
f 1115/1115 935/935 827/827
f 1115/1115 827/827 1121/1121
f 943/943 1123/1123 1117/1117
f 943/943 1117/1117 936/936
f 1124/1124 1125/1125 1119/1119
f 1124/1124 1119/1119 1118/1118
f 1125/1125 825/825 824/824
f 1125/1125 824/824 1119/1119
f 856/856 1120/1120 1126/1126
f 856/856 1126/1126 857/857
f 1122/1122 1121/1121 1127/1127
f 1122/1122 1127/1127 1128/1128
f 1121/1121 827/827 826/826
f 1121/1121 826/826 1127/1127
f 913/913 1129/1129 1123/1123
f 913/913 1123/1123 943/943
f 1129/1129 1130/1130 1125/1125
f 1129/1129 1125/1125 1124/1124
f 1130/1130 908/908 825/825
f 1130/1130 825/825 1125/1125
f 857/857 1126/1126 1131/1131
f 857/857 1131/1131 858/858
f 1128/1128 1127/1127 1132/1132
f 1128/1128 1132/1132 1131/1131
f 1127/1127 826/826 909/909
f 1127/1127 909/909 1132/1132
f 929/929 991/991 1097/1097
f 929/929 1097/1097 861/861
f 991/991 982/982 1098/1098
f 991/991 1098/1098 1097/1097
f 982/982 844/844 847/847
f 982/982 847/847 1098/1098
f 942/942 1001/1001 1004/1004
f 942/942 1004/1004 914/914
f 1002/1002 992/992 1007/1007
f 1002/1002 1007/1007 1006/1006
f 992/992 928/928 860/860
f 992/992 860/860 1007/1007
f 858/858 1131/1131 1074/1074
f 858/858 1074/1074 923/923
f 1131/1131 1132/1132 1073/1073
f 1131/1131 1073/1073 1074/1074
f 1132/1132 909/909 924/924
f 1132/1132 924/924 1073/1073
f 912/912 1080/1080 1129/1129
f 912/912 1129/1129 913/913
f 1080/1080 1078/1078 1130/1130
f 1080/1080 1130/1130 1129/1129
f 1078/1078 925/925 908/908
f 1078/1078 908/908 1130/1130
f 944/944 884/884 887/887
f 944/944 887/887 955/955
f 1133/1133 1134/1134 1135/1135
f 1133/1133 1135/1135 1136/1136
f 1137/1137 1138/1138 1139/1139
f 1137/1137 1139/1139 1140/1140
f 1141/1141 1142/1142 1143/1143
f 1141/1141 1143/1143 1144/1144
f 1145/1145 1146/1146 1147/1147
f 1145/1145 1147/1147 1148/1148
f 1149/1149 1150/1150 37/37
f 1149/1149 37/37 1151/1151
f 1150/1150 1152/1152 38/38
f 1150/1150 38/38 37/37
f 1137/1137 1153/1153 1154/1154
f 1137/1137 1154/1154 1155/1155
f 1153/1153 1156/1156 1157/1157
f 1153/1153 1157/1157 1154/1154
f 1136/1136 1158/1158 1157/1157
f 1136/1136 1157/1157 1156/1156
f 1159/1159 1151/1151 37/37
f 1159/1159 37/37 39/39
f 1160/1160 1161/1161 40/40
f 1160/1160 40/40 1162/1162
f 1161/1161 1163/1163 41/41
f 1161/1161 41/41 40/40
f 1141/1141 1164/1164 41/41
f 1141/1141 41/41 1163/1163
f 1164/1164 1165/1165 1166/1166
f 1164/1164 1166/1166 41/41
f 1138/1138 1167/1167 1166/1166
f 1138/1138 1166/1166 1165/1165
f 1168/1168 1162/1162 40/40
f 1168/1168 40/40 42/42
f 1169/1169 1170/1170 43/43
f 1169/1169 43/43 1171/1171
f 1170/1170 1172/1172 44/44
f 1170/1170 44/44 43/43
f 1135/1135 1173/1173 1174/1174
f 1135/1135 1174/1174 1175/1175
f 1173/1173 1176/1176 1177/1177
f 1173/1173 1177/1177 1174/1174
f 1145/1145 1178/1178 1177/1177
f 1145/1145 1177/1177 1176/1176
f 1179/1179 1171/1171 43/43
f 1179/1179 43/43 45/45
f 1180/1180 1181/1181 46/46
f 1180/1180 46/46 1182/1182
f 1181/1181 1183/1183 47/47
f 1181/1181 47/47 46/46
f 1148/1148 1184/1184 1185/1185
f 1148/1148 1185/1185 1186/1186
f 1184/1184 1187/1187 1188/1188
f 1184/1184 1188/1188 1185/1185
f 1142/1142 1189/1189 48/48
f 1142/1142 48/48 1190/1190
f 1189/1189 1182/1182 46/46
f 1189/1189 46/46 48/48
f 1149/1149 1160/1160 1162/1162
f 1149/1149 1162/1162 1150/1150
f 1150/1150 1162/1162 1168/1168
f 1150/1150 1168/1168 1152/1152
f 1155/1155 1167/1167 1138/1138
f 1155/1155 1138/1138 1137/1137
f 1141/1141 1144/1144 1191/1191
f 1141/1141 1191/1191 1164/1164
f 1164/1164 1191/1191 1192/1192
f 1164/1164 1192/1192 1165/1165
f 1165/1165 1192/1192 1139/1139
f 1165/1165 1139/1139 1138/1138
f 1133/1133 1136/1136 1156/1156
f 1133/1133 1156/1156 1193/1193
f 1193/1193 1156/1156 1153/1153
f 1193/1193 1153/1153 1194/1194
f 1194/1194 1153/1153 1137/1137
f 1194/1194 1137/1137 1140/1140
f 1145/1145 1148/1148 1186/1186
f 1145/1145 1186/1186 1178/1178
f 1179/1179 1183/1183 1181/1181
f 1179/1179 1181/1181 1171/1171
f 1171/1171 1181/1181 1180/1180
f 1171/1171 1180/1180 1169/1169
f 1148/1148 1147/1147 1195/1195
f 1148/1148 1195/1195 1184/1184
f 1184/1184 1195/1195 1196/1196
f 1184/1184 1196/1196 1187/1187
f 1190/1190 1197/1197 1143/1143
f 1190/1190 1143/1143 1142/1142
f 1146/1146 1145/1145 1176/1176
f 1146/1146 1176/1176 1198/1198
f 1198/1198 1176/1176 1173/1173
f 1198/1198 1173/1173 1199/1199
f 1199/1199 1173/1173 1135/1135
f 1199/1199 1135/1135 1134/1134
f 1160/1160 1180/1180 1182/1182
f 1160/1160 1182/1182 1161/1161
f 1161/1161 1182/1182 1189/1189
f 1161/1161 1189/1189 1163/1163
f 1163/1163 1189/1189 1142/1142
f 1163/1163 1142/1142 1141/1141
f 1169/1169 1149/1149 1151/1151
f 1169/1169 1151/1151 1170/1170
f 1170/1170 1151/1151 1159/1159
f 1170/1170 1159/1159 1172/1172
f 1175/1175 1158/1158 1136/1136
f 1175/1175 1136/1136 1135/1135
f 1149/1149 1169/1169 1180/1180
f 1149/1149 1180/1180 1160/1160
f 1200/1200 1201/1201 1202/1202
f 1200/1200 1202/1202 1203/1203
f 1204/1204 1205/1205 1206/1206
f 1204/1204 1206/1206 1207/1207
f 1208/1208 1209/1209 1210/1210
f 1208/1208 1210/1210 1211/1211
f 1212/1212 1213/1213 1214/1214
f 1212/1212 1214/1214 1215/1215
f 1216/1216 1217/1217 49/49
f 1216/1216 49/49 1218/1218
f 1218/1218 49/49 51/51
f 1218/1218 51/51 1219/1219
f 1204/1204 1220/1220 1221/1221
f 1204/1204 1221/1221 1222/1222
f 1222/1222 1221/1221 1223/1223
f 1222/1222 1223/1223 1224/1224
f 1201/1201 1224/1224 1223/1223
f 1201/1201 1223/1223 1225/1225
f 1226/1226 50/50 49/49
f 1226/1226 49/49 1217/1217
f 1227/1227 1228/1228 52/52
f 1227/1227 52/52 1229/1229
f 1229/1229 52/52 54/54
f 1229/1229 54/54 1230/1230
f 1208/1208 1230/1230 54/54
f 1208/1208 54/54 1231/1231
f 1231/1231 54/54 1232/1232
f 1231/1231 1232/1232 1233/1233
f 1207/1207 1233/1233 1232/1232
f 1207/1207 1232/1232 1234/1234
f 1235/1235 53/53 52/52
f 1235/1235 52/52 1228/1228
f 1236/1236 1237/1237 55/55
f 1236/1236 55/55 1238/1238
f 1238/1238 55/55 57/57
f 1238/1238 57/57 1239/1239
f 1202/1202 1240/1240 1241/1241
f 1202/1202 1241/1241 1242/1242
f 1242/1242 1241/1241 1243/1243
f 1242/1242 1243/1243 1244/1244
f 1212/1212 1244/1244 1243/1243
f 1212/1212 1243/1243 1245/1245
f 1246/1246 56/56 55/55
f 1246/1246 55/55 1237/1237
f 1247/1247 1248/1248 58/58
f 1247/1247 58/58 1249/1249
f 1249/1249 58/58 60/60
f 1249/1249 60/60 1250/1250
f 1213/1213 1251/1251 1252/1252
f 1213/1213 1252/1252 1253/1253
f 1253/1253 1252/1252 1254/1254
f 1253/1253 1254/1254 1255/1255
f 1211/1211 1256/1256 59/59
f 1211/1211 59/59 1257/1257
f 1257/1257 59/59 58/58
f 1257/1257 58/58 1248/1248
f 1216/1216 1218/1218 1228/1228
f 1216/1216 1228/1228 1227/1227
f 1218/1218 1219/1219 1235/1235
f 1218/1218 1235/1235 1228/1228
f 1220/1220 1204/1204 1207/1207
f 1220/1220 1207/1207 1234/1234
f 1208/1208 1231/1231 1258/1258
f 1208/1208 1258/1258 1209/1209
f 1231/1231 1233/1233 1259/1259
f 1231/1231 1259/1259 1258/1258
f 1233/1233 1207/1207 1206/1206
f 1233/1233 1206/1206 1259/1259
f 1200/1200 1260/1260 1224/1224
f 1200/1200 1224/1224 1201/1201
f 1260/1260 1261/1261 1222/1222
f 1260/1260 1222/1222 1224/1224
f 1261/1261 1205/1205 1204/1204
f 1261/1261 1204/1204 1222/1222
f 1212/1212 1245/1245 1251/1251
f 1212/1212 1251/1251 1213/1213
f 1246/1246 1237/1237 1249/1249
f 1246/1246 1249/1249 1250/1250
f 1237/1237 1236/1236 1247/1247
f 1237/1237 1247/1247 1249/1249
f 1213/1213 1253/1253 1262/1262
f 1213/1213 1262/1262 1214/1214
f 1253/1253 1255/1255 1263/1263
f 1253/1253 1263/1263 1262/1262
f 1256/1256 1211/1211 1210/1210
f 1256/1256 1210/1210 1264/1264
f 1215/1215 1265/1265 1244/1244
f 1215/1215 1244/1244 1212/1212
f 1265/1265 1266/1266 1242/1242
f 1265/1265 1242/1242 1244/1244
f 1266/1266 1203/1203 1202/1202
f 1266/1266 1202/1202 1242/1242
f 1227/1227 1229/1229 1248/1248
f 1227/1227 1248/1248 1247/1247
f 1229/1229 1230/1230 1257/1257
f 1229/1229 1257/1257 1248/1248
f 1230/1230 1208/1208 1211/1211
f 1230/1230 1211/1211 1257/1257
f 1236/1236 1238/1238 1217/1217
f 1236/1236 1217/1217 1216/1216
f 1238/1238 1239/1239 1226/1226
f 1238/1238 1226/1226 1217/1217
f 1240/1240 1202/1202 1201/1201
f 1240/1240 1201/1201 1225/1225
f 1216/1216 1227/1227 1247/1247
f 1216/1216 1247/1247 1236/1236
f 1267/1267 1268/1268 1269/1269
f 1267/1267 1269/1269 1270/1270
f 1268/1268 1271/1271 1272/1272
f 1268/1268 1272/1272 1269/1269
f 1270/1270 1269/1269 1273/1273
f 1270/1270 1273/1273 1274/1274
f 1269/1269 1272/1272 1275/1275
f 1269/1269 1275/1275 1273/1273
f 1276/1276 1277/1277 1267/1267
f 1276/1276 1267/1267 1278/1278
f 1277/1277 1279/1279 1268/1268
f 1277/1277 1268/1268 1267/1267
f 1279/1279 1280/1280 1271/1271
f 1279/1279 1271/1271 1268/1268
f 1280/1280 1281/1281 1282/1282
f 1280/1280 1282/1282 1271/1271
f 1271/1271 1282/1282 1283/1283
f 1271/1271 1283/1283 1272/1272
f 1272/1272 1283/1283 1284/1284
f 1272/1272 1284/1284 1275/1275
f 1275/1275 1284/1284 1285/1285
f 1275/1275 1285/1285 1286/1286
f 1273/1273 1275/1275 1286/1286
f 1273/1273 1286/1286 1287/1287
f 1274/1274 1273/1273 1287/1287
f 1274/1274 1287/1287 1288/1288
f 1289/1289 1274/1274 1288/1288
f 1289/1289 1288/1288 1290/1290
f 1291/1291 1270/1270 1274/1274
f 1291/1291 1274/1274 1289/1289
f 1278/1278 1267/1267 1270/1270
f 1278/1278 1270/1270 1291/1291
f 1292/1292 1293/1293 1294/1294
f 1292/1292 1294/1294 1295/1295
f 1293/1293 1296/1296 1297/1297
f 1293/1293 1297/1297 1294/1294
f 1295/1295 1294/1294 1298/1298
f 1295/1295 1298/1298 1299/1299
f 1294/1294 1297/1297 1300/1300
f 1294/1294 1300/1300 1298/1298
f 1290/1290 1288/1288 1292/1292
f 1290/1290 1292/1292 1301/1301
f 1288/1288 1287/1287 1293/1293
f 1288/1288 1293/1293 1292/1292
f 1287/1287 1286/1286 1296/1296
f 1287/1287 1296/1296 1293/1293
f 1286/1286 1285/1285 1302/1302
f 1286/1286 1302/1302 1296/1296
f 1296/1296 1302/1302 1303/1303
f 1296/1296 1303/1303 1297/1297
f 1297/1297 1303/1303 1304/1304
f 1297/1297 1304/1304 1300/1300
f 1300/1300 1304/1304 1305/1305
f 1300/1300 1305/1305 1306/1306
f 1298/1298 1300/1300 1306/1306
f 1298/1298 1306/1306 1307/1307
f 1299/1299 1298/1298 1307/1307
f 1299/1299 1307/1307 1308/1308
f 1309/1309 1299/1299 1308/1308
f 1309/1309 1308/1308 1310/1310
f 1311/1311 1295/1295 1299/1299
f 1311/1311 1299/1299 1309/1309
f 1301/1301 1292/1292 1295/1295
f 1301/1301 1295/1295 1311/1311
f 1312/1312 1313/1313 1314/1314
f 1312/1312 1314/1314 1315/1315
f 1313/1313 1316/1316 1317/1317
f 1313/1313 1317/1317 1314/1314
f 1315/1315 1314/1314 1318/1318
f 1315/1315 1318/1318 1319/1319
f 1314/1314 1317/1317 1320/1320
f 1314/1314 1320/1320 1318/1318
f 1321/1321 1322/1322 1312/1312
f 1321/1321 1312/1312 1323/1323
f 1322/1322 1324/1324 1313/1313
f 1322/1322 1313/1313 1312/1312
f 1324/1324 1325/1325 1316/1316
f 1324/1324 1316/1316 1313/1313
f 1325/1325 1326/1326 1327/1327
f 1325/1325 1327/1327 1316/1316
f 1316/1316 1327/1327 1328/1328
f 1316/1316 1328/1328 1317/1317
f 1317/1317 1328/1328 1329/1329
f 1317/1317 1329/1329 1320/1320
f 1320/1320 1329/1329 1330/1330
f 1320/1320 1330/1330 1331/1331
f 1318/1318 1320/1320 1331/1331
f 1318/1318 1331/1331 1332/1332
f 1319/1319 1318/1318 1332/1332
f 1319/1319 1332/1332 1333/1333
f 1334/1334 1319/1319 1333/1333
f 1334/1334 1333/1333 1335/1335
f 1336/1336 1315/1315 1319/1319
f 1336/1336 1319/1319 1334/1334
f 1323/1323 1312/1312 1315/1315
f 1323/1323 1315/1315 1336/1336
f 1337/1337 1338/1338 1339/1339
f 1337/1337 1339/1339 1340/1340
f 1338/1338 1341/1341 1342/1342
f 1338/1338 1342/1342 1339/1339
f 1340/1340 1339/1339 1343/1343
f 1340/1340 1343/1343 1344/1344
f 1339/1339 1342/1342 1345/1345
f 1339/1339 1345/1345 1343/1343
f 1346/1346 1347/1347 1337/1337
f 1346/1346 1337/1337 1348/1348
f 1347/1347 1349/1349 1338/1338
f 1347/1347 1338/1338 1337/1337
f 1349/1349 1350/1350 1341/1341
f 1349/1349 1341/1341 1338/1338
f 1350/1350 1351/1351 1352/1352
f 1350/1350 1352/1352 1341/1341
f 1341/1341 1352/1352 1353/1353
f 1341/1341 1353/1353 1342/1342
f 1342/1342 1353/1353 1354/1354
f 1342/1342 1354/1354 1345/1345
f 1345/1345 1354/1354 1326/1326
f 1345/1345 1326/1326 1325/1325
f 1343/1343 1345/1345 1325/1325
f 1343/1343 1325/1325 1324/1324
f 1344/1344 1343/1343 1324/1324
f 1344/1344 1324/1324 1322/1322
f 1355/1355 1344/1344 1322/1322
f 1355/1355 1322/1322 1321/1321
f 1356/1356 1340/1340 1344/1344
f 1356/1356 1344/1344 1355/1355
f 1348/1348 1337/1337 1340/1340
f 1348/1348 1340/1340 1356/1356
f 1357/1357 1358/1358 1359/1359
f 1357/1357 1359/1359 1360/1360
f 1358/1358 1361/1361 1362/1362
f 1358/1358 1362/1362 1359/1359
f 1360/1360 1359/1359 1363/1363
f 1360/1360 1363/1363 1364/1364
f 1359/1359 1362/1362 1365/1365
f 1359/1359 1365/1365 1363/1363
f 1335/1335 1333/1333 1357/1357
f 1335/1335 1357/1357 1366/1366
f 1333/1333 1332/1332 1358/1358
f 1333/1333 1358/1358 1357/1357
f 1332/1332 1331/1331 1361/1361
f 1332/1332 1361/1361 1358/1358
f 1331/1331 1330/1330 1367/1367
f 1331/1331 1367/1367 1361/1361
f 1361/1361 1367/1367 1368/1368
f 1361/1361 1368/1368 1362/1362
f 1362/1362 1368/1368 1369/1369
f 1362/1362 1369/1369 1365/1365
f 1365/1365 1369/1369 1370/1370
f 1365/1365 1370/1370 1371/1371
f 1363/1363 1365/1365 1371/1371
f 1363/1363 1371/1371 1372/1372
f 1364/1364 1363/1363 1372/1372
f 1364/1364 1372/1372 1373/1373
f 1374/1374 1364/1364 1373/1373
f 1374/1374 1373/1373 1375/1375
f 1376/1376 1360/1360 1364/1364
f 1376/1376 1364/1364 1374/1374
f 1366/1366 1357/1357 1360/1360
f 1366/1366 1360/1360 1376/1376
f 1377/1377 1378/1378 1379/1379
f 1377/1377 1379/1379 1380/1380
f 1378/1378 1381/1381 1382/1382
f 1378/1378 1382/1382 1379/1379
f 1380/1380 1379/1379 1383/1383
f 1380/1380 1383/1383 1384/1384
f 1379/1379 1382/1382 1385/1385
f 1379/1379 1385/1385 1383/1383
f 1370/1370 1386/1386 1377/1377
f 1370/1370 1377/1377 1387/1387
f 1386/1386 1388/1388 1378/1378
f 1386/1386 1378/1378 1377/1377
f 1388/1388 1389/1389 1381/1381
f 1388/1388 1381/1381 1378/1378
f 1389/1389 1390/1390 1391/1391
f 1389/1389 1391/1391 1381/1381
f 1381/1381 1391/1391 1392/1392
f 1381/1381 1392/1392 1382/1382
f 1382/1382 1392/1392 1393/1393
f 1382/1382 1393/1393 1385/1385
f 1385/1385 1393/1393 1394/1394
f 1385/1385 1394/1394 1395/1395
f 1383/1383 1385/1385 1395/1395
f 1383/1383 1395/1395 1396/1396
f 1384/1384 1383/1383 1396/1396
f 1384/1384 1396/1396 1397/1397
f 1398/1398 1384/1384 1397/1397
f 1398/1398 1397/1397 1399/1399
f 1400/1400 1380/1380 1384/1384
f 1400/1400 1384/1384 1398/1398
f 1387/1387 1377/1377 1380/1380
f 1387/1387 1380/1380 1400/1400
f 1401/1401 1402/1402 1403/1403
f 1401/1401 1403/1403 1404/1404
f 1402/1402 1405/1405 1406/1406
f 1402/1402 1406/1406 1403/1403
f 1404/1404 1403/1403 1407/1407
f 1404/1404 1407/1407 1408/1408
f 1403/1403 1406/1406 1409/1409
f 1403/1403 1409/1409 1407/1407
f 1410/1410 1411/1411 1401/1401
f 1410/1410 1401/1401 1412/1412
f 1411/1411 1413/1413 1402/1402
f 1411/1411 1402/1402 1401/1401
f 1413/1413 1414/1414 1405/1405
f 1413/1413 1405/1405 1402/1402
f 1414/1414 1335/1335 1366/1366
f 1414/1414 1366/1366 1405/1405
f 1405/1405 1366/1366 1376/1376
f 1405/1405 1376/1376 1406/1406
f 1406/1406 1376/1376 1374/1374
f 1406/1406 1374/1374 1409/1409
f 1409/1409 1374/1374 1375/1375
f 1409/1409 1375/1375 1415/1415
f 1407/1407 1409/1409 1415/1415
f 1407/1407 1415/1415 1416/1416
f 1408/1408 1407/1407 1416/1416
f 1408/1408 1416/1416 1417/1417
f 1418/1418 1408/1408 1417/1417
f 1418/1418 1417/1417 1419/1419
f 1420/1420 1404/1404 1408/1408
f 1420/1420 1408/1408 1418/1418
f 1412/1412 1401/1401 1404/1404
f 1412/1412 1404/1404 1420/1420
f 1421/1421 1422/1422 1423/1423
f 1421/1421 1423/1423 1424/1424
f 1422/1422 1425/1425 1426/1426
f 1422/1422 1426/1426 1423/1423
f 1424/1424 1423/1423 1427/1427
f 1424/1424 1427/1427 1428/1428
f 1423/1423 1426/1426 1429/1429
f 1423/1423 1429/1429 1427/1427
f 1430/1430 1431/1431 1421/1421
f 1430/1430 1421/1421 1432/1432
f 1431/1431 1433/1433 1422/1422
f 1431/1431 1422/1422 1421/1421
f 1433/1433 1434/1434 1425/1425
f 1433/1433 1425/1425 1422/1422
f 1434/1434 1435/1435 1436/1436
f 1434/1434 1436/1436 1425/1425
f 1425/1425 1436/1436 1437/1437
f 1425/1425 1437/1437 1426/1426
f 1426/1426 1437/1437 1438/1438
f 1426/1426 1438/1438 1429/1429
f 1429/1429 1438/1438 1439/1439
f 1429/1429 1439/1439 1440/1440
f 1427/1427 1429/1429 1440/1440
f 1427/1427 1440/1440 1441/1441
f 1428/1428 1427/1427 1441/1441
f 1428/1428 1441/1441 1442/1442
f 1443/1443 1428/1428 1442/1442
f 1443/1443 1442/1442 1444/1444
f 1445/1445 1424/1424 1428/1428
f 1445/1445 1428/1428 1443/1443
f 1432/1432 1421/1421 1424/1424
f 1432/1432 1424/1424 1445/1445
f 1446/1446 1447/1447 1448/1448
f 1446/1446 1448/1448 1449/1449
f 1447/1447 1450/1450 1451/1451
f 1447/1447 1451/1451 1448/1448
f 1449/1449 1448/1448 1452/1452
f 1449/1449 1452/1452 1453/1453
f 1448/1448 1451/1451 1454/1454
f 1448/1448 1454/1454 1452/1452
f 1444/1444 1442/1442 1446/1446
f 1444/1444 1446/1446 1455/1455
f 1442/1442 1441/1441 1447/1447
f 1442/1442 1447/1447 1446/1446
f 1441/1441 1440/1440 1450/1450
f 1441/1441 1450/1450 1447/1447
f 1440/1440 1439/1439 1456/1456
f 1440/1440 1456/1456 1450/1450
f 1450/1450 1456/1456 1457/1457
f 1450/1450 1457/1457 1451/1451
f 1451/1451 1457/1457 1458/1458
f 1451/1451 1458/1458 1454/1454
f 1454/1454 1458/1458 1410/1410
f 1454/1454 1410/1410 1459/1459
f 1452/1452 1454/1454 1459/1459
f 1452/1452 1459/1459 1460/1460
f 1453/1453 1452/1452 1460/1460
f 1453/1453 1460/1460 1461/1461
f 1462/1462 1453/1453 1461/1461
f 1462/1462 1461/1461 1463/1463
f 1464/1464 1449/1449 1453/1453
f 1464/1464 1453/1453 1462/1462
f 1455/1455 1446/1446 1449/1449
f 1455/1455 1449/1449 1464/1464
f 1465/1465 1466/1466 1467/1467
f 1465/1465 1467/1467 1468/1468
f 1466/1466 1469/1469 1470/1470
f 1466/1466 1470/1470 1467/1467
f 1468/1468 1467/1467 1471/1471
f 1468/1468 1471/1471 1472/1472
f 1467/1467 1470/1470 1473/1473
f 1467/1467 1473/1473 1471/1471
f 1419/1419 1474/1474 1465/1465
f 1419/1419 1465/1465 1418/1418
f 1474/1474 1475/1475 1466/1466
f 1474/1474 1466/1466 1465/1465
f 1475/1475 1476/1476 1469/1469
f 1475/1475 1469/1469 1466/1466
f 1476/1476 1477/1477 1478/1478
f 1476/1476 1478/1478 1469/1469
f 1469/1469 1478/1478 1479/1479
f 1469/1469 1479/1479 1470/1470
f 1470/1470 1479/1479 1480/1480
f 1470/1470 1480/1480 1473/1473
f 1473/1473 1480/1480 1463/1463
f 1473/1473 1463/1463 1461/1461
f 1471/1471 1473/1473 1461/1461
f 1471/1471 1461/1461 1460/1460
f 1472/1472 1471/1471 1460/1460
f 1472/1472 1460/1460 1459/1459
f 1412/1412 1472/1472 1459/1459
f 1412/1412 1459/1459 1410/1410
f 1420/1420 1468/1468 1472/1472
f 1420/1420 1472/1472 1412/1412
f 1418/1418 1465/1465 1468/1468
f 1418/1418 1468/1468 1420/1420
f 1481/1481 1482/1482 1483/1483
f 1481/1481 1483/1483 1484/1484
f 1482/1482 1485/1485 1486/1486
f 1482/1482 1486/1486 1483/1483
f 1484/1484 1483/1483 1487/1487
f 1484/1484 1487/1487 1488/1488
f 1483/1483 1486/1486 1489/1489
f 1483/1483 1489/1489 1487/1487
f 1435/1435 1490/1490 1481/1481
f 1435/1435 1481/1481 1436/1436
f 1490/1490 1491/1491 1482/1482
f 1490/1490 1482/1482 1481/1481
f 1491/1491 1492/1492 1485/1485
f 1491/1491 1485/1485 1482/1482
f 1492/1492 1346/1346 1348/1348
f 1492/1492 1348/1348 1485/1485
f 1485/1485 1348/1348 1356/1356
f 1485/1485 1356/1356 1486/1486
f 1486/1486 1356/1356 1355/1355
f 1486/1486 1355/1355 1489/1489
f 1489/1489 1355/1355 1321/1321
f 1489/1489 1321/1321 1493/1493
f 1487/1487 1489/1489 1493/1493
f 1487/1487 1493/1493 1494/1494
f 1488/1488 1487/1487 1494/1494
f 1488/1488 1494/1494 1495/1495
f 1438/1438 1488/1488 1495/1495
f 1438/1438 1495/1495 1439/1439
f 1437/1437 1484/1484 1488/1488
f 1437/1437 1488/1488 1438/1438
f 1436/1436 1481/1481 1484/1484
f 1436/1436 1484/1484 1437/1437
f 1496/1496 1497/1497 1498/1498
f 1496/1496 1498/1498 1499/1499
f 1497/1497 1500/1500 1501/1501
f 1497/1497 1501/1501 1498/1498
f 1499/1499 1498/1498 1502/1502
f 1499/1499 1502/1502 1503/1503
f 1498/1498 1501/1501 1504/1504
f 1498/1498 1504/1504 1502/1502
f 1439/1439 1495/1495 1496/1496
f 1439/1439 1496/1496 1456/1456
f 1495/1495 1494/1494 1497/1497
f 1495/1495 1497/1497 1496/1496
f 1494/1494 1493/1493 1500/1500
f 1494/1494 1500/1500 1497/1497
f 1493/1493 1321/1321 1323/1323
f 1493/1493 1323/1323 1500/1500
f 1500/1500 1323/1323 1336/1336
f 1500/1500 1336/1336 1501/1501
f 1501/1501 1336/1336 1334/1334
f 1501/1501 1334/1334 1504/1504
f 1504/1504 1334/1334 1335/1335
f 1504/1504 1335/1335 1414/1414
f 1502/1502 1504/1504 1414/1414
f 1502/1502 1414/1414 1413/1413
f 1503/1503 1502/1502 1413/1413
f 1503/1503 1413/1413 1411/1411
f 1458/1458 1503/1503 1411/1411
f 1458/1458 1411/1411 1410/1410
f 1457/1457 1499/1499 1503/1503
f 1457/1457 1503/1503 1458/1458
f 1456/1456 1496/1496 1499/1499
f 1456/1456 1499/1499 1457/1457
f 1505/1505 1506/1506 1507/1507
f 1505/1505 1507/1507 1508/1508
f 1506/1506 1509/1509 1510/1510
f 1506/1506 1510/1510 1507/1507
f 1508/1508 1507/1507 1511/1511
f 1508/1508 1511/1511 1512/1512
f 1507/1507 1510/1510 1513/1513
f 1507/1507 1513/1513 1511/1511
f 1514/1514 1515/1515 1505/1505
f 1514/1514 1505/1505 1516/1516
f 1515/1515 1517/1517 1506/1506
f 1515/1515 1506/1506 1505/1505
f 1517/1517 1518/1518 1509/1509
f 1517/1517 1509/1509 1506/1506
f 1518/1518 1375/1375 1373/1373
f 1518/1518 1373/1373 1509/1509
f 1509/1509 1373/1373 1372/1372
f 1509/1509 1372/1372 1510/1510
f 1510/1510 1372/1372 1371/1371
f 1510/1510 1371/1371 1513/1513
f 1513/1513 1371/1371 1370/1370
f 1513/1513 1370/1370 1387/1387
f 1511/1511 1513/1513 1387/1387
f 1511/1511 1387/1387 1400/1400
f 1512/1512 1511/1511 1400/1400
f 1512/1512 1400/1400 1398/1398
f 1519/1519 1512/1512 1398/1398
f 1519/1519 1398/1398 1399/1399
f 1520/1520 1508/1508 1512/1512
f 1520/1520 1512/1512 1519/1519
f 1516/1516 1505/1505 1508/1508
f 1516/1516 1508/1508 1520/1520
f 1521/1521 1522/1522 1523/1523
f 1521/1521 1523/1523 1524/1524
f 1522/1522 1525/1525 1526/1526
f 1522/1522 1526/1526 1523/1523
f 1524/1524 1523/1523 1527/1527
f 1524/1524 1527/1527 1528/1528
f 1523/1523 1526/1526 1529/1529
f 1523/1523 1529/1529 1527/1527
f 1514/1514 1530/1530 1521/1521
f 1514/1514 1521/1521 1515/1515
f 1530/1530 1531/1531 1522/1522
f 1530/1530 1522/1522 1521/1521
f 1531/1531 1532/1532 1525/1525
f 1531/1531 1525/1525 1522/1522
f 1532/1532 1477/1477 1476/1476
f 1532/1532 1476/1476 1525/1525
f 1525/1525 1476/1476 1475/1475
f 1525/1525 1475/1475 1526/1526
f 1526/1526 1475/1475 1474/1474
f 1526/1526 1474/1474 1529/1529
f 1529/1529 1474/1474 1419/1419
f 1529/1529 1419/1419 1417/1417
f 1527/1527 1529/1529 1417/1417
f 1527/1527 1417/1417 1416/1416
f 1528/1528 1527/1527 1416/1416
f 1528/1528 1416/1416 1415/1415
f 1518/1518 1528/1528 1415/1415
f 1518/1518 1415/1415 1375/1375
f 1517/1517 1524/1524 1528/1528
f 1517/1517 1528/1528 1518/1518
f 1515/1515 1521/1521 1524/1524
f 1515/1515 1524/1524 1517/1517
f 1533/1533 1534/1534 1535/1535
f 1533/1533 1535/1535 1536/1536
f 1534/1534 1537/1537 1538/1538
f 1534/1534 1538/1538 1535/1535
f 1536/1536 1535/1535 1539/1539
f 1536/1536 1539/1539 1540/1540
f 1535/1535 1538/1538 1541/1541
f 1535/1535 1541/1541 1539/1539
f 1330/1330 1542/1542 1533/1533
f 1330/1330 1533/1533 1367/1367
f 1542/1542 1543/1543 1534/1534
f 1542/1542 1534/1534 1533/1533
f 1543/1543 1544/1544 1537/1537
f 1543/1543 1537/1537 1534/1534
f 1544/1544 1310/1310 1545/1545
f 1544/1544 1545/1545 1537/1537
f 1537/1537 1545/1545 1546/1546
f 1537/1537 1546/1546 1538/1538
f 1538/1538 1546/1546 1547/1547
f 1538/1538 1547/1547 1541/1541
f 1541/1541 1547/1547 1390/1390
f 1541/1541 1390/1390 1389/1389
f 1539/1539 1541/1541 1389/1389
f 1539/1539 1389/1389 1388/1388
f 1540/1540 1539/1539 1388/1388
f 1540/1540 1388/1388 1386/1386
f 1369/1369 1540/1540 1386/1386
f 1369/1369 1386/1386 1370/1370
f 1368/1368 1536/1536 1540/1540
f 1368/1368 1540/1540 1369/1369
f 1367/1367 1533/1533 1536/1536
f 1367/1367 1536/1536 1368/1368
f 1548/1548 1549/1549 1550/1550
f 1548/1548 1550/1550 1551/1551
f 1549/1549 1552/1552 1553/1553
f 1549/1549 1553/1553 1550/1550
f 1551/1551 1550/1550 1554/1554
f 1551/1551 1554/1554 1555/1555
f 1550/1550 1553/1553 1556/1556
f 1550/1550 1556/1556 1554/1554
f 1326/1326 1557/1557 1548/1548
f 1326/1326 1548/1548 1327/1327
f 1557/1557 1558/1558 1549/1549
f 1557/1557 1549/1549 1548/1548
f 1558/1558 1559/1559 1552/1552
f 1558/1558 1552/1552 1549/1549
f 1559/1559 1290/1290 1301/1301
f 1559/1559 1301/1301 1552/1552
f 1552/1552 1301/1301 1311/1311
f 1552/1552 1311/1311 1553/1553
f 1553/1553 1311/1311 1309/1309
f 1553/1553 1309/1309 1556/1556
f 1556/1556 1309/1309 1310/1310
f 1556/1556 1310/1310 1544/1544
f 1554/1554 1556/1556 1544/1544
f 1554/1554 1544/1544 1543/1543
f 1555/1555 1554/1554 1543/1543
f 1555/1555 1543/1543 1542/1542
f 1329/1329 1555/1555 1542/1542
f 1329/1329 1542/1542 1330/1330
f 1328/1328 1551/1551 1555/1555
f 1328/1328 1555/1555 1329/1329
f 1327/1327 1548/1548 1551/1551
f 1327/1327 1551/1551 1328/1328
f 1560/1560 1561/1561 1562/1562
f 1560/1560 1562/1562 1563/1563
f 1561/1561 1564/1564 1565/1565
f 1561/1561 1565/1565 1562/1562
f 1563/1563 1562/1562 1566/1566
f 1563/1563 1566/1566 1567/1567
f 1562/1562 1565/1565 1568/1568
f 1562/1562 1568/1568 1566/1566
f 1351/1351 1569/1569 1560/1560
f 1351/1351 1560/1560 1352/1352
f 1569/1569 1570/1570 1561/1561
f 1569/1569 1561/1561 1560/1560
f 1570/1570 1571/1571 1564/1564
f 1570/1570 1564/1564 1561/1561
f 1571/1571 1276/1276 1278/1278
f 1571/1571 1278/1278 1564/1564
f 1564/1564 1278/1278 1291/1291
f 1564/1564 1291/1291 1565/1565
f 1565/1565 1291/1291 1289/1289
f 1565/1565 1289/1289 1568/1568
f 1568/1568 1289/1289 1290/1290
f 1568/1568 1290/1290 1559/1559
f 1566/1566 1568/1568 1559/1559
f 1566/1566 1559/1559 1558/1558
f 1567/1567 1566/1566 1558/1558
f 1567/1567 1558/1558 1557/1557
f 1354/1354 1567/1567 1557/1557
f 1354/1354 1557/1557 1326/1326
f 1353/1353 1563/1563 1567/1567
f 1353/1353 1567/1567 1354/1354
f 1352/1352 1560/1560 1563/1563
f 1352/1352 1563/1563 1353/1353
f 1572/1572 1573/1573 1574/1574
f 1572/1572 1574/1574 1575/1575
f 1573/1573 1576/1576 1577/1577
f 1573/1573 1577/1577 1574/1574
f 1575/1575 1574/1574 1578/1578
f 1575/1575 1578/1578 1579/1579
f 1574/1574 1577/1577 1580/1580
f 1574/1574 1580/1580 1578/1578
f 1394/1394 1393/1393 1572/1572
f 1394/1394 1572/1572 1581/1581
f 1393/1393 1392/1392 1573/1573
f 1393/1393 1573/1573 1572/1572
f 1392/1392 1391/1391 1576/1576
f 1392/1392 1576/1576 1573/1573
f 1391/1391 1390/1390 1547/1547
f 1391/1391 1547/1547 1576/1576
f 1576/1576 1547/1547 1546/1546
f 1576/1576 1546/1546 1577/1577
f 1577/1577 1546/1546 1545/1545
f 1577/1577 1545/1545 1580/1580
f 1580/1580 1545/1545 1310/1310
f 1580/1580 1310/1310 1308/1308
f 1578/1578 1580/1580 1308/1308
f 1578/1578 1308/1308 1307/1307
f 1579/1579 1578/1578 1307/1307
f 1579/1579 1307/1307 1306/1306
f 1582/1582 1579/1579 1306/1306
f 1582/1582 1306/1306 1305/1305
f 1583/1583 1575/1575 1579/1579
f 1583/1583 1579/1579 1582/1582
f 1581/1581 1572/1572 1575/1575
f 1581/1581 1575/1575 1583/1583
f 1584/1584 1585/1585 1586/1586
f 1584/1584 1586/1586 1587/1587
f 1585/1585 1588/1588 1589/1589
f 1585/1585 1589/1589 1586/1586
f 1587/1587 1586/1586 1590/1590
f 1587/1587 1590/1590 1591/1591
f 1586/1586 1589/1589 1592/1592
f 1586/1586 1592/1592 1590/1590
f 1276/1276 1593/1593 1584/1584
f 1276/1276 1584/1584 1277/1277
f 1593/1593 1594/1594 1585/1585
f 1593/1593 1585/1585 1584/1584
f 1594/1594 1595/1595 1588/1588
f 1594/1594 1588/1588 1585/1585
f 1595/1595 1596/1596 1597/1597
f 1595/1595 1597/1597 1588/1588
f 1588/1588 1597/1597 1598/1598
f 1588/1588 1598/1598 1589/1589
f 1589/1589 1598/1598 1599/1599
f 1589/1589 1599/1599 1592/1592
f 1592/1592 1599/1599 1600/1600
f 1592/1592 1600/1600 1601/1601
f 1590/1590 1592/1592 1601/1601
f 1590/1590 1601/1601 1602/1602
f 1591/1591 1590/1590 1602/1602
f 1591/1591 1602/1602 1603/1603
f 1280/1280 1591/1591 1603/1603
f 1280/1280 1603/1603 1281/1281
f 1279/1279 1587/1587 1591/1591
f 1279/1279 1591/1591 1280/1280
f 1277/1277 1584/1584 1587/1587
f 1277/1277 1587/1587 1279/1279
f 1604/1604 1605/1605 1606/1606
f 1604/1604 1606/1606 1607/1607
f 1605/1605 1608/1608 1609/1609
f 1605/1605 1609/1609 1606/1606
f 1607/1607 1606/1606 1610/1610
f 1607/1607 1610/1610 1611/1611
f 1606/1606 1609/1609 1612/1612
f 1606/1606 1612/1612 1610/1610
f 1596/1596 1613/1613 1604/1604
f 1596/1596 1604/1604 1597/1597
f 1613/1613 1614/1614 1605/1605
f 1613/1613 1605/1605 1604/1604
f 1614/1614 1615/1615 1608/1608
f 1614/1614 1608/1608 1605/1605
f 1615/1615 1616/1616 1617/1617
f 1615/1615 1617/1617 1608/1608
f 1608/1608 1617/1617 1618/1618
f 1608/1608 1618/1618 1609/1609
f 1609/1609 1618/1618 1619/1619
f 1609/1609 1619/1619 1612/1612
f 1612/1612 1619/1619 1620/1620
f 1612/1612 1620/1620 1621/1621
f 1610/1610 1612/1612 1621/1621
f 1610/1610 1621/1621 1622/1622
f 1611/1611 1610/1610 1622/1622
f 1611/1611 1622/1622 1623/1623
f 1599/1599 1611/1611 1623/1623
f 1599/1599 1623/1623 1600/1600
f 1598/1598 1607/1607 1611/1611
f 1598/1598 1611/1611 1599/1599
f 1597/1597 1604/1604 1607/1607
f 1597/1597 1607/1607 1598/1598
f 1624/1624 1625/1625 1626/1626
f 1624/1624 1626/1626 1627/1627
f 1625/1625 1628/1628 1629/1629
f 1625/1625 1629/1629 1626/1626
f 1627/1627 1626/1626 1630/1630
f 1627/1627 1630/1630 1631/1631
f 1626/1626 1629/1629 1632/1632
f 1626/1626 1632/1632 1630/1630
f 1633/1633 1634/1634 1624/1624
f 1633/1633 1624/1624 1635/1635
f 1634/1634 1636/1636 1625/1625
f 1634/1634 1625/1625 1624/1624
f 1636/1636 1637/1637 1628/1628
f 1636/1636 1628/1628 1625/1625
f 1637/1637 1638/1638 1639/1639
f 1637/1637 1639/1639 1628/1628
f 1628/1628 1639/1639 1640/1640
f 1628/1628 1640/1640 1629/1629
f 1629/1629 1640/1640 1641/1641
f 1629/1629 1641/1641 1632/1632
f 1632/1632 1641/1641 1642/1642
f 1632/1632 1642/1642 1643/1643
f 1630/1630 1632/1632 1643/1643
f 1630/1630 1643/1643 1644/1644
f 1631/1631 1630/1630 1644/1644
f 1631/1631 1644/1644 1645/1645
f 1646/1646 1631/1631 1645/1645
f 1646/1646 1645/1645 1647/1647
f 1648/1648 1627/1627 1631/1631
f 1648/1648 1631/1631 1646/1646
f 1635/1635 1624/1624 1627/1627
f 1635/1635 1627/1627 1648/1648
f 1649/1649 1650/1650 1651/1651
f 1649/1649 1651/1651 1652/1652
f 1650/1650 1653/1653 1654/1654
f 1650/1650 1654/1654 1651/1651
f 1652/1652 1651/1651 1655/1655
f 1652/1652 1655/1655 1656/1656
f 1651/1651 1654/1654 1657/1657
f 1651/1651 1657/1657 1655/1655
f 1346/1346 1658/1658 1649/1649
f 1346/1346 1649/1649 1347/1347
f 1658/1658 1659/1659 1650/1650
f 1658/1658 1650/1650 1649/1649
f 1659/1659 1660/1660 1653/1653
f 1659/1659 1653/1653 1650/1650
f 1660/1660 1633/1633 1635/1635
f 1660/1660 1635/1635 1653/1653
f 1653/1653 1635/1635 1648/1648
f 1653/1653 1648/1648 1654/1654
f 1654/1654 1648/1648 1646/1646
f 1654/1654 1646/1646 1657/1657
f 1657/1657 1646/1646 1647/1647
f 1657/1657 1647/1647 1661/1661
f 1655/1655 1657/1657 1661/1661
f 1655/1655 1661/1661 1662/1662
f 1656/1656 1655/1655 1662/1662
f 1656/1656 1662/1662 1663/1663
f 1350/1350 1656/1656 1663/1663
f 1350/1350 1663/1663 1351/1351
f 1349/1349 1652/1652 1656/1656
f 1349/1349 1656/1656 1350/1350
f 1347/1347 1649/1649 1652/1652
f 1347/1347 1652/1652 1349/1349
f 1664/1664 1665/1665 1666/1666
f 1664/1664 1666/1666 1667/1667
f 1665/1665 1668/1668 1669/1669
f 1665/1665 1669/1669 1666/1666
f 1667/1667 1666/1666 1670/1670
f 1667/1667 1670/1670 1671/1671
f 1666/1666 1669/1669 1672/1672
f 1666/1666 1672/1672 1670/1670
f 1638/1638 1673/1673 1664/1664
f 1638/1638 1664/1664 1639/1639
f 1673/1673 1674/1674 1665/1665
f 1673/1673 1665/1665 1664/1664
f 1674/1674 1675/1675 1668/1668
f 1674/1674 1668/1668 1665/1665
f 1675/1675 1676/1676 1677/1677
f 1675/1675 1677/1677 1668/1668
f 1668/1668 1677/1677 1678/1678
f 1668/1668 1678/1678 1669/1669
f 1669/1669 1678/1678 1679/1679
f 1669/1669 1679/1679 1672/1672
f 1672/1672 1679/1679 1680/1680
f 1672/1672 1680/1680 1681/1681
f 1670/1670 1672/1672 1681/1681
f 1670/1670 1681/1681 1682/1682
f 1671/1671 1670/1670 1682/1682
f 1671/1671 1682/1682 1683/1683
f 1641/1641 1671/1671 1683/1683
f 1641/1641 1683/1683 1642/1642
f 1640/1640 1667/1667 1671/1671
f 1640/1640 1671/1671 1641/1641
f 1639/1639 1664/1664 1667/1667
f 1639/1639 1667/1667 1640/1640
f 1684/1684 1685/1685 1686/1686
f 1684/1684 1686/1686 1687/1687
f 1685/1685 1688/1688 1689/1689
f 1685/1685 1689/1689 1686/1686
f 1687/1687 1686/1686 1690/1690
f 1687/1687 1690/1690 1691/1691
f 1686/1686 1689/1689 1692/1692
f 1686/1686 1692/1692 1690/1690
f 1680/1680 1693/1693 1684/1684
f 1680/1680 1684/1684 1694/1694
f 1693/1693 1695/1695 1685/1685
f 1693/1693 1685/1685 1684/1684
f 1695/1695 1696/1696 1688/1688
f 1695/1695 1688/1688 1685/1685
f 1696/1696 1697/1697 1698/1698
f 1696/1696 1698/1698 1688/1688
f 1688/1688 1698/1698 1699/1699
f 1688/1688 1699/1699 1689/1689
f 1689/1689 1699/1699 1700/1700
f 1689/1689 1700/1700 1692/1692
f 1692/1692 1700/1700 1701/1701
f 1692/1692 1701/1701 1702/1702
f 1690/1690 1692/1692 1702/1702
f 1690/1690 1702/1702 1703/1703
f 1691/1691 1690/1690 1703/1703
f 1691/1691 1703/1703 1704/1704
f 1705/1705 1691/1691 1704/1704
f 1705/1705 1704/1704 1706/1706
f 1707/1707 1687/1687 1691/1691
f 1707/1707 1691/1691 1705/1705
f 1694/1694 1684/1684 1687/1687
f 1694/1694 1687/1687 1707/1707
f 1708/1708 1709/1709 1710/1710
f 1708/1708 1710/1710 1711/1711
f 1709/1709 1712/1712 1713/1713
f 1709/1709 1713/1713 1710/1710
f 1711/1711 1710/1710 1714/1714
f 1711/1711 1714/1714 1715/1715
f 1710/1710 1713/1713 1716/1716
f 1710/1710 1716/1716 1714/1714
f 1717/1717 1718/1718 1708/1708
f 1717/1717 1708/1708 1719/1719
f 1718/1718 1720/1720 1709/1709
f 1718/1718 1709/1709 1708/1708
f 1720/1720 1721/1721 1712/1712
f 1720/1720 1712/1712 1709/1709
f 1721/1721 1722/1722 1723/1723
f 1721/1721 1723/1723 1712/1712
f 1712/1712 1723/1723 1724/1724
f 1712/1712 1724/1724 1713/1713
f 1713/1713 1724/1724 1725/1725
f 1713/1713 1725/1725 1716/1716
f 1716/1716 1725/1725 1676/1676
f 1716/1716 1676/1676 1675/1675
f 1714/1714 1716/1716 1675/1675
f 1714/1714 1675/1675 1674/1674
f 1715/1715 1714/1714 1674/1674
f 1715/1715 1674/1674 1673/1673
f 1726/1726 1715/1715 1673/1673
f 1726/1726 1673/1673 1638/1638
f 1727/1727 1711/1711 1715/1715
f 1727/1727 1715/1715 1726/1726
f 1719/1719 1708/1708 1711/1711
f 1719/1719 1711/1711 1727/1727
f 1728/1728 1729/1729 1730/1730
f 1728/1728 1730/1730 1731/1731
f 1729/1729 1732/1732 1733/1733
f 1729/1729 1733/1733 1730/1730
f 1731/1731 1730/1730 1734/1734
f 1731/1731 1734/1734 1735/1735
f 1730/1730 1733/1733 1736/1736
f 1730/1730 1736/1736 1734/1734
f 1430/1430 1737/1737 1728/1728
f 1430/1430 1728/1728 1431/1431
f 1737/1737 1738/1738 1729/1729
f 1737/1737 1729/1729 1728/1728
f 1738/1738 1739/1739 1732/1732
f 1738/1738 1732/1732 1729/1729
f 1739/1739 1740/1740 1741/1741
f 1739/1739 1741/1741 1732/1732
f 1732/1732 1741/1741 1742/1742
f 1732/1732 1742/1742 1733/1733
f 1733/1733 1742/1742 1743/1743
f 1733/1733 1743/1743 1736/1736
f 1736/1736 1743/1743 1744/1744
f 1736/1736 1744/1744 1745/1745
f 1734/1734 1736/1736 1745/1745
f 1734/1734 1745/1745 1746/1746
f 1735/1735 1734/1734 1746/1746
f 1735/1735 1746/1746 1747/1747
f 1434/1434 1735/1735 1747/1747
f 1434/1434 1747/1747 1435/1435
f 1433/1433 1731/1731 1735/1735
f 1433/1433 1735/1735 1434/1434
f 1431/1431 1728/1728 1731/1731
f 1431/1431 1731/1731 1433/1433
f 1748/1748 1749/1749 1750/1750
f 1748/1748 1750/1750 1751/1751
f 1749/1749 1752/1752 1753/1753
f 1749/1749 1753/1753 1750/1750
f 1751/1751 1750/1750 1754/1754
f 1751/1751 1754/1754 1755/1755
f 1750/1750 1753/1753 1756/1756
f 1750/1750 1756/1756 1754/1754
f 1740/1740 1757/1757 1748/1748
f 1740/1740 1748/1748 1741/1741
f 1757/1757 1758/1758 1749/1749
f 1757/1757 1749/1749 1748/1748
f 1758/1758 1759/1759 1752/1752
f 1758/1758 1752/1752 1749/1749
f 1759/1759 1760/1760 1761/1761
f 1759/1759 1761/1761 1752/1752
f 1752/1752 1761/1761 1762/1762
f 1752/1752 1762/1762 1753/1753
f 1753/1753 1762/1762 1763/1763
f 1753/1753 1763/1763 1756/1756
f 1756/1756 1763/1763 1717/1717
f 1756/1756 1717/1717 1764/1764
f 1754/1754 1756/1756 1764/1764
f 1754/1754 1764/1764 1765/1765
f 1755/1755 1754/1754 1765/1765
f 1755/1755 1765/1765 1766/1766
f 1743/1743 1755/1755 1766/1766
f 1743/1743 1766/1766 1744/1744
f 1742/1742 1751/1751 1755/1755
f 1742/1742 1755/1755 1743/1743
f 1741/1741 1748/1748 1751/1751
f 1741/1741 1751/1751 1742/1742
f 1767/1767 1768/1768 1769/1769
f 1767/1767 1769/1769 1770/1770
f 1768/1768 1771/1771 1772/1772
f 1768/1768 1772/1772 1769/1769
f 1770/1770 1769/1769 1773/1773
f 1770/1770 1773/1773 1774/1774
f 1769/1769 1772/1772 1775/1775
f 1769/1769 1775/1775 1773/1773
f 1722/1722 1721/1721 1767/1767
f 1722/1722 1767/1767 1776/1776
f 1721/1721 1720/1720 1768/1768
f 1721/1721 1768/1768 1767/1767
f 1720/1720 1718/1718 1771/1771
f 1720/1720 1771/1771 1768/1768
f 1718/1718 1717/1717 1763/1763
f 1718/1718 1763/1763 1771/1771
f 1771/1771 1763/1763 1762/1762
f 1771/1771 1762/1762 1772/1772
f 1772/1772 1762/1762 1761/1761
f 1772/1772 1761/1761 1775/1775
f 1775/1775 1761/1761 1760/1760
f 1775/1775 1760/1760 1777/1777
f 1773/1773 1775/1775 1777/1777
f 1773/1773 1777/1777 1778/1778
f 1774/1774 1773/1773 1778/1778
f 1774/1774 1778/1778 1779/1779
f 1780/1780 1774/1774 1779/1779
f 1780/1780 1779/1779 1781/1781
f 1782/1782 1770/1770 1774/1774
f 1782/1782 1774/1774 1780/1780
f 1776/1776 1767/1767 1770/1770
f 1776/1776 1770/1770 1782/1782
f 1783/1783 1784/1784 1785/1785
f 1783/1783 1785/1785 1786/1786
f 1784/1784 1787/1787 1788/1788
f 1784/1784 1788/1788 1785/1785
f 1786/1786 1785/1785 1789/1789
f 1786/1786 1789/1789 1790/1790
f 1785/1785 1788/1788 1791/1791
f 1785/1785 1791/1791 1789/1789
f 1435/1435 1747/1747 1783/1783
f 1435/1435 1783/1783 1490/1490
f 1747/1747 1746/1746 1784/1784
f 1747/1747 1784/1784 1783/1783
f 1746/1746 1745/1745 1787/1787
f 1746/1746 1787/1787 1784/1784
f 1745/1745 1744/1744 1792/1792
f 1745/1745 1792/1792 1787/1787
f 1787/1787 1792/1792 1793/1793
f 1787/1787 1793/1793 1788/1788
f 1788/1788 1793/1793 1794/1794
f 1788/1788 1794/1794 1791/1791
f 1791/1791 1794/1794 1633/1633
f 1791/1791 1633/1633 1660/1660
f 1789/1789 1791/1791 1660/1660
f 1789/1789 1660/1660 1659/1659
f 1790/1790 1789/1789 1659/1659
f 1790/1790 1659/1659 1658/1658
f 1492/1492 1790/1790 1658/1658
f 1492/1492 1658/1658 1346/1346
f 1491/1491 1786/1786 1790/1790
f 1491/1491 1790/1790 1492/1492
f 1490/1490 1783/1783 1786/1786
f 1490/1490 1786/1786 1491/1491
f 1795/1795 1796/1796 1797/1797
f 1795/1795 1797/1797 1798/1798
f 1796/1796 1799/1799 1800/1800
f 1796/1796 1800/1800 1797/1797
f 1798/1798 1797/1797 1801/1801
f 1798/1798 1801/1801 1802/1802
f 1797/1797 1800/1800 1803/1803
f 1797/1797 1803/1803 1801/1801
f 1744/1744 1766/1766 1795/1795
f 1744/1744 1795/1795 1792/1792
f 1766/1766 1765/1765 1796/1796
f 1766/1766 1796/1796 1795/1795
f 1765/1765 1764/1764 1799/1799
f 1765/1765 1799/1799 1796/1796
f 1764/1764 1717/1717 1719/1719
f 1764/1764 1719/1719 1799/1799
f 1799/1799 1719/1719 1727/1727
f 1799/1799 1727/1727 1800/1800
f 1800/1800 1727/1727 1726/1726
f 1800/1800 1726/1726 1803/1803
f 1803/1803 1726/1726 1638/1638
f 1803/1803 1638/1638 1637/1637
f 1801/1801 1803/1803 1637/1637
f 1801/1801 1637/1637 1636/1636
f 1802/1802 1801/1801 1636/1636
f 1802/1802 1636/1636 1634/1634
f 1794/1794 1802/1802 1634/1634
f 1794/1794 1634/1634 1633/1633
f 1793/1793 1798/1798 1802/1802
f 1793/1793 1802/1802 1794/1794
f 1792/1792 1795/1795 1798/1798
f 1792/1792 1798/1798 1793/1793
f 1804/1804 1805/1805 1806/1806
f 1804/1804 1806/1806 1807/1807
f 1805/1805 1808/1808 1809/1809
f 1805/1805 1809/1809 1806/1806
f 1807/1807 1806/1806 1810/1810
f 1807/1807 1810/1810 1811/1811
f 1806/1806 1809/1809 1812/1812
f 1806/1806 1812/1812 1810/1810
f 1813/1813 1814/1814 1804/1804
f 1813/1813 1804/1804 1815/1815
f 1814/1814 1816/1816 1805/1805
f 1814/1814 1805/1805 1804/1804
f 1816/1816 1817/1817 1808/1808
f 1816/1816 1808/1808 1805/1805
f 1817/1817 1697/1697 1696/1696
f 1817/1817 1696/1696 1808/1808
f 1808/1808 1696/1696 1695/1695
f 1808/1808 1695/1695 1809/1809
f 1809/1809 1695/1695 1693/1693
f 1809/1809 1693/1693 1812/1812
f 1812/1812 1693/1693 1680/1680
f 1812/1812 1680/1680 1679/1679
f 1810/1810 1812/1812 1679/1679
f 1810/1810 1679/1679 1678/1678
f 1811/1811 1810/1810 1678/1678
f 1811/1811 1678/1678 1677/1677
f 1818/1818 1811/1811 1677/1677
f 1818/1818 1677/1677 1676/1676
f 1819/1819 1807/1807 1811/1811
f 1819/1819 1811/1811 1818/1818
f 1815/1815 1804/1804 1807/1807
f 1815/1815 1807/1807 1819/1819
f 1820/1820 1821/1821 1822/1822
f 1820/1820 1822/1822 1823/1823
f 1821/1821 1824/1824 1825/1825
f 1821/1821 1825/1825 1822/1822
f 1823/1823 1822/1822 1826/1826
f 1823/1823 1826/1826 1827/1827
f 1822/1822 1825/1825 1828/1828
f 1822/1822 1828/1828 1826/1826
f 1813/1813 1815/1815 1820/1820
f 1813/1813 1820/1820 1829/1829
f 1815/1815 1819/1819 1821/1821
f 1815/1815 1821/1821 1820/1820
f 1819/1819 1818/1818 1824/1824
f 1819/1819 1824/1824 1821/1821
f 1818/1818 1676/1676 1725/1725
f 1818/1818 1725/1725 1824/1824
f 1824/1824 1725/1725 1724/1724
f 1824/1824 1724/1724 1825/1825
f 1825/1825 1724/1724 1723/1723
f 1825/1825 1723/1723 1828/1828
f 1828/1828 1723/1723 1722/1722
f 1828/1828 1722/1722 1776/1776
f 1826/1826 1828/1828 1776/1776
f 1826/1826 1776/1776 1782/1782
f 1827/1827 1826/1826 1782/1782
f 1827/1827 1782/1782 1780/1780
f 1830/1830 1827/1827 1780/1780
f 1830/1830 1780/1780 1781/1781
f 1831/1831 1823/1823 1827/1827
f 1831/1831 1827/1827 1830/1830
f 1829/1829 1820/1820 1823/1823
f 1829/1829 1823/1823 1831/1831
f 1832/1832 1833/1833 1834/1834
f 1832/1832 1834/1834 1835/1835
f 1833/1833 1836/1836 1837/1837
f 1833/1833 1837/1837 1834/1834
f 1835/1835 1834/1834 1838/1838
f 1835/1835 1838/1838 1839/1839
f 1834/1834 1837/1837 1840/1840
f 1834/1834 1840/1840 1838/1838
f 1642/1642 1683/1683 1832/1832
f 1642/1642 1832/1832 1841/1841
f 1683/1683 1682/1682 1833/1833
f 1683/1683 1833/1833 1832/1832
f 1682/1682 1681/1681 1836/1836
f 1682/1682 1836/1836 1833/1833
f 1681/1681 1680/1680 1694/1694
f 1681/1681 1694/1694 1836/1836
f 1836/1836 1694/1694 1707/1707
f 1836/1836 1707/1707 1837/1837
f 1837/1837 1707/1707 1705/1705
f 1837/1837 1705/1705 1840/1840
f 1840/1840 1705/1705 1706/1706
f 1840/1840 1706/1706 1842/1842
f 1838/1838 1840/1840 1842/1842
f 1838/1838 1842/1842 1843/1843
f 1839/1839 1838/1838 1843/1843
f 1839/1839 1843/1843 1844/1844
f 1845/1845 1839/1839 1844/1844
f 1845/1845 1844/1844 1616/1616
f 1846/1846 1835/1835 1839/1839
f 1846/1846 1839/1839 1845/1845
f 1841/1841 1832/1832 1835/1835
f 1841/1841 1835/1835 1846/1846
f 1847/1847 1848/1848 1849/1849
f 1847/1847 1849/1849 1850/1850
f 1848/1848 1851/1851 1852/1852
f 1848/1848 1852/1852 1849/1849
f 1850/1850 1849/1849 1853/1853
f 1850/1850 1853/1853 1854/1854
f 1849/1849 1852/1852 1855/1855
f 1849/1849 1855/1855 1853/1853
f 1647/1647 1645/1645 1847/1847
f 1647/1647 1847/1847 1856/1856
f 1645/1645 1644/1644 1848/1848
f 1645/1645 1848/1848 1847/1847
f 1644/1644 1643/1643 1851/1851
f 1644/1644 1851/1851 1848/1848
f 1643/1643 1642/1642 1841/1841
f 1643/1643 1841/1841 1851/1851
f 1851/1851 1841/1841 1846/1846
f 1851/1851 1846/1846 1852/1852
f 1852/1852 1846/1846 1845/1845
f 1852/1852 1845/1845 1855/1855
f 1855/1855 1845/1845 1616/1616
f 1855/1855 1616/1616 1615/1615
f 1853/1853 1855/1855 1615/1615
f 1853/1853 1615/1615 1614/1614
f 1854/1854 1853/1853 1614/1614
f 1854/1854 1614/1614 1613/1613
f 1857/1857 1854/1854 1613/1613
f 1857/1857 1613/1613 1596/1596
f 1858/1858 1850/1850 1854/1854
f 1858/1858 1854/1854 1857/1857
f 1856/1856 1847/1847 1850/1850
f 1856/1856 1850/1850 1858/1858
f 1859/1859 1860/1860 1861/1861
f 1859/1859 1861/1861 1862/1862
f 1860/1860 1863/1863 1864/1864
f 1860/1860 1864/1864 1861/1861
f 1862/1862 1861/1861 1865/1865
f 1862/1862 1865/1865 1866/1866
f 1861/1861 1864/1864 1867/1867
f 1861/1861 1867/1867 1865/1865
f 1351/1351 1663/1663 1859/1859
f 1351/1351 1859/1859 1569/1569
f 1663/1663 1662/1662 1860/1860
f 1663/1663 1860/1860 1859/1859
f 1662/1662 1661/1661 1863/1863
f 1662/1662 1863/1863 1860/1860
f 1661/1661 1647/1647 1856/1856
f 1661/1661 1856/1856 1863/1863
f 1863/1863 1856/1856 1858/1858
f 1863/1863 1858/1858 1864/1864
f 1864/1864 1858/1858 1857/1857
f 1864/1864 1857/1857 1867/1867
f 1867/1867 1857/1857 1596/1596
f 1867/1867 1596/1596 1595/1595
f 1865/1865 1867/1867 1595/1595
f 1865/1865 1595/1595 1594/1594
f 1866/1866 1865/1865 1594/1594
f 1866/1866 1594/1594 1593/1593
f 1571/1571 1866/1866 1593/1593
f 1571/1571 1593/1593 1276/1276
f 1570/1570 1862/1862 1866/1866
f 1570/1570 1866/1866 1571/1571
f 1569/1569 1859/1859 1862/1862
f 1569/1569 1862/1862 1570/1570
f 1868/1868 1869/1869 1870/1870
f 1868/1868 1870/1870 1871/1871
f 1869/1869 1872/1872 1873/1873
f 1869/1869 1873/1873 1870/1870
f 1871/1871 1870/1870 1874/1874
f 1871/1871 1874/1874 1875/1875
f 1870/1870 1873/1873 1876/1876
f 1870/1870 1876/1876 1874/1874
f 1701/1701 1877/1877 1868/1868
f 1701/1701 1868/1868 1702/1702
f 1877/1877 1878/1878 1869/1869
f 1877/1877 1869/1869 1868/1868
f 1878/1878 1879/1879 1872/1872
f 1878/1878 1872/1872 1869/1869
f 1879/1879 1620/1620 1619/1619
f 1879/1879 1619/1619 1872/1872
f 1872/1872 1619/1619 1618/1618
f 1872/1872 1618/1618 1873/1873
f 1873/1873 1618/1618 1617/1617
f 1873/1873 1617/1617 1876/1876
f 1876/1876 1617/1617 1616/1616
f 1876/1876 1616/1616 1844/1844
f 1874/1874 1876/1876 1844/1844
f 1874/1874 1844/1844 1843/1843
f 1875/1875 1874/1874 1843/1843
f 1875/1875 1843/1843 1842/1842
f 1704/1704 1875/1875 1842/1842
f 1704/1704 1842/1842 1706/1706
f 1703/1703 1871/1871 1875/1875
f 1703/1703 1875/1875 1704/1704
f 1702/1702 1868/1868 1871/1871
f 1702/1702 1871/1871 1703/1703
f 1880/1880 1881/1881 1882/1882
f 1880/1880 1882/1882 1883/1883
f 1881/1881 1884/1884 1885/1885
f 1881/1881 1885/1885 1882/1882
f 1883/1883 1882/1882 1886/1886
f 1883/1883 1886/1886 1887/1887
f 1882/1882 1885/1885 1888/1888
f 1882/1882 1888/1888 1886/1886
f 1889/1889 1890/1890 1880/1880
f 1889/1889 1880/1880 1891/1891
f 1890/1890 1892/1892 1881/1881
f 1890/1890 1881/1881 1880/1880
f 1892/1892 1893/1893 1884/1884
f 1892/1892 1884/1884 1881/1881
f 1893/1893 1894/1894 1895/1895
f 1893/1893 1895/1895 1884/1884
f 1884/1884 1895/1895 1896/1896
f 1884/1884 1896/1896 1885/1885
f 1885/1885 1896/1896 1897/1897
f 1885/1885 1897/1897 1888/1888
f 1888/1888 1897/1897 1898/1898
f 1888/1888 1898/1898 1899/1899
f 1886/1886 1888/1888 1899/1899
f 1886/1886 1899/1899 1900/1900
f 1887/1887 1886/1886 1900/1900
f 1887/1887 1900/1900 1901/1901
f 1902/1902 1887/1887 1901/1901
f 1902/1902 1901/1901 1903/1903
f 1904/1904 1883/1883 1887/1887
f 1904/1904 1887/1887 1902/1902
f 1891/1891 1880/1880 1883/1883
f 1891/1891 1883/1883 1904/1904
f 1905/1905 1906/1906 1907/1907
f 1905/1905 1907/1907 1908/1908
f 1906/1906 1909/1909 1910/1910
f 1906/1906 1910/1910 1907/1907
f 1908/1908 1907/1907 1911/1911
f 1908/1908 1911/1911 1912/1912
f 1907/1907 1910/1910 1913/1913
f 1907/1907 1913/1913 1911/1911
f 1894/1894 1914/1914 1905/1905
f 1894/1894 1905/1905 1895/1895
f 1914/1914 1915/1915 1906/1906
f 1914/1914 1906/1906 1905/1905
f 1915/1915 1916/1916 1909/1909
f 1915/1915 1909/1909 1906/1906
f 1916/1916 1917/1917 1918/1918
f 1916/1916 1918/1918 1909/1909
f 1909/1909 1918/1918 1919/1919
f 1909/1909 1919/1919 1910/1910
f 1910/1910 1919/1919 1920/1920
f 1910/1910 1920/1920 1913/1913
f 1913/1913 1920/1920 1921/1921
f 1913/1913 1921/1921 1922/1922
f 1911/1911 1913/1913 1922/1922
f 1911/1911 1922/1922 1923/1923
f 1912/1912 1911/1911 1923/1923
f 1912/1912 1923/1923 1924/1924
f 1897/1897 1912/1912 1924/1924
f 1897/1897 1924/1924 1898/1898
f 1896/1896 1908/1908 1912/1912
f 1896/1896 1912/1912 1897/1897
f 1895/1895 1905/1905 1908/1908
f 1895/1895 1908/1908 1896/1896
f 1925/1925 1926/1926 1927/1927
f 1925/1925 1927/1927 1928/1928
f 1926/1926 1929/1929 1930/1930
f 1926/1926 1930/1930 1927/1927
f 1928/1928 1927/1927 1931/1931
f 1928/1928 1931/1931 1932/1932
f 1927/1927 1930/1930 1933/1933
f 1927/1927 1933/1933 1931/1931
f 1934/1934 1935/1935 1925/1925
f 1934/1934 1925/1925 1936/1936
f 1935/1935 1937/1937 1926/1926
f 1935/1935 1926/1926 1925/1925
f 1937/1937 1938/1938 1929/1929
f 1937/1937 1929/1929 1926/1926
f 1938/1938 1939/1939 1940/1940
f 1938/1938 1940/1940 1929/1929
f 1929/1929 1940/1940 1941/1941
f 1929/1929 1941/1941 1930/1930
f 1930/1930 1941/1941 1942/1942
f 1930/1930 1942/1942 1933/1933
f 1933/1933 1942/1942 1943/1943
f 1933/1933 1943/1943 1944/1944
f 1931/1931 1933/1933 1944/1944
f 1931/1931 1944/1944 1945/1945
f 1932/1932 1931/1931 1945/1945
f 1932/1932 1945/1945 1946/1946
f 1947/1947 1932/1932 1946/1946
f 1947/1947 1946/1946 1948/1948
f 1949/1949 1928/1928 1932/1932
f 1949/1949 1932/1932 1947/1947
f 1936/1936 1925/1925 1928/1928
f 1936/1936 1928/1928 1949/1949
f 1950/1950 1951/1951 1952/1952
f 1950/1950 1952/1952 1953/1953
f 1951/1951 1954/1954 1955/1955
f 1951/1951 1955/1955 1952/1952
f 1953/1953 1952/1952 1956/1956
f 1953/1953 1956/1956 1957/1957
f 1952/1952 1955/1955 1958/1958
f 1952/1952 1958/1958 1956/1956
f 1959/1959 1960/1960 1950/1950
f 1959/1959 1950/1950 1961/1961
f 1960/1960 1962/1962 1951/1951
f 1960/1960 1951/1951 1950/1950
f 1962/1962 1963/1963 1954/1954
f 1962/1962 1954/1954 1951/1951
f 1963/1963 1934/1934 1936/1936
f 1963/1963 1936/1936 1954/1954
f 1954/1954 1936/1936 1949/1949
f 1954/1954 1949/1949 1955/1955
f 1955/1955 1949/1949 1947/1947
f 1955/1955 1947/1947 1958/1958
f 1958/1958 1947/1947 1948/1948
f 1958/1958 1948/1948 1964/1964
f 1956/1956 1958/1958 1964/1964
f 1956/1956 1964/1964 1965/1965
f 1957/1957 1956/1956 1965/1965
f 1957/1957 1965/1965 1966/1966
f 1967/1967 1957/1957 1966/1966
f 1967/1967 1966/1966 1968/1968
f 1969/1969 1953/1953 1957/1957
f 1969/1969 1957/1957 1967/1967
f 1961/1961 1950/1950 1953/1953
f 1961/1961 1953/1953 1969/1969
f 1970/1970 1971/1971 1972/1972
f 1970/1970 1972/1972 1973/1973
f 1971/1971 1974/1974 1975/1975
f 1971/1971 1975/1975 1972/1972
f 1973/1973 1972/1972 1976/1976
f 1973/1973 1976/1976 1977/1977
f 1972/1972 1975/1975 1978/1978
f 1972/1972 1978/1978 1976/1976
f 1939/1939 1979/1979 1970/1970
f 1939/1939 1970/1970 1940/1940
f 1979/1979 1980/1980 1971/1971
f 1979/1979 1971/1971 1970/1970
f 1980/1980 1981/1981 1974/1974
f 1980/1980 1974/1974 1971/1971
f 1981/1981 1982/1982 1983/1983
f 1981/1981 1983/1983 1974/1974
f 1974/1974 1983/1983 1984/1984
f 1974/1974 1984/1984 1975/1975
f 1975/1975 1984/1984 1985/1985
f 1975/1975 1985/1985 1978/1978
f 1978/1978 1985/1985 1986/1986
f 1978/1978 1986/1986 1987/1987
f 1976/1976 1978/1978 1987/1987
f 1976/1976 1987/1987 1988/1988
f 1977/1977 1976/1976 1988/1988
f 1977/1977 1988/1988 1989/1989
f 1942/1942 1977/1977 1989/1989
f 1942/1942 1989/1989 1943/1943
f 1941/1941 1973/1973 1977/1977
f 1941/1941 1977/1977 1942/1942
f 1940/1940 1970/1970 1973/1973
f 1940/1940 1973/1973 1941/1941
f 1990/1990 1991/1991 1992/1992
f 1990/1990 1992/1992 1993/1993
f 1991/1991 1994/1994 1995/1995
f 1991/1991 1995/1995 1992/1992
f 1993/1993 1992/1992 1996/1996
f 1993/1993 1996/1996 1997/1997
f 1992/1992 1995/1995 1998/1998
f 1992/1992 1998/1998 1996/1996
f 1986/1986 1999/1999 1990/1990
f 1986/1986 1990/1990 2000/2000
f 1999/1999 2001/2001 1991/1991
f 1999/1999 1991/1991 1990/1990
f 2001/2001 2002/2002 1994/1994
f 2001/2001 1994/1994 1991/1991
f 2002/2002 2003/2003 2004/2004
f 2002/2002 2004/2004 1994/1994
f 1994/1994 2004/2004 2005/2005
f 1994/1994 2005/2005 1995/1995
f 1995/1995 2005/2005 2006/2006
f 1995/1995 2006/2006 1998/1998
f 1998/1998 2006/2006 2007/2007
f 1998/1998 2007/2007 2008/2008
f 1996/1996 1998/1998 2008/2008
f 1996/1996 2008/2008 2009/2009
f 1997/1997 1996/1996 2009/2009
f 1997/1997 2009/2009 2010/2010
f 2011/2011 1997/1997 2010/2010
f 2011/2011 2010/2010 2012/2012
f 2013/2013 1993/1993 1997/1997
f 2013/2013 1997/1997 2011/2011
f 2000/2000 1990/1990 1993/1993
f 2000/2000 1993/1993 2013/2013
f 2014/2014 2015/2015 2016/2016
f 2014/2014 2016/2016 2017/2017
f 2015/2015 2018/2018 2019/2019
f 2015/2015 2019/2019 2016/2016
f 2017/2017 2016/2016 2020/2020
f 2017/2017 2020/2020 2021/2021
f 2016/2016 2019/2019 2022/2022
f 2016/2016 2022/2022 2020/2020
f 2023/2023 2024/2024 2014/2014
f 2023/2023 2014/2014 2025/2025
f 2024/2024 2026/2026 2015/2015
f 2024/2024 2015/2015 2014/2014
f 2026/2026 2027/2027 2018/2018
f 2026/2026 2018/2018 2015/2015
f 2027/2027 2028/2028 2029/2029
f 2027/2027 2029/2029 2018/2018
f 2018/2018 2029/2029 2030/2030
f 2018/2018 2030/2030 2019/2019
f 2019/2019 2030/2030 2031/2031
f 2019/2019 2031/2031 2022/2022
f 2022/2022 2031/2031 1982/1982
f 2022/2022 1982/1982 1981/1981
f 2020/2020 2022/2022 1981/1981
f 2020/2020 1981/1981 1980/1980
f 2021/2021 2020/2020 1980/1980
f 2021/2021 1980/1980 1979/1979
f 2032/2032 2021/2021 1979/1979
f 2032/2032 1979/1979 1939/1939
f 2033/2033 2017/2017 2021/2021
f 2033/2033 2021/2021 2032/2032
f 2025/2025 2014/2014 2017/2017
f 2025/2025 2017/2017 2033/2033
f 2034/2034 2035/2035 2036/2036
f 2034/2034 2036/2036 2037/2037
f 2035/2035 2038/2038 2039/2039
f 2035/2035 2039/2039 2036/2036
f 2037/2037 2036/2036 2040/2040
f 2037/2037 2040/2040 2041/2041
f 2036/2036 2039/2039 2042/2042
f 2036/2036 2042/2042 2040/2040
f 2043/2043 2044/2044 2034/2034
f 2043/2043 2034/2034 2045/2045
f 2044/2044 2046/2046 2035/2035
f 2044/2044 2035/2035 2034/2034
f 2046/2046 2047/2047 2038/2038
f 2046/2046 2038/2038 2035/2035
f 2047/2047 2048/2048 2049/2049
f 2047/2047 2049/2049 2038/2038
f 2038/2038 2049/2049 2050/2050
f 2038/2038 2050/2050 2039/2039
f 2039/2039 2050/2050 2051/2051
f 2039/2039 2051/2051 2042/2042
f 2042/2042 2051/2051 2052/2052
f 2042/2042 2052/2052 2053/2053
f 2040/2040 2042/2042 2053/2053
f 2040/2040 2053/2053 2054/2054
f 2041/2041 2040/2040 2054/2054
f 2041/2041 2054/2054 2055/2055
f 2056/2056 2041/2041 2055/2055
f 2056/2056 2055/2055 2057/2057
f 2058/2058 2037/2037 2041/2041
f 2058/2058 2041/2041 2056/2056
f 2045/2045 2034/2034 2037/2037
f 2045/2045 2037/2037 2058/2058
f 2059/2059 2060/2060 2061/2061
f 2059/2059 2061/2061 2062/2062
f 2060/2060 2063/2063 2064/2064
f 2060/2060 2064/2064 2061/2061
f 2062/2062 2061/2061 2065/2065
f 2062/2062 2065/2065 2066/2066
f 2061/2061 2064/2064 2067/2067
f 2061/2061 2067/2067 2065/2065
f 2048/2048 2068/2068 2059/2059
f 2048/2048 2059/2059 2049/2049
f 2068/2068 2069/2069 2060/2060
f 2068/2068 2060/2060 2059/2059
f 2069/2069 2070/2070 2063/2063
f 2069/2069 2063/2063 2060/2060
f 2070/2070 2071/2071 2072/2072
f 2070/2070 2072/2072 2063/2063
f 2063/2063 2072/2072 2073/2073
f 2063/2063 2073/2073 2064/2064
f 2064/2064 2073/2073 2074/2074
f 2064/2064 2074/2074 2067/2067
f 2067/2067 2074/2074 2023/2023
f 2067/2067 2023/2023 2075/2075
f 2065/2065 2067/2067 2075/2075
f 2065/2065 2075/2075 2076/2076
f 2066/2066 2065/2065 2076/2076
f 2066/2066 2076/2076 2077/2077
f 2051/2051 2066/2066 2077/2077
f 2051/2051 2077/2077 2052/2052
f 2050/2050 2062/2062 2066/2066
f 2050/2050 2066/2066 2051/2051
f 2049/2049 2059/2059 2062/2062
f 2049/2049 2062/2062 2050/2050
f 2078/2078 2079/2079 2080/2080
f 2078/2078 2080/2080 2081/2081
f 2079/2079 2082/2082 2083/2083
f 2079/2079 2083/2083 2080/2080
f 2081/2081 2080/2080 2084/2084
f 2081/2081 2084/2084 2085/2085
f 2080/2080 2083/2083 2086/2086
f 2080/2080 2086/2086 2084/2084
f 2028/2028 2027/2027 2078/2078
f 2028/2028 2078/2078 2087/2087
f 2027/2027 2026/2026 2079/2079
f 2027/2027 2079/2079 2078/2078
f 2026/2026 2024/2024 2082/2082
f 2026/2026 2082/2082 2079/2079
f 2024/2024 2023/2023 2074/2074
f 2024/2024 2074/2074 2082/2082
f 2082/2082 2074/2074 2073/2073
f 2082/2082 2073/2073 2083/2083
f 2083/2083 2073/2073 2072/2072
f 2083/2083 2072/2072 2086/2086
f 2086/2086 2072/2072 2071/2071
f 2086/2086 2071/2071 2088/2088
f 2084/2084 2086/2086 2088/2088
f 2084/2084 2088/2088 2089/2089
f 2085/2085 2084/2084 2089/2089
f 2085/2085 2089/2089 2090/2090
f 2091/2091 2085/2085 2090/2090
f 2091/2091 2090/2090 2092/2092
f 2093/2093 2081/2081 2085/2085
f 2093/2093 2085/2085 2091/2091
f 2087/2087 2078/2078 2081/2081
f 2087/2087 2081/2081 2093/2093
f 2094/2094 2095/2095 2096/2096
f 2094/2094 2096/2096 2097/2097
f 2095/2095 2098/2098 2099/2099
f 2095/2095 2099/2099 2096/2096
f 2097/2097 2096/2096 2100/2100
f 2097/2097 2100/2100 2101/2101
f 2096/2096 2099/2099 2102/2102
f 2096/2096 2102/2102 2100/2100
f 2057/2057 2055/2055 2094/2094
f 2057/2057 2094/2094 2103/2103
f 2055/2055 2054/2054 2095/2095
f 2055/2055 2095/2095 2094/2094
f 2054/2054 2053/2053 2098/2098
f 2054/2054 2098/2098 2095/2095
f 2053/2053 2052/2052 2104/2104
f 2053/2053 2104/2104 2098/2098
f 2098/2098 2104/2104 2105/2105
f 2098/2098 2105/2105 2099/2099
f 2099/2099 2105/2105 2106/2106
f 2099/2099 2106/2106 2102/2102
f 2102/2102 2106/2106 1934/1934
f 2102/2102 1934/1934 1963/1963
f 2100/2100 2102/2102 1963/1963
f 2100/2100 1963/1963 1962/1962
f 2101/2101 2100/2100 1962/1962
f 2101/2101 1962/1962 1960/1960
f 2107/2107 2101/2101 1960/1960
f 2107/2107 1960/1960 1959/1959
f 2108/2108 2097/2097 2101/2101
f 2108/2108 2101/2101 2107/2107
f 2103/2103 2094/2094 2097/2097
f 2103/2103 2097/2097 2108/2108
f 2109/2109 2110/2110 2111/2111
f 2109/2109 2111/2111 2112/2112
f 2110/2110 2113/2113 2114/2114
f 2110/2110 2114/2114 2111/2111
f 2112/2112 2111/2111 2115/2115
f 2112/2112 2115/2115 2116/2116
f 2111/2111 2114/2114 2117/2117
f 2111/2111 2117/2117 2115/2115
f 2052/2052 2077/2077 2109/2109
f 2052/2052 2109/2109 2104/2104
f 2077/2077 2076/2076 2110/2110
f 2077/2077 2110/2110 2109/2109
f 2076/2076 2075/2075 2113/2113
f 2076/2076 2113/2113 2110/2110
f 2075/2075 2023/2023 2025/2025
f 2075/2075 2025/2025 2113/2113
f 2113/2113 2025/2025 2033/2033
f 2113/2113 2033/2033 2114/2114
f 2114/2114 2033/2033 2032/2032
f 2114/2114 2032/2032 2117/2117
f 2117/2117 2032/2032 1939/1939
f 2117/2117 1939/1939 1938/1938
f 2115/2115 2117/2117 1938/1938
f 2115/2115 1938/1938 1937/1937
f 2116/2116 2115/2115 1937/1937
f 2116/2116 1937/1937 1935/1935
f 2106/2106 2116/2116 1935/1935
f 2106/2106 1935/1935 1934/1934
f 2105/2105 2112/2112 2116/2116
f 2105/2105 2116/2116 2106/2106
f 2104/2104 2109/2109 2112/2112
f 2104/2104 2112/2112 2105/2105
f 2118/2118 2119/2119 2120/2120
f 2118/2118 2120/2120 2121/2121
f 2119/2119 2122/2122 2123/2123
f 2119/2119 2123/2123 2120/2120
f 2121/2121 2120/2120 2124/2124
f 2121/2121 2124/2124 2125/2125
f 2120/2120 2123/2123 2126/2126
f 2120/2120 2126/2126 2124/2124
f 2127/2127 2128/2128 2118/2118
f 2127/2127 2118/2118 2129/2129
f 2128/2128 2130/2130 2119/2119
f 2128/2128 2119/2119 2118/2118
f 2130/2130 2131/2131 2122/2122
f 2130/2130 2122/2122 2119/2119
f 2131/2131 2003/2003 2002/2002
f 2131/2131 2002/2002 2122/2122
f 2122/2122 2002/2002 2001/2001
f 2122/2122 2001/2001 2123/2123
f 2123/2123 2001/2001 1999/1999
f 2123/2123 1999/1999 2126/2126
f 2126/2126 1999/1999 1986/1986
f 2126/2126 1986/1986 1985/1985
f 2124/2124 2126/2126 1985/1985
f 2124/2124 1985/1985 1984/1984
f 2125/2125 2124/2124 1984/1984
f 2125/2125 1984/1984 1983/1983
f 2132/2132 2125/2125 1983/1983
f 2132/2132 1983/1983 1982/1982
f 2133/2133 2121/2121 2125/2125
f 2133/2133 2125/2125 2132/2132
f 2129/2129 2118/2118 2121/2121
f 2129/2129 2121/2121 2133/2133
f 2134/2134 2135/2135 2136/2136
f 2134/2134 2136/2136 2137/2137
f 2135/2135 2138/2138 2139/2139
f 2135/2135 2139/2139 2136/2136
f 2137/2137 2136/2136 2140/2140
f 2137/2137 2140/2140 2141/2141
f 2136/2136 2139/2139 2142/2142
f 2136/2136 2142/2142 2140/2140
f 2127/2127 2129/2129 2134/2134
f 2127/2127 2134/2134 2143/2143
f 2129/2129 2133/2133 2135/2135
f 2129/2129 2135/2135 2134/2134
f 2133/2133 2132/2132 2138/2138
f 2133/2133 2138/2138 2135/2135
f 2132/2132 1982/1982 2031/2031
f 2132/2132 2031/2031 2138/2138
f 2138/2138 2031/2031 2030/2030
f 2138/2138 2030/2030 2139/2139
f 2139/2139 2030/2030 2029/2029
f 2139/2139 2029/2029 2142/2142
f 2142/2142 2029/2029 2028/2028
f 2142/2142 2028/2028 2087/2087
f 2140/2140 2142/2142 2087/2087
f 2140/2140 2087/2087 2093/2093
f 2141/2141 2140/2140 2093/2093
f 2141/2141 2093/2093 2091/2091
f 2144/2144 2141/2141 2091/2091
f 2144/2144 2091/2091 2092/2092
f 2145/2145 2137/2137 2141/2141
f 2145/2145 2141/2141 2144/2144
f 2143/2143 2134/2134 2137/2137
f 2143/2143 2137/2137 2145/2145
f 2146/2146 2147/2147 2148/2148
f 2146/2146 2148/2148 2149/2149
f 2147/2147 2150/2150 2151/2151
f 2147/2147 2151/2151 2148/2148
f 2149/2149 2148/2148 2152/2152
f 2149/2149 2152/2152 2153/2153
f 2148/2148 2151/2151 2154/2154
f 2148/2148 2154/2154 2152/2152
f 1943/1943 1989/1989 2146/2146
f 1943/1943 2146/2146 2155/2155
f 1989/1989 1988/1988 2147/2147
f 1989/1989 2147/2147 2146/2146
f 1988/1988 1987/1987 2150/2150
f 1988/1988 2150/2150 2147/2147
f 1987/1987 1986/1986 2000/2000
f 1987/1987 2000/2000 2150/2150
f 2150/2150 2000/2000 2013/2013
f 2150/2150 2013/2013 2151/2151
f 2151/2151 2013/2013 2011/2011
f 2151/2151 2011/2011 2154/2154
f 2154/2154 2011/2011 2012/2012
f 2154/2154 2012/2012 2156/2156
f 2152/2152 2154/2154 2156/2156
f 2152/2152 2156/2156 2157/2157
f 2153/2153 2152/2152 2157/2157
f 2153/2153 2157/2157 2158/2158
f 2159/2159 2153/2153 2158/2158
f 2159/2159 2158/2158 1917/1917
f 2160/2160 2149/2149 2153/2153
f 2160/2160 2153/2153 2159/2159
f 2155/2155 2146/2146 2149/2149
f 2155/2155 2149/2149 2160/2160
f 2161/2161 2162/2162 2163/2163
f 2161/2161 2163/2163 2164/2164
f 2162/2162 2165/2165 2166/2166
f 2162/2162 2166/2166 2163/2163
f 2164/2164 2163/2163 2167/2167
f 2164/2164 2167/2167 2168/2168
f 2163/2163 2166/2166 2169/2169
f 2163/2163 2169/2169 2167/2167
f 1948/1948 1946/1946 2161/2161
f 1948/1948 2161/2161 2170/2170
f 1946/1946 1945/1945 2162/2162
f 1946/1946 2162/2162 2161/2161
f 1945/1945 1944/1944 2165/2165
f 1945/1945 2165/2165 2162/2162
f 1944/1944 1943/1943 2155/2155
f 1944/1944 2155/2155 2165/2165
f 2165/2165 2155/2155 2160/2160
f 2165/2165 2160/2160 2166/2166
f 2166/2166 2160/2160 2159/2159
f 2166/2166 2159/2159 2169/2169
f 2169/2169 2159/2159 1917/1917
f 2169/2169 1917/1917 1916/1916
f 2167/2167 2169/2169 1916/1916
f 2167/2167 1916/1916 1915/1915
f 2168/2168 2167/2167 1915/1915
f 2168/2168 1915/1915 1914/1914
f 2171/2171 2168/2168 1914/1914
f 2171/2171 1914/1914 1894/1894
f 2172/2172 2164/2164 2168/2168
f 2172/2172 2168/2168 2171/2171
f 2170/2170 2161/2161 2164/2164
f 2170/2170 2164/2164 2172/2172
f 2173/2173 2174/2174 2175/2175
f 2173/2173 2175/2175 2176/2176
f 2174/2174 2177/2177 2178/2178
f 2174/2174 2178/2178 2175/2175
f 2176/2176 2175/2175 2179/2179
f 2176/2176 2179/2179 2180/2180
f 2175/2175 2178/2178 2181/2181
f 2175/2175 2181/2181 2179/2179
f 1968/1968 1966/1966 2173/2173
f 1968/1968 2173/2173 2182/2182
f 1966/1966 1965/1965 2174/2174
f 1966/1966 2174/2174 2173/2173
f 1965/1965 1964/1964 2177/2177
f 1965/1965 2177/2177 2174/2174
f 1964/1964 1948/1948 2170/2170
f 1964/1964 2170/2170 2177/2177
f 2177/2177 2170/2170 2172/2172
f 2177/2177 2172/2172 2178/2178
f 2178/2178 2172/2172 2171/2171
f 2178/2178 2171/2171 2181/2181
f 2181/2181 2171/2171 1894/1894
f 2181/2181 1894/1894 1893/1893
f 2179/2179 2181/2181 1893/1893
f 2179/2179 1893/1893 1892/1892
f 2180/2180 2179/2179 1892/1892
f 2180/2180 1892/1892 1890/1890
f 2183/2183 2180/2180 1890/1890
f 2183/2183 1890/1890 1889/1889
f 2184/2184 2176/2176 2180/2180
f 2184/2184 2180/2180 2183/2183
f 2182/2182 2173/2173 2176/2176
f 2182/2182 2176/2176 2184/2184
f 2185/2185 2186/2186 2187/2187
f 2185/2185 2187/2187 2188/2188
f 2186/2186 2189/2189 2190/2190
f 2186/2186 2190/2190 2187/2187
f 2188/2188 2187/2187 2191/2191
f 2188/2188 2191/2191 2192/2192
f 2187/2187 2190/2190 2193/2193
f 2187/2187 2193/2193 2191/2191
f 2007/2007 2194/2194 2185/2185
f 2007/2007 2185/2185 2008/2008
f 2194/2194 2195/2195 2186/2186
f 2194/2194 2186/2186 2185/2185
f 2195/2195 2196/2196 2189/2189
f 2195/2195 2189/2189 2186/2186
f 2196/2196 1921/1921 1920/1920
f 2196/2196 1920/1920 2189/2189
f 2189/2189 1920/1920 1919/1919
f 2189/2189 1919/1919 2190/2190
f 2190/2190 1919/1919 1918/1918
f 2190/2190 1918/1918 2193/2193
f 2193/2193 1918/1918 1917/1917
f 2193/2193 1917/1917 2158/2158
f 2191/2191 2193/2193 2158/2158
f 2191/2191 2158/2158 2157/2157
f 2192/2192 2191/2191 2157/2157
f 2192/2192 2157/2157 2156/2156
f 2010/2010 2192/2192 2156/2156
f 2010/2010 2156/2156 2012/2012
f 2009/2009 2188/2188 2192/2192
f 2009/2009 2192/2192 2010/2010
f 2008/2008 2185/2185 2188/2188
f 2008/2008 2188/2188 2009/2009
f 2197/2197 2198/2198 2199/2199
f 2197/2197 2199/2199 2200/2200
f 2198/2198 2201/2201 2202/2202
f 2198/2198 2202/2202 2199/2199
f 2200/2200 2199/2199 2203/2203
f 2200/2200 2203/2203 2204/2204
f 2199/2199 2202/2202 2205/2205
f 2199/2199 2205/2205 2203/2203
f 1889/1889 1891/1891 2197/2197
f 1889/1889 2197/2197 2206/2206
f 1891/1891 1904/1904 2198/2198
f 1891/1891 2198/2198 2197/2197
f 1904/1904 1902/1902 2201/2201
f 1904/1904 2201/2201 2198/2198
f 1902/1902 1903/1903 2207/2207
f 1902/1902 2207/2207 2201/2201
f 2201/2201 2207/2207 2208/2208
f 2201/2201 2208/2208 2202/2202
f 2202/2202 2208/2208 2209/2209
f 2202/2202 2209/2209 2205/2205
f 2205/2205 2209/2209 2210/2210
f 2205/2205 2210/2210 2211/2211
f 2203/2203 2205/2205 2211/2211
f 2203/2203 2211/2211 2212/2212
f 2204/2204 2203/2203 2212/2212
f 2204/2204 2212/2212 2213/2213
f 2214/2214 2204/2204 2213/2213
f 2214/2214 2213/2213 2215/2215
f 2216/2216 2200/2200 2204/2204
f 2216/2216 2204/2204 2214/2214
f 2206/2206 2197/2197 2200/2200
f 2206/2206 2200/2200 2216/2216
f 2217/2217 2218/2218 2219/2219
f 2217/2217 2219/2219 2220/2220
f 2218/2218 2221/2221 2222/2222
f 2218/2218 2222/2222 2219/2219
f 2220/2220 2219/2219 2223/2223
f 2220/2220 2223/2223 2224/2224
f 2219/2219 2222/2222 2225/2225
f 2219/2219 2225/2225 2223/2223
f 2215/2215 2213/2213 2217/2217
f 2215/2215 2217/2217 2226/2226
f 2213/2213 2212/2212 2218/2218
f 2213/2213 2218/2218 2217/2217
f 2212/2212 2211/2211 2221/2221
f 2212/2212 2221/2221 2218/2218
f 2211/2211 2210/2210 2227/2227
f 2211/2211 2227/2227 2221/2221
f 2221/2221 2227/2227 2228/2228
f 2221/2221 2228/2228 2222/2222
f 2222/2222 2228/2228 2229/2229
f 2222/2222 2229/2229 2225/2225
f 2225/2225 2229/2229 2230/2230
f 2225/2225 2230/2230 2231/2231
f 2223/2223 2225/2225 2231/2231
f 2223/2223 2231/2231 2232/2232
f 2224/2224 2223/2223 2232/2232
f 2224/2224 2232/2232 2233/2233
f 2234/2234 2224/2224 2233/2233
f 2234/2234 2233/2233 2235/2235
f 2236/2236 2220/2220 2224/2224
f 2236/2236 2224/2224 2234/2234
f 2226/2226 2217/2217 2220/2220
f 2226/2226 2220/2220 2236/2236
f 2237/2237 2238/2238 2239/2239
f 2237/2237 2239/2239 2240/2240
f 2238/2238 2241/2241 2242/2242
f 2238/2238 2242/2242 2239/2239
f 2240/2240 2239/2239 2243/2243
f 2240/2240 2243/2243 2244/2244
f 2239/2239 2242/2242 2245/2245
f 2239/2239 2245/2245 2243/2243
f 2246/2246 2247/2247 2237/2237
f 2246/2246 2237/2237 2248/2248
f 2247/2247 2249/2249 2238/2238
f 2247/2247 2238/2238 2237/2237
f 2249/2249 2250/2250 2241/2241
f 2249/2249 2241/2241 2238/2238
f 2250/2250 2251/2251 2252/2252
f 2250/2250 2252/2252 2241/2241
f 2241/2241 2252/2252 2253/2253
f 2241/2241 2253/2253 2242/2242
f 2242/2242 2253/2253 2254/2254
f 2242/2242 2254/2254 2245/2245
f 2245/2245 2254/2254 2255/2255
f 2245/2245 2255/2255 2256/2256
f 2243/2243 2245/2245 2256/2256
f 2243/2243 2256/2256 2257/2257
f 2244/2244 2243/2243 2257/2257
f 2244/2244 2257/2257 2258/2258
f 2259/2259 2244/2244 2258/2258
f 2259/2259 2258/2258 2260/2260
f 2261/2261 2240/2240 2244/2244
f 2261/2261 2244/2244 2259/2259
f 2248/2248 2237/2237 2240/2240
f 2248/2248 2240/2240 2261/2261
f 2262/2262 2263/2263 2264/2264
f 2262/2262 2264/2264 2265/2265
f 2263/2263 2266/2266 2267/2267
f 2263/2263 2267/2267 2264/2264
f 2265/2265 2264/2264 2268/2268
f 2265/2265 2268/2268 2269/2269
f 2264/2264 2267/2267 2270/2270
f 2264/2264 2270/2270 2268/2268
f 1959/1959 1961/1961 2262/2262
f 1959/1959 2262/2262 2271/2271
f 1961/1961 1969/1969 2263/2263
f 1961/1961 2263/2263 2262/2262
f 1969/1969 1967/1967 2266/2266
f 1969/1969 2266/2266 2263/2263
f 1967/1967 1968/1968 2272/2272
f 1967/1967 2272/2272 2266/2266
f 2266/2266 2272/2272 2273/2273
f 2266/2266 2273/2273 2267/2267
f 2267/2267 2273/2273 2274/2274
f 2267/2267 2274/2274 2270/2270
f 2270/2270 2274/2274 2251/2251
f 2270/2270 2251/2251 2250/2250
f 2268/2268 2270/2270 2250/2250
f 2268/2268 2250/2250 2249/2249
f 2269/2269 2268/2268 2249/2249
f 2269/2269 2249/2249 2247/2247
f 2275/2275 2269/2269 2247/2247
f 2275/2275 2247/2247 2246/2246
f 2276/2276 2265/2265 2269/2269
f 2276/2276 2269/2269 2275/2275
f 2271/2271 2262/2262 2265/2265
f 2271/2271 2265/2265 2276/2276
f 2277/2277 2278/2278 2279/2279
f 2277/2277 2279/2279 2280/2280
f 2278/2278 2281/2281 2282/2282
f 2278/2278 2282/2282 2279/2279
f 2280/2280 2279/2279 2283/2283
f 2280/2280 2283/2283 2284/2284
f 2279/2279 2282/2282 2285/2285
f 2279/2279 2285/2285 2283/2283
f 2260/2260 2258/2258 2277/2277
f 2260/2260 2277/2277 2286/2286
f 2258/2258 2257/2257 2278/2278
f 2258/2258 2278/2278 2277/2277
f 2257/2257 2256/2256 2281/2281
f 2257/2257 2281/2281 2278/2278
f 2256/2256 2255/2255 2287/2287
f 2256/2256 2287/2287 2281/2281
f 2281/2281 2287/2287 2288/2288
f 2281/2281 2288/2288 2282/2282
f 2282/2282 2288/2288 2289/2289
f 2282/2282 2289/2289 2285/2285
f 2285/2285 2289/2289 2290/2290
f 2285/2285 2290/2290 2291/2291
f 2283/2283 2285/2285 2291/2291
f 2283/2283 2291/2291 2292/2292
f 2284/2284 2283/2283 2292/2292
f 2284/2284 2292/2292 2293/2293
f 2294/2294 2284/2284 2293/2293
f 2294/2294 2293/2293 2295/2295
f 2296/2296 2280/2280 2284/2284
f 2296/2296 2284/2284 2294/2294
f 2286/2286 2277/2277 2280/2280
f 2286/2286 2280/2280 2296/2296
f 2297/2297 2298/2298 2299/2299
f 2297/2297 2299/2299 2300/2300
f 2298/2298 2301/2301 2302/2302
f 2298/2298 2302/2302 2299/2299
f 2300/2300 2299/2299 2303/2303
f 2300/2300 2303/2303 2304/2304
f 2299/2299 2302/2302 2305/2305
f 2299/2299 2305/2305 2303/2303
f 2290/2290 2306/2306 2297/2297
f 2290/2290 2297/2297 2307/2307
f 2306/2306 2308/2308 2298/2298
f 2306/2306 2298/2298 2297/2297
f 2308/2308 2309/2309 2301/2301
f 2308/2308 2301/2301 2298/2298
f 2309/2309 2310/2310 2311/2311
f 2309/2309 2311/2311 2301/2301
f 2301/2301 2311/2311 2312/2312
f 2301/2301 2312/2312 2302/2302
f 2302/2302 2312/2312 2313/2313
f 2302/2302 2313/2313 2305/2305
f 2305/2305 2313/2313 2314/2314
f 2305/2305 2314/2314 2315/2315
f 2303/2303 2305/2305 2315/2315
f 2303/2303 2315/2315 2316/2316
f 2304/2304 2303/2303 2316/2316
f 2304/2304 2316/2316 2317/2317
f 2318/2318 2304/2304 2317/2317
f 2318/2318 2317/2317 2319/2319
f 2320/2320 2300/2300 2304/2304
f 2320/2320 2304/2304 2318/2318
f 2307/2307 2297/2297 2300/2300
f 2307/2307 2300/2300 2320/2320
f 2321/2321 2322/2322 2323/2323
f 2321/2321 2323/2323 2324/2324
f 2322/2322 2325/2325 2326/2326
f 2322/2322 2326/2326 2323/2323
f 2324/2324 2323/2323 2327/2327
f 2324/2324 2327/2327 2328/2328
f 2323/2323 2326/2326 2329/2329
f 2323/2323 2329/2329 2327/2327
f 2330/2330 2331/2331 2321/2321
f 2330/2330 2321/2321 2332/2332
f 2331/2331 2333/2333 2322/2322
f 2331/2331 2322/2322 2321/2321
f 2333/2333 2334/2334 2325/2325
f 2333/2333 2325/2325 2322/2322
f 2334/2334 2260/2260 2286/2286
f 2334/2334 2286/2286 2325/2325
f 2325/2325 2286/2286 2296/2296
f 2325/2325 2296/2296 2326/2326
f 2326/2326 2296/2296 2294/2294
f 2326/2326 2294/2294 2329/2329
f 2329/2329 2294/2294 2295/2295
f 2329/2329 2295/2295 2335/2335
f 2327/2327 2329/2329 2335/2335
f 2327/2327 2335/2335 2336/2336
f 2328/2328 2327/2327 2336/2336
f 2328/2328 2336/2336 2337/2337
f 2338/2338 2328/2328 2337/2337
f 2338/2338 2337/2337 2339/2339
f 2340/2340 2324/2324 2328/2328
f 2340/2340 2328/2328 2338/2338
f 2332/2332 2321/2321 2324/2324
f 2332/2332 2324/2324 2340/2340
f 2341/2341 2342/2342 2343/2343
f 2341/2341 2343/2343 2344/2344
f 2342/2342 2345/2345 2346/2346
f 2342/2342 2346/2346 2343/2343
f 2344/2344 2343/2343 2347/2347
f 2344/2344 2347/2347 2348/2348
f 2343/2343 2346/2346 2349/2349
f 2343/2343 2349/2349 2347/2347
f 2043/2043 2045/2045 2341/2341
f 2043/2043 2341/2341 2350/2350
f 2045/2045 2058/2058 2342/2342
f 2045/2045 2342/2342 2341/2341
f 2058/2058 2056/2056 2345/2345
f 2058/2058 2345/2345 2342/2342
f 2056/2056 2057/2057 2351/2351
f 2056/2056 2351/2351 2345/2345
f 2345/2345 2351/2351 2352/2352
f 2345/2345 2352/2352 2346/2346
f 2346/2346 2352/2352 2353/2353
f 2346/2346 2353/2353 2349/2349
f 2349/2349 2353/2353 2354/2354
f 2349/2349 2354/2354 2355/2355
f 2347/2347 2349/2349 2355/2355
f 2347/2347 2355/2355 2356/2356
f 2348/2348 2347/2347 2356/2356
f 2348/2348 2356/2356 2357/2357
f 2358/2358 2348/2348 2357/2357
f 2358/2358 2357/2357 2359/2359
f 2360/2360 2344/2344 2348/2348
f 2360/2360 2348/2348 2358/2358
f 2350/2350 2341/2341 2344/2344
f 2350/2350 2344/2344 2360/2360
f 2361/2361 2362/2362 2363/2363
f 2361/2361 2363/2363 2364/2364
f 2362/2362 2365/2365 2366/2366
f 2362/2362 2366/2366 2363/2363
f 2364/2364 2363/2363 2367/2367
f 2364/2364 2367/2367 2368/2368
f 2363/2363 2366/2366 2369/2369
f 2363/2363 2369/2369 2367/2367
f 2359/2359 2357/2357 2361/2361
f 2359/2359 2361/2361 2370/2370
f 2357/2357 2356/2356 2362/2362
f 2357/2357 2362/2362 2361/2361
f 2356/2356 2355/2355 2365/2365
f 2356/2356 2365/2365 2362/2362
f 2355/2355 2354/2354 2371/2371
f 2355/2355 2371/2371 2365/2365
f 2365/2365 2371/2371 2372/2372
f 2365/2365 2372/2372 2366/2366
f 2366/2366 2372/2372 2373/2373
f 2366/2366 2373/2373 2369/2369
f 2369/2369 2373/2373 2330/2330
f 2369/2369 2330/2330 2374/2374
f 2367/2367 2369/2369 2374/2374
f 2367/2367 2374/2374 2375/2375
f 2368/2368 2367/2367 2375/2375
f 2368/2368 2375/2375 2376/2376
f 2377/2377 2368/2368 2376/2376
f 2377/2377 2376/2376 2378/2378
f 2379/2379 2364/2364 2368/2368
f 2379/2379 2368/2368 2377/2377
f 2370/2370 2361/2361 2364/2364
f 2370/2370 2364/2364 2379/2379
f 2380/2380 2381/2381 2382/2382
f 2380/2380 2382/2382 2383/2383
f 2381/2381 2384/2384 2385/2385
f 2381/2381 2385/2385 2382/2382
f 2383/2383 2382/2382 2386/2386
f 2383/2383 2386/2386 2387/2387
f 2382/2382 2385/2385 2388/2388
f 2382/2382 2388/2388 2386/2386
f 2339/2339 2389/2389 2380/2380
f 2339/2339 2380/2380 2338/2338
f 2389/2389 2390/2390 2381/2381
f 2389/2389 2381/2381 2380/2380
f 2390/2390 2391/2391 2384/2384
f 2390/2390 2384/2384 2381/2381
f 2391/2391 2392/2392 2393/2393
f 2391/2391 2393/2393 2384/2384
f 2384/2384 2393/2393 2394/2394
f 2384/2384 2394/2394 2385/2385
f 2385/2385 2394/2394 2395/2395
f 2385/2385 2395/2395 2388/2388
f 2388/2388 2395/2395 2378/2378
f 2388/2388 2378/2378 2376/2376
f 2386/2386 2388/2388 2376/2376
f 2386/2386 2376/2376 2375/2375
f 2387/2387 2386/2386 2375/2375
f 2387/2387 2375/2375 2374/2374
f 2332/2332 2387/2387 2374/2374
f 2332/2332 2374/2374 2330/2330
f 2340/2340 2383/2383 2387/2387
f 2340/2340 2387/2387 2332/2332
f 2338/2338 2380/2380 2383/2383
f 2338/2338 2383/2383 2340/2340
f 2396/2396 2397/2397 2398/2398
f 2396/2396 2398/2398 2399/2399
f 2397/2397 2400/2400 2401/2401
f 2397/2397 2401/2401 2398/2398
f 2399/2399 2398/2398 2402/2402
f 2399/2399 2402/2402 2403/2403
f 2398/2398 2401/2401 2404/2404
f 2398/2398 2404/2404 2402/2402
f 2057/2057 2103/2103 2396/2396
f 2057/2057 2396/2396 2351/2351
f 2103/2103 2108/2108 2397/2397
f 2103/2103 2397/2397 2396/2396
f 2108/2108 2107/2107 2400/2400
f 2108/2108 2400/2400 2397/2397
f 2107/2107 1959/1959 2271/2271
f 2107/2107 2271/2271 2400/2400
f 2400/2400 2271/2271 2276/2276
f 2400/2400 2276/2276 2401/2401
f 2401/2401 2276/2276 2275/2275
f 2401/2401 2275/2275 2404/2404
f 2404/2404 2275/2275 2246/2246
f 2404/2404 2246/2246 2405/2405
f 2402/2402 2404/2404 2405/2405
f 2402/2402 2405/2405 2406/2406
f 2403/2403 2402/2402 2406/2406
f 2403/2403 2406/2406 2407/2407
f 2353/2353 2403/2403 2407/2407
f 2353/2353 2407/2407 2354/2354
f 2352/2352 2399/2399 2403/2403
f 2352/2352 2403/2403 2353/2353
f 2351/2351 2396/2396 2399/2399
f 2351/2351 2399/2399 2352/2352
f 2408/2408 2409/2409 2410/2410
f 2408/2408 2410/2410 2411/2411
f 2409/2409 2412/2412 2413/2413
f 2409/2409 2413/2413 2410/2410
f 2411/2411 2410/2410 2414/2414
f 2411/2411 2414/2414 2415/2415
f 2410/2410 2413/2413 2416/2416
f 2410/2410 2416/2416 2414/2414
f 2354/2354 2407/2407 2408/2408
f 2354/2354 2408/2408 2371/2371
f 2407/2407 2406/2406 2409/2409
f 2407/2407 2409/2409 2408/2408
f 2406/2406 2405/2405 2412/2412
f 2406/2406 2412/2412 2409/2409
f 2405/2405 2246/2246 2248/2248
f 2405/2405 2248/2248 2412/2412
f 2412/2412 2248/2248 2261/2261
f 2412/2412 2261/2261 2413/2413
f 2413/2413 2261/2261 2259/2259
f 2413/2413 2259/2259 2416/2416
f 2416/2416 2259/2259 2260/2260
f 2416/2416 2260/2260 2334/2334
f 2414/2414 2416/2416 2334/2334
f 2414/2414 2334/2334 2333/2333
f 2415/2415 2414/2414 2333/2333
f 2415/2415 2333/2333 2331/2331
f 2373/2373 2415/2415 2331/2331
f 2373/2373 2331/2331 2330/2330
f 2372/2372 2411/2411 2415/2415
f 2372/2372 2415/2415 2373/2373
f 2371/2371 2408/2408 2411/2411
f 2371/2371 2411/2411 2372/2372
f 2417/2417 2418/2418 2419/2419
f 2417/2417 2419/2419 2420/2420
f 2418/2418 2421/2421 2422/2422
f 2418/2418 2422/2422 2419/2419
f 2420/2420 2419/2419 2423/2423
f 2420/2420 2423/2423 2424/2424
f 2419/2419 2422/2422 2425/2425
f 2419/2419 2425/2425 2423/2423
f 2426/2426 2427/2427 2417/2417
f 2426/2426 2417/2417 2428/2428
f 2427/2427 2429/2429 2418/2418
f 2427/2427 2418/2418 2417/2417
f 2429/2429 2430/2430 2421/2421
f 2429/2429 2421/2421 2418/2418
f 2430/2430 2295/2295 2293/2293
f 2430/2430 2293/2293 2421/2421
f 2421/2421 2293/2293 2292/2292
f 2421/2421 2292/2292 2422/2422
f 2422/2422 2292/2292 2291/2291
f 2422/2422 2291/2291 2425/2425
f 2425/2425 2291/2291 2290/2290
f 2425/2425 2290/2290 2307/2307
f 2423/2423 2425/2425 2307/2307
f 2423/2423 2307/2307 2320/2320
f 2424/2424 2423/2423 2320/2320
f 2424/2424 2320/2320 2318/2318
f 2431/2431 2424/2424 2318/2318
f 2431/2431 2318/2318 2319/2319
f 2432/2432 2420/2420 2424/2424
f 2432/2432 2424/2424 2431/2431
f 2428/2428 2417/2417 2420/2420
f 2428/2428 2420/2420 2432/2432
f 2433/2433 2434/2434 2435/2435
f 2433/2433 2435/2435 2436/2436
f 2434/2434 2437/2437 2438/2438
f 2434/2434 2438/2438 2435/2435
f 2436/2436 2435/2435 2439/2439
f 2436/2436 2439/2439 2440/2440
f 2435/2435 2438/2438 2441/2441
f 2435/2435 2441/2441 2439/2439
f 2426/2426 2442/2442 2433/2433
f 2426/2426 2433/2433 2427/2427
f 2442/2442 2443/2443 2434/2434
f 2442/2442 2434/2434 2433/2433
f 2443/2443 2444/2444 2437/2437
f 2443/2443 2437/2437 2434/2434
f 2444/2444 2392/2392 2391/2391
f 2444/2444 2391/2391 2437/2437
f 2437/2437 2391/2391 2390/2390
f 2437/2437 2390/2390 2438/2438
f 2438/2438 2390/2390 2389/2389
f 2438/2438 2389/2389 2441/2441
f 2441/2441 2389/2389 2339/2339
f 2441/2441 2339/2339 2337/2337
f 2439/2439 2441/2441 2337/2337
f 2439/2439 2337/2337 2336/2336
f 2440/2440 2439/2439 2336/2336
f 2440/2440 2336/2336 2335/2335
f 2430/2430 2440/2440 2335/2335
f 2430/2430 2335/2335 2295/2295
f 2429/2429 2436/2436 2440/2440
f 2429/2429 2440/2440 2430/2430
f 2427/2427 2433/2433 2436/2436
f 2427/2427 2436/2436 2429/2429
f 2445/2445 2446/2446 2447/2447
f 2445/2445 2447/2447 2448/2448
f 2446/2446 2449/2449 2450/2450
f 2446/2446 2450/2450 2447/2447
f 2448/2448 2447/2447 2451/2451
f 2448/2448 2451/2451 2452/2452
f 2447/2447 2450/2450 2453/2453
f 2447/2447 2453/2453 2451/2451
f 2255/2255 2454/2454 2445/2445
f 2255/2255 2445/2445 2287/2287
f 2454/2454 2455/2455 2446/2446
f 2454/2454 2446/2446 2445/2445
f 2455/2455 2456/2456 2449/2449
f 2455/2455 2449/2449 2446/2446
f 2456/2456 2235/2235 2457/2457
f 2456/2456 2457/2457 2449/2449
f 2449/2449 2457/2457 2458/2458
f 2449/2449 2458/2458 2450/2450
f 2450/2450 2458/2458 2459/2459
f 2450/2450 2459/2459 2453/2453
f 2453/2453 2459/2459 2310/2310
f 2453/2453 2310/2310 2309/2309
f 2451/2451 2453/2453 2309/2309
f 2451/2451 2309/2309 2308/2308
f 2452/2452 2451/2451 2308/2308
f 2452/2452 2308/2308 2306/2306
f 2289/2289 2452/2452 2306/2306
f 2289/2289 2306/2306 2290/2290
f 2288/2288 2448/2448 2452/2452
f 2288/2288 2452/2452 2289/2289
f 2287/2287 2445/2445 2448/2448
f 2287/2287 2448/2448 2288/2288
f 2460/2460 2461/2461 2462/2462
f 2460/2460 2462/2462 2463/2463
f 2461/2461 2464/2464 2465/2465
f 2461/2461 2465/2465 2462/2462
f 2463/2463 2462/2462 2466/2466
f 2463/2463 2466/2466 2467/2467
f 2462/2462 2465/2465 2468/2468
f 2462/2462 2468/2468 2466/2466
f 2251/2251 2469/2469 2460/2460
f 2251/2251 2460/2460 2252/2252
f 2469/2469 2470/2470 2461/2461
f 2469/2469 2461/2461 2460/2460
f 2470/2470 2471/2471 2464/2464
f 2470/2470 2464/2464 2461/2461
f 2471/2471 2215/2215 2226/2226
f 2471/2471 2226/2226 2464/2464
f 2464/2464 2226/2226 2236/2236
f 2464/2464 2236/2236 2465/2465
f 2465/2465 2236/2236 2234/2234
f 2465/2465 2234/2234 2468/2468
f 2468/2468 2234/2234 2235/2235
f 2468/2468 2235/2235 2456/2456
f 2466/2466 2468/2468 2456/2456
f 2466/2466 2456/2456 2455/2455
f 2467/2467 2466/2466 2455/2455
f 2467/2467 2455/2455 2454/2454
f 2254/2254 2467/2467 2454/2454
f 2254/2254 2454/2454 2255/2255
f 2253/2253 2463/2463 2467/2467
f 2253/2253 2467/2467 2254/2254
f 2252/2252 2460/2460 2463/2463
f 2252/2252 2463/2463 2253/2253
f 2472/2472 2473/2473 2474/2474
f 2472/2472 2474/2474 2475/2475
f 2473/2473 2476/2476 2477/2477
f 2473/2473 2477/2477 2474/2474
f 2475/2475 2474/2474 2478/2478
f 2475/2475 2478/2478 2479/2479
f 2474/2474 2477/2477 2480/2480
f 2474/2474 2480/2480 2478/2478
f 1968/1968 2182/2182 2472/2472
f 1968/1968 2472/2472 2272/2272
f 2182/2182 2184/2184 2473/2473
f 2182/2182 2473/2473 2472/2472
f 2184/2184 2183/2183 2476/2476
f 2184/2184 2476/2476 2473/2473
f 2183/2183 1889/1889 2206/2206
f 2183/2183 2206/2206 2476/2476
f 2476/2476 2206/2206 2216/2216
f 2476/2476 2216/2216 2477/2477
f 2477/2477 2216/2216 2214/2214
f 2477/2477 2214/2214 2480/2480
f 2480/2480 2214/2214 2215/2215
f 2480/2480 2215/2215 2471/2471
f 2478/2478 2480/2480 2471/2471
f 2478/2478 2471/2471 2470/2470
f 2479/2479 2478/2478 2470/2470
f 2479/2479 2470/2470 2469/2469
f 2274/2274 2479/2479 2469/2469
f 2274/2274 2469/2469 2251/2251
f 2273/2273 2475/2475 2479/2479
f 2273/2273 2479/2479 2274/2274
f 2272/2272 2472/2472 2475/2475
f 2272/2272 2475/2475 2273/2273
f 2481/2481 2482/2482 2483/2483
f 2481/2481 2483/2483 2484/2484
f 2482/2482 2485/2485 2486/2486
f 2482/2482 2486/2486 2483/2483
f 2484/2484 2483/2483 2487/2487
f 2484/2484 2487/2487 2488/2488
f 2483/2483 2486/2486 2489/2489
f 2483/2483 2489/2489 2487/2487
f 2314/2314 2313/2313 2481/2481
f 2314/2314 2481/2481 2490/2490
f 2313/2313 2312/2312 2482/2482
f 2313/2313 2482/2482 2481/2481
f 2312/2312 2311/2311 2485/2485
f 2312/2312 2485/2485 2482/2482
f 2311/2311 2310/2310 2459/2459
f 2311/2311 2459/2459 2485/2485
f 2485/2485 2459/2459 2458/2458
f 2485/2485 2458/2458 2486/2486
f 2486/2486 2458/2458 2457/2457
f 2486/2486 2457/2457 2489/2489
f 2489/2489 2457/2457 2235/2235
f 2489/2489 2235/2235 2233/2233
f 2487/2487 2489/2489 2233/2233
f 2487/2487 2233/2233 2232/2232
f 2488/2488 2487/2487 2232/2232
f 2488/2488 2232/2232 2231/2231
f 2491/2491 2488/2488 2231/2231
f 2491/2491 2231/2231 2230/2230
f 2492/2492 2484/2484 2488/2488
f 2492/2492 2488/2488 2491/2491
f 2490/2490 2481/2481 2484/2484
f 2490/2490 2484/2484 2492/2492
f 2493/2493 2494/2494 2495/2495
f 2493/2493 2495/2495 2496/2496
f 2497/2497 2498/2498 2494/2494
f 2497/2497 2494/2494 2493/2493
f 1477/1477 1532/1532 2499/2499
f 1477/1477 2499/2499 2500/2500
f 1532/1532 1531/1531 2496/2496
f 1532/1532 2496/2496 2499/2499
f 1531/1531 1530/1530 2493/2493
f 1531/1531 2493/2493 2496/2496
f 1530/1530 1514/1514 2497/2497
f 1530/1530 2497/2497 2493/2493
f 2500/2500 2499/2499 2501/2501
f 2500/2500 2501/2501 2502/2502
f 2494/2494 2498/2498 2503/2503
f 2494/2494 2503/2503 2504/2504
f 2495/2495 2494/2494 2504/2504
f 2495/2495 2504/2504 2505/2505
f 2501/2501 2495/2495 2505/2505
f 2501/2501 2505/2505 2506/2506
f 2502/2502 2501/2501 2506/2506
f 2502/2502 2506/2506 2507/2507
f 2508/2508 2509/2509 2510/2510
f 2508/2508 2510/2510 2511/2511
f 2512/2512 2513/2513 2509/2509
f 2512/2512 2509/2509 2508/2508
f 2514/2514 2515/2515 2513/2513
f 2514/2514 2513/2513 2512/2512
f 1430/1430 1432/1432 2511/2511
f 1430/1430 2511/2511 2516/2516
f 1432/1432 1445/1445 2508/2508
f 1432/1432 2508/2508 2511/2511
f 1445/1445 1443/1443 2512/2512
f 1445/1445 2512/2512 2508/2508
f 1443/1443 1444/1444 2514/2514
f 1443/1443 2514/2514 2512/2512
f 2516/2516 2511/2511 2510/2510
f 2516/2516 2510/2510 2517/2517
f 2513/2513 2515/2515 2518/2518
f 2513/2513 2518/2518 2519/2519
f 2509/2509 2513/2513 2519/2519
f 2509/2509 2519/2519 2520/2520
f 2510/2510 2509/2509 2520/2520
f 2510/2510 2520/2520 2521/2521
f 2517/2517 2510/2510 2521/2521
f 2517/2517 2521/2521 2522/2522
f 2523/2523 2524/2524 2525/2525
f 2523/2523 2525/2525 2526/2526
f 2527/2527 2528/2528 2524/2524
f 2527/2527 2524/2524 2523/2523
f 2529/2529 2530/2530 2528/2528
f 2529/2529 2528/2528 2527/2527
f 1285/1285 1284/1284 2526/2526
f 1285/1285 2526/2526 2531/2531
f 1284/1284 1283/1283 2523/2523
f 1284/1284 2523/2523 2526/2526
f 1283/1283 1282/1282 2527/2527
f 1283/1283 2527/2527 2523/2523
f 1282/1282 1281/1281 2529/2529
f 1282/1282 2529/2529 2527/2527
f 2531/2531 2526/2526 2525/2525
f 2531/2531 2525/2525 2532/2532
f 2528/2528 2530/2530 2533/2533
f 2528/2528 2533/2533 2534/2534
f 2524/2524 2528/2528 2534/2534
f 2524/2524 2534/2534 2535/2535
f 2525/2525 2524/2524 2535/2535
f 2525/2525 2535/2535 2536/2536
f 2532/2532 2525/2525 2536/2536
f 2532/2532 2536/2536 2537/2537
f 2538/2538 2539/2539 2540/2540
f 2538/2538 2540/2540 2541/2541
f 2542/2542 2543/2543 2539/2539
f 2542/2542 2539/2539 2538/2538
f 2531/2531 2532/2532 2543/2543
f 2531/2531 2543/2543 2542/2542
f 1305/1305 1304/1304 2541/2541
f 1305/1305 2541/2541 2544/2544
f 1304/1304 1303/1303 2538/2538
f 1304/1304 2538/2538 2541/2541
f 1303/1303 1302/1302 2542/2542
f 1303/1303 2542/2542 2538/2538
f 1302/1302 1285/1285 2531/2531
f 1302/1302 2531/2531 2542/2542
f 2544/2544 2541/2541 2540/2540
f 2544/2544 2540/2540 2545/2545
f 2543/2543 2532/2532 2537/2537
f 2543/2543 2537/2537 2546/2546
f 2539/2539 2543/2543 2546/2546
f 2539/2539 2546/2546 2547/2547
f 2540/2540 2539/2539 2547/2547
f 2540/2540 2547/2547 2548/2548
f 2545/2545 2540/2540 2548/2548
f 2545/2545 2548/2548 2549/2549
f 2550/2550 2551/2551 2552/2552
f 2550/2550 2552/2552 2553/2553
f 2554/2554 2555/2555 2551/2551
f 2554/2554 2551/2551 2550/2550
f 2556/2556 2557/2557 2555/2555
f 2556/2556 2555/2555 2554/2554
f 1444/1444 1455/1455 2553/2553
f 1444/1444 2553/2553 2514/2514
f 1455/1455 1464/1464 2550/2550
f 1455/1455 2550/2550 2553/2553
f 1464/1464 1462/1462 2554/2554
f 1464/1464 2554/2554 2550/2550
f 1462/1462 1463/1463 2556/2556
f 1462/1462 2556/2556 2554/2554
f 2514/2514 2553/2553 2552/2552
f 2514/2514 2552/2552 2515/2515
f 2555/2555 2557/2557 2558/2558
f 2555/2555 2558/2558 2559/2559
f 2551/2551 2555/2555 2559/2559
f 2551/2551 2559/2559 2560/2560
f 2552/2552 2551/2551 2560/2560
f 2552/2552 2560/2560 2561/2561
f 2515/2515 2552/2552 2561/2561
f 2515/2515 2561/2561 2518/2518
f 2562/2562 2563/2563 2564/2564
f 2562/2562 2564/2564 2565/2565
f 2566/2566 2567/2567 2563/2563
f 2566/2566 2563/2563 2562/2562
f 2544/2544 2545/2545 2567/2567
f 2544/2544 2567/2567 2566/2566
f 1394/1394 1581/1581 2565/2565
f 1394/1394 2565/2565 2568/2568
f 1581/1581 1583/1583 2562/2562
f 1581/1581 2562/2562 2565/2565
f 1583/1583 1582/1582 2566/2566
f 1583/1583 2566/2566 2562/2562
f 1582/1582 1305/1305 2544/2544
f 1582/1582 2544/2544 2566/2566
f 2568/2568 2565/2565 2564/2564
f 2568/2568 2564/2564 2569/2569
f 2567/2567 2545/2545 2549/2549
f 2567/2567 2549/2549 2570/2570
f 2563/2563 2567/2567 2570/2570
f 2563/2563 2570/2570 2571/2571
f 2564/2564 2563/2563 2571/2571
f 2564/2564 2571/2571 2572/2572
f 2569/2569 2564/2564 2572/2572
f 2569/2569 2572/2572 2573/2573
f 2574/2574 2575/2575 2576/2576
f 2574/2574 2576/2576 2577/2577
f 2578/2578 2579/2579 2575/2575
f 2578/2578 2575/2575 2574/2574
f 2500/2500 2502/2502 2579/2579
f 2500/2500 2579/2579 2578/2578
f 1463/1463 1480/1480 2577/2577
f 1463/1463 2577/2577 2556/2556
f 1480/1480 1479/1479 2574/2574
f 1480/1480 2574/2574 2577/2577
f 1479/1479 1478/1478 2578/2578
f 1479/1479 2578/2578 2574/2574
f 1478/1478 1477/1477 2500/2500
f 1478/1478 2500/2500 2578/2578
f 2556/2556 2577/2577 2576/2576
f 2556/2556 2576/2576 2557/2557
f 2579/2579 2502/2502 2507/2507
f 2579/2579 2507/2507 2580/2580
f 2575/2575 2579/2579 2580/2580
f 2575/2575 2580/2580 2581/2581
f 2576/2576 2575/2575 2581/2581
f 2576/2576 2581/2581 2582/2582
f 2557/2557 2576/2576 2582/2582
f 2557/2557 2582/2582 2558/2558
f 2583/2583 2584/2584 2585/2585
f 2583/2583 2585/2585 2586/2586
f 2587/2587 2588/2588 2584/2584
f 2587/2587 2584/2584 2583/2583
f 2589/2589 2590/2590 2588/2588
f 2589/2589 2588/2588 2587/2587
f 1514/1514 1516/1516 2586/2586
f 1514/1514 2586/2586 2497/2497
f 1516/1516 1520/1520 2583/2583
f 1516/1516 2583/2583 2586/2586
f 1520/1520 1519/1519 2587/2587
f 1520/1520 2587/2587 2583/2583
f 1519/1519 1399/1399 2589/2589
f 1519/1519 2589/2589 2587/2587
f 2497/2497 2586/2586 2585/2585
f 2497/2497 2585/2585 2498/2498
f 2588/2588 2590/2590 2591/2591
f 2588/2588 2591/2591 2592/2592
f 2584/2584 2588/2588 2592/2592
f 2584/2584 2592/2592 2593/2593
f 2585/2585 2584/2584 2593/2593
f 2585/2585 2593/2593 2594/2594
f 2498/2498 2585/2585 2594/2594
f 2498/2498 2594/2594 2503/2503
f 2595/2595 2596/2596 2597/2597
f 2595/2595 2597/2597 2598/2598
f 2599/2599 2600/2600 2596/2596
f 2599/2599 2596/2596 2595/2595
f 2568/2568 2569/2569 2600/2600
f 2568/2568 2600/2600 2599/2599
f 1399/1399 1397/1397 2598/2598
f 1399/1399 2598/2598 2589/2589
f 1397/1397 1396/1396 2595/2595
f 1397/1397 2595/2595 2598/2598
f 1396/1396 1395/1395 2599/2599
f 1396/1396 2599/2599 2595/2595
f 1395/1395 1394/1394 2568/2568
f 1395/1395 2568/2568 2599/2599
f 2589/2589 2598/2598 2597/2597
f 2589/2589 2597/2597 2590/2590
f 2600/2600 2569/2569 2573/2573
f 2600/2600 2573/2573 2601/2601
f 2596/2596 2600/2600 2601/2601
f 2596/2596 2601/2601 2602/2602
f 2597/2597 2596/2596 2602/2602
f 2597/2597 2602/2602 2603/2603
f 2590/2590 2597/2597 2603/2603
f 2590/2590 2603/2603 2591/2591
f 2604/2604 2605/2605 2606/2606
f 2604/2604 2606/2606 2607/2607
f 2608/2608 2609/2609 2605/2605
f 2608/2608 2605/2605 2604/2604
f 2610/2610 2611/2611 2609/2609
f 2610/2610 2609/2609 2608/2608
f 1813/1813 1829/1829 2607/2607
f 1813/1813 2607/2607 2612/2612
f 1829/1829 1831/1831 2604/2604
f 1829/1829 2604/2604 2607/2607
f 1831/1831 1830/1830 2608/2608
f 1831/1831 2608/2608 2604/2604
f 1830/1830 1781/1781 2610/2610
f 1830/1830 2610/2610 2608/2608
f 2612/2612 2607/2607 2606/2606
f 2612/2612 2606/2606 2613/2613
f 2609/2609 2611/2611 2614/2614
f 2609/2609 2614/2614 2615/2615
f 2605/2605 2609/2609 2615/2615
f 2605/2605 2615/2615 2616/2616
f 2606/2606 2605/2605 2616/2616
f 2606/2606 2616/2616 2617/2617
f 2613/2613 2606/2606 2617/2617
f 2613/2613 2617/2617 2618/2618
f 2619/2619 2620/2620 2621/2621
f 2619/2619 2621/2621 2622/2622
f 2623/2623 2624/2624 2620/2620
f 2623/2623 2620/2620 2619/2619
f 2516/2516 2517/2517 2624/2624
f 2516/2516 2624/2624 2623/2623
f 1740/1740 1739/1739 2622/2622
f 1740/1740 2622/2622 2625/2625
f 1739/1739 1738/1738 2619/2619
f 1739/1739 2619/2619 2622/2622
f 1738/1738 1737/1737 2623/2623
f 1738/1738 2623/2623 2619/2619
f 1737/1737 1430/1430 2516/2516
f 1737/1737 2516/2516 2623/2623
f 2625/2625 2622/2622 2621/2621
f 2625/2625 2621/2621 2626/2626
f 2624/2624 2517/2517 2522/2522
f 2624/2624 2522/2522 2627/2627
f 2620/2620 2624/2624 2627/2627
f 2620/2620 2627/2627 2628/2628
f 2621/2621 2620/2620 2628/2628
f 2621/2621 2628/2628 2629/2629
f 2626/2626 2621/2621 2629/2629
f 2626/2626 2629/2629 2630/2630
f 2631/2631 2632/2632 2633/2633
f 2631/2631 2633/2633 2634/2634
f 2635/2635 2636/2636 2632/2632
f 2635/2635 2632/2632 2631/2631
f 2637/2637 2638/2638 2636/2636
f 2637/2637 2636/2636 2635/2635
f 1281/1281 1603/1603 2634/2634
f 1281/1281 2634/2634 2529/2529
f 1603/1603 1602/1602 2631/2631
f 1603/1603 2631/2631 2634/2634
f 1602/1602 1601/1601 2635/2635
f 1602/1602 2635/2635 2631/2631
f 1601/1601 1600/1600 2637/2637
f 1601/1601 2637/2637 2635/2635
f 2529/2529 2634/2634 2633/2633
f 2529/2529 2633/2633 2530/2530
f 2636/2636 2638/2638 2639/2639
f 2636/2636 2639/2639 2640/2640
f 2632/2632 2636/2636 2640/2640
f 2632/2632 2640/2640 2641/2641
f 2633/2633 2632/2632 2641/2641
f 2633/2633 2641/2641 2642/2642
f 2530/2530 2633/2633 2642/2642
f 2530/2530 2642/2642 2533/2533
f 2643/2643 2644/2644 2645/2645
f 2643/2643 2645/2645 2646/2646
f 2647/2647 2648/2648 2644/2644
f 2647/2647 2644/2644 2643/2643
f 2649/2649 2650/2650 2648/2648
f 2649/2649 2648/2648 2647/2647
f 1600/1600 1623/1623 2646/2646
f 1600/1600 2646/2646 2637/2637
f 1623/1623 1622/1622 2643/2643
f 1623/1623 2643/2643 2646/2646
f 1622/1622 1621/1621 2647/2647
f 1622/1622 2647/2647 2643/2643
f 1621/1621 1620/1620 2649/2649
f 1621/1621 2649/2649 2647/2647
f 2637/2637 2646/2646 2645/2645
f 2637/2637 2645/2645 2638/2638
f 2648/2648 2650/2650 2651/2651
f 2648/2648 2651/2651 2652/2652
f 2644/2644 2648/2648 2652/2652
f 2644/2644 2652/2652 2653/2653
f 2645/2645 2644/2644 2653/2653
f 2645/2645 2653/2653 2654/2654
f 2638/2638 2645/2645 2654/2654
f 2638/2638 2654/2654 2639/2639
f 2655/2655 2656/2656 2657/2657
f 2655/2655 2657/2657 2658/2658
f 2659/2659 2660/2660 2656/2656
f 2659/2659 2656/2656 2655/2655
f 2625/2625 2626/2626 2660/2660
f 2625/2625 2660/2660 2659/2659
f 1760/1760 1759/1759 2658/2658
f 1760/1760 2658/2658 2661/2661
f 1759/1759 1758/1758 2655/2655
f 1759/1759 2655/2655 2658/2658
f 1758/1758 1757/1757 2659/2659
f 1758/1758 2659/2659 2655/2655
f 1757/1757 1740/1740 2625/2625
f 1757/1757 2625/2625 2659/2659
f 2661/2661 2658/2658 2657/2657
f 2661/2661 2657/2657 2662/2662
f 2660/2660 2626/2626 2630/2630
f 2660/2660 2630/2630 2663/2663
f 2656/2656 2660/2660 2663/2663
f 2656/2656 2663/2663 2664/2664
f 2657/2657 2656/2656 2664/2664
f 2657/2657 2664/2664 2665/2665
f 2662/2662 2657/2657 2665/2665
f 2662/2662 2665/2665 2666/2666
f 2667/2667 2668/2668 2669/2669
f 2667/2667 2669/2669 2670/2670
f 2671/2671 2672/2672 2668/2668
f 2671/2671 2668/2668 2667/2667
f 2673/2673 2674/2674 2672/2672
f 2673/2673 2672/2672 2671/2671
f 1620/1620 1879/1879 2670/2670
f 1620/1620 2670/2670 2649/2649
f 1879/1879 1878/1878 2667/2667
f 1879/1879 2667/2667 2670/2670
f 1878/1878 1877/1877 2671/2671
f 1878/1878 2671/2671 2667/2667
f 1877/1877 1701/1701 2673/2673
f 1877/1877 2673/2673 2671/2671
f 2649/2649 2670/2670 2669/2669
f 2649/2649 2669/2669 2650/2650
f 2672/2672 2674/2674 2675/2675
f 2672/2672 2675/2675 2676/2676
f 2668/2668 2672/2672 2676/2676
f 2668/2668 2676/2676 2677/2677
f 2669/2669 2668/2668 2677/2677
f 2669/2669 2677/2677 2678/2678
f 2650/2650 2669/2669 2678/2678
f 2650/2650 2678/2678 2651/2651
f 2679/2679 2680/2680 2681/2681
f 2679/2679 2681/2681 2682/2682
f 2683/2683 2684/2684 2680/2680
f 2683/2683 2680/2680 2679/2679
f 2661/2661 2662/2662 2684/2684
f 2661/2661 2684/2684 2683/2683
f 1781/1781 1779/1779 2682/2682
f 1781/1781 2682/2682 2610/2610
f 1779/1779 1778/1778 2679/2679
f 1779/1779 2679/2679 2682/2682
f 1778/1778 1777/1777 2683/2683
f 1778/1778 2683/2683 2679/2679
f 1777/1777 1760/1760 2661/2661
f 1777/1777 2661/2661 2683/2683
f 2610/2610 2682/2682 2681/2681
f 2610/2610 2681/2681 2611/2611
f 2684/2684 2662/2662 2666/2666
f 2684/2684 2666/2666 2685/2685
f 2680/2680 2684/2684 2685/2685
f 2680/2680 2685/2685 2686/2686
f 2681/2681 2680/2680 2686/2686
f 2681/2681 2686/2686 2687/2687
f 2611/2611 2681/2681 2687/2687
f 2611/2611 2687/2687 2614/2614
f 2688/2688 2689/2689 2690/2690
f 2688/2688 2690/2690 2691/2691
f 2692/2692 2693/2693 2689/2689
f 2692/2692 2689/2689 2688/2688
f 2612/2612 2613/2613 2693/2693
f 2612/2612 2693/2693 2692/2692
f 1697/1697 1817/1817 2691/2691
f 1697/1697 2691/2691 2694/2694
f 1817/1817 1816/1816 2688/2688
f 1817/1817 2688/2688 2691/2691
f 1816/1816 1814/1814 2692/2692
f 1816/1816 2692/2692 2688/2688
f 1814/1814 1813/1813 2612/2612
f 1814/1814 2612/2612 2692/2692
f 2694/2694 2691/2691 2690/2690
f 2694/2694 2690/2690 2695/2695
f 2693/2693 2613/2613 2618/2618
f 2693/2693 2618/2618 2696/2696
f 2689/2689 2693/2693 2696/2696
f 2689/2689 2696/2696 2697/2697
f 2690/2690 2689/2689 2697/2697
f 2690/2690 2697/2697 2698/2698
f 2695/2695 2690/2690 2698/2698
f 2695/2695 2698/2698 2699/2699
f 2700/2700 2701/2701 2702/2702
f 2700/2700 2702/2702 2703/2703
f 2704/2704 2705/2705 2701/2701
f 2704/2704 2701/2701 2700/2700
f 2694/2694 2695/2695 2705/2705
f 2694/2694 2705/2705 2704/2704
f 1701/1701 1700/1700 2703/2703
f 1701/1701 2703/2703 2673/2673
f 1700/1700 1699/1699 2700/2700
f 1700/1700 2700/2700 2703/2703
f 1699/1699 1698/1698 2704/2704
f 1699/1699 2704/2704 2700/2700
f 1698/1698 1697/1697 2694/2694
f 1698/1698 2694/2694 2704/2704
f 2673/2673 2703/2703 2702/2702
f 2673/2673 2702/2702 2674/2674
f 2705/2705 2695/2695 2699/2699
f 2705/2705 2699/2699 2706/2706
f 2701/2701 2705/2705 2706/2706
f 2701/2701 2706/2706 2707/2707
f 2702/2702 2701/2701 2707/2707
f 2702/2702 2707/2707 2708/2708
f 2674/2674 2702/2702 2708/2708
f 2674/2674 2708/2708 2675/2675
f 2496/2496 2495/2495 2501/2501
f 2496/2496 2501/2501 2499/2499
f 2709/2709 2710/2710 2711/2711
f 2709/2709 2711/2711 2712/2712
f 2710/2710 2713/2713 2714/2714
f 2710/2710 2714/2714 2711/2711
f 2712/2712 2711/2711 2715/2715
f 2712/2712 2715/2715 2716/2716
f 2711/2711 2714/2714 2717/2717
f 2711/2711 2717/2717 2715/2715
f 2718/2718 2719/2719 2709/2709
f 2718/2718 2709/2709 2720/2720
f 2719/2719 2721/2721 2710/2710
f 2719/2719 2710/2710 2709/2709
f 2721/2721 2722/2722 2713/2713
f 2721/2721 2713/2713 2710/2710
f 2723/2723 2724/2724 2725/2725
f 2723/2723 2725/2725 2726/2726
f 2727/2727 2728/2728 2729/2729
f 2727/2727 2729/2729 2730/2730
f 2731/2731 2732/2732 2733/2733
f 2731/2731 2733/2733 2734/2734
f 2735/2735 2727/2727 2730/2730
f 2735/2735 2730/2730 2736/2736
f 2715/2715 2717/2717 2737/2737
f 2715/2715 2737/2737 2738/2738
f 2716/2716 2715/2715 2738/2738
f 2716/2716 2738/2738 2739/2739
f 2740/2740 2716/2716 2739/2739
f 2740/2740 2739/2739 2741/2741
f 2742/2742 2712/2712 2716/2716
f 2742/2742 2716/2716 2740/2740
f 2720/2720 2709/2709 2712/2712
f 2720/2720 2712/2712 2742/2742
f 2743/2743 2744/2744 2745/2745
f 2743/2743 2745/2745 2746/2746
f 2744/2744 2747/2747 2748/2748
f 2744/2744 2748/2748 2745/2745
f 2746/2746 2745/2745 2749/2749
f 2746/2746 2749/2749 2750/2750
f 2745/2745 2748/2748 2751/2751
f 2745/2745 2751/2751 2749/2749
f 2752/2752 2753/2753 2743/2743
f 2752/2752 2743/2743 2754/2754
f 2753/2753 2755/2755 2744/2744
f 2753/2753 2744/2744 2743/2743
f 2755/2755 2756/2756 2747/2747
f 2755/2755 2747/2747 2744/2744
f 2757/2757 2758/2758 2759/2759
f 2757/2757 2759/2759 2756/2756
f 2760/2760 2761/2761 2762/2762
f 2760/2760 2762/2762 2763/2763
f 2764/2764 2765/2765 2766/2766
f 2764/2764 2766/2766 2767/2767
f 2768/2768 2769/2769 2770/2770
f 2768/2768 2770/2770 2771/2771
f 2749/2749 2751/2751 2768/2768
f 2749/2749 2768/2768 2772/2772
f 2750/2750 2749/2749 2772/2772
f 2750/2750 2772/2772 2773/2773
f 2774/2774 2750/2750 2773/2773
f 2774/2774 2773/2773 2775/2775
f 2776/2776 2746/2746 2750/2750
f 2776/2776 2750/2750 2774/2774
f 2754/2754 2743/2743 2746/2746
f 2754/2754 2746/2746 2776/2776
f 2777/2777 2778/2778 2779/2779
f 2777/2777 2779/2779 2780/2780
f 2778/2778 2781/2781 2782/2782
f 2778/2778 2782/2782 2779/2779
f 2780/2780 2779/2779 2783/2783
f 2780/2780 2783/2783 2784/2784
f 2779/2779 2782/2782 2757/2757
f 2779/2779 2757/2757 2783/2783
f 2741/2741 2739/2739 2777/2777
f 2741/2741 2777/2777 2785/2785
f 2739/2739 2738/2738 2778/2778
f 2739/2739 2778/2778 2777/2777
f 2738/2738 2737/2737 2781/2781
f 2738/2738 2781/2781 2778/2778
f 2786/2786 2735/2735 2736/2736
f 2786/2786 2736/2736 2787/2787
f 2788/2788 2789/2789 2790/2790
f 2788/2788 2790/2790 2791/2791
f 2792/2792 2793/2793 2794/2794
f 2792/2792 2794/2794 2795/2795
f 2796/2796 2788/2788 2791/2791
f 2796/2796 2791/2791 2797/2797
f 2783/2783 2757/2757 2756/2756
f 2783/2783 2756/2756 2755/2755
f 2784/2784 2783/2783 2755/2755
f 2784/2784 2755/2755 2753/2753
f 2798/2798 2784/2784 2753/2753
f 2798/2798 2753/2753 2752/2752
f 2799/2799 2780/2780 2784/2784
f 2799/2799 2784/2784 2798/2798
f 2785/2785 2777/2777 2780/2780
f 2785/2785 2780/2780 2799/2799
f 2800/2800 2801/2801 2802/2802
f 2800/2800 2802/2802 2803/2803
f 2801/2801 2804/2804 2805/2805
f 2801/2801 2805/2805 2802/2802
f 2803/2803 2802/2802 2806/2806
f 2803/2803 2806/2806 2807/2807
f 2802/2802 2805/2805 2808/2808
f 2802/2802 2808/2808 2806/2806
f 2809/2809 2810/2810 2800/2800
f 2809/2809 2800/2800 2811/2811
f 2810/2810 2812/2812 2801/2801
f 2810/2810 2801/2801 2800/2800
f 2812/2812 2813/2813 2804/2804
f 2812/2812 2804/2804 2801/2801
f 2814/2814 2815/2815 2813/2813
f 2814/2814 2813/2813 2816/2816
f 2724/2724 2731/2731 2734/2734
f 2724/2724 2734/2734 2725/2725
f 2789/2789 2786/2786 2787/2787
f 2789/2789 2787/2787 2790/2790
f 2737/2737 2817/2817 2818/2818
f 2737/2737 2818/2818 2781/2781
f 2806/2806 2808/2808 2722/2722
f 2806/2806 2722/2722 2721/2721
f 2807/2807 2806/2806 2721/2721
f 2807/2807 2721/2721 2719/2719
f 2819/2819 2807/2807 2719/2719
f 2819/2819 2719/2719 2718/2718
f 2820/2820 2803/2803 2807/2807
f 2820/2820 2807/2807 2819/2819
f 2811/2811 2800/2800 2803/2803
f 2811/2811 2803/2803 2820/2820
f 2821/2821 2822/2822 2823/2823
f 2821/2821 2823/2823 2824/2824
f 2822/2822 2771/2771 2825/2825
f 2822/2822 2825/2825 2823/2823
f 2824/2824 2823/2823 2826/2826
f 2824/2824 2826/2826 2827/2827
f 2823/2823 2825/2825 2828/2828
f 2823/2823 2828/2828 2826/2826
f 2775/2775 2773/2773 2821/2821
f 2775/2775 2821/2821 2829/2829
f 2773/2773 2772/2772 2822/2822
f 2773/2773 2822/2822 2821/2821
f 2772/2772 2768/2768 2771/2771
f 2772/2772 2771/2771 2822/2822
f 2793/2793 2830/2830 2831/2831
f 2793/2793 2831/2831 2794/2794
f 2832/2832 2792/2792 2795/2795
f 2832/2832 2795/2795 2833/2833
f 2834/2834 2835/2835 2836/2836
f 2834/2834 2836/2836 2837/2837
f 2838/2838 2832/2832 2833/2833
f 2838/2838 2833/2833 2839/2839
f 2826/2826 2828/2828 2840/2840
f 2826/2826 2840/2840 2841/2841
f 2827/2827 2826/2826 2841/2841
f 2827/2827 2841/2841 2842/2842
f 2843/2843 2827/2827 2842/2842
f 2843/2843 2842/2842 2844/2844
f 2845/2845 2824/2824 2827/2827
f 2845/2845 2827/2827 2843/2843
f 2829/2829 2821/2821 2824/2824
f 2829/2829 2824/2824 2845/2845
f 2846/2846 2847/2847 2848/2848
f 2846/2846 2848/2848 2849/2849
f 2847/2847 2816/2816 2850/2850
f 2847/2847 2850/2850 2848/2848
f 2849/2849 2848/2848 2851/2851
f 2849/2849 2851/2851 2852/2852
f 2848/2848 2850/2850 2853/2853
f 2848/2848 2853/2853 2851/2851
f 2854/2854 2855/2855 2856/2856
f 2854/2854 2856/2856 2857/2857
f 2858/2858 2764/2764 2767/2767
f 2858/2858 2767/2767 2859/2859
f 2728/2728 2860/2860 2861/2861
f 2728/2728 2861/2861 2729/2729
f 2732/2732 2862/2862 2863/2863
f 2732/2732 2863/2863 2733/2733
f 2816/2816 2813/2813 2812/2812
f 2816/2816 2812/2812 2850/2850
f 2850/2850 2812/2812 2810/2810
f 2850/2850 2810/2810 2853/2853
f 2853/2853 2810/2810 2809/2809
f 2853/2853 2809/2809 2864/2864
f 2851/2851 2853/2853 2864/2864
f 2851/2851 2864/2864 2865/2865
f 2852/2852 2851/2851 2865/2865
f 2852/2852 2865/2865 2866/2866
f 2867/2867 2852/2852 2866/2866
f 2867/2867 2866/2866 2868/2868
f 2869/2869 2849/2849 2852/2852
f 2869/2869 2852/2852 2867/2867
f 2855/2855 2846/2846 2849/2849
f 2855/2855 2849/2849 2869/2869
f 2870/2870 2871/2871 2872/2872
f 2870/2870 2872/2872 2873/2873
f 2871/2871 2874/2874 2875/2875
f 2871/2871 2875/2875 2872/2872
f 2873/2873 2872/2872 2876/2876
f 2873/2873 2876/2876 2877/2877
f 2872/2872 2875/2875 2878/2878
f 2872/2872 2878/2878 2876/2876
f 2844/2844 2842/2842 2870/2870
f 2844/2844 2870/2870 2879/2879
f 2842/2842 2841/2841 2871/2871
f 2842/2842 2871/2871 2870/2870
f 2841/2841 2840/2840 2874/2874
f 2841/2841 2874/2874 2871/2871
f 2835/2835 2838/2838 2839/2839
f 2835/2835 2839/2839 2836/2836
f 2880/2880 2834/2834 2837/2837
f 2880/2880 2837/2837 2881/2881
f 2882/2882 2883/2883 2884/2884
f 2882/2882 2884/2884 2885/2885
f 2886/2886 2880/2880 2881/2881
f 2886/2886 2881/2881 2887/2887
f 2876/2876 2878/2878 2888/2888
f 2876/2876 2888/2888 2889/2889
f 2877/2877 2876/2876 2889/2889
f 2877/2877 2889/2889 2890/2890
f 2891/2891 2877/2877 2890/2890
f 2891/2891 2890/2890 2892/2892
f 2893/2893 2873/2873 2877/2877
f 2893/2893 2877/2877 2891/2891
f 2879/2879 2870/2870 2873/2873
f 2879/2879 2873/2873 2893/2893
f 2894/2894 2895/2895 2896/2896
f 2894/2894 2896/2896 2897/2897
f 2895/2895 2898/2898 2899/2899
f 2895/2895 2899/2899 2896/2896
f 2897/2897 2896/2896 2900/2900
f 2897/2897 2900/2900 2901/2901
f 2896/2896 2899/2899 2902/2902
f 2896/2896 2902/2902 2900/2900
f 2809/2809 2903/2903 2894/2894
f 2809/2809 2894/2894 2864/2864
f 2903/2903 2904/2904 2895/2895
f 2903/2903 2895/2895 2894/2894
f 2904/2904 2905/2905 2898/2898
f 2904/2904 2898/2898 2895/2895
f 2905/2905 2844/2844 2879/2879
f 2905/2905 2879/2879 2898/2898
f 2898/2898 2879/2879 2893/2893
f 2898/2898 2893/2893 2899/2899
f 2899/2899 2893/2893 2891/2891
f 2899/2899 2891/2891 2902/2902
f 2902/2902 2891/2891 2892/2892
f 2902/2902 2892/2892 2906/2906
f 2900/2900 2902/2902 2906/2906
f 2900/2900 2906/2906 2907/2907
f 2901/2901 2900/2900 2907/2907
f 2901/2901 2907/2907 2908/2908
f 2866/2866 2901/2901 2908/2908
f 2866/2866 2908/2908 2868/2868
f 2865/2865 2897/2897 2901/2901
f 2865/2865 2901/2901 2866/2866
f 2864/2864 2894/2894 2897/2897
f 2864/2864 2897/2897 2865/2865
f 2909/2909 2910/2910 2911/2911
f 2909/2909 2911/2911 2912/2912
f 2910/2910 2913/2913 2914/2914
f 2910/2910 2914/2914 2911/2911
f 2912/2912 2911/2911 2915/2915
f 2912/2912 2915/2915 2916/2916
f 2911/2911 2914/2914 2917/2917
f 2911/2911 2917/2917 2915/2915
f 2775/2775 2829/2829 2909/2909
f 2775/2775 2909/2909 2918/2918
f 2829/2829 2845/2845 2910/2910
f 2829/2829 2910/2910 2909/2909
f 2845/2845 2843/2843 2913/2913
f 2845/2845 2913/2913 2910/2910
f 2843/2843 2844/2844 2905/2905
f 2843/2843 2905/2905 2913/2913
f 2913/2913 2905/2905 2904/2904
f 2913/2913 2904/2904 2914/2914
f 2914/2914 2904/2904 2903/2903
f 2914/2914 2903/2903 2917/2917
f 2917/2917 2903/2903 2809/2809
f 2917/2917 2809/2809 2811/2811
f 2915/2915 2917/2917 2811/2811
f 2915/2915 2811/2811 2820/2820
f 2916/2916 2915/2915 2820/2820
f 2916/2916 2820/2820 2819/2819
f 2919/2919 2916/2916 2819/2819
f 2919/2919 2819/2819 2718/2718
f 2920/2920 2912/2912 2916/2916
f 2920/2920 2916/2916 2919/2919
f 2918/2918 2909/2909 2912/2912
f 2918/2918 2912/2912 2920/2920
f 2921/2921 2922/2922 2923/2923
f 2921/2921 2923/2923 2924/2924
f 2922/2922 2925/2925 2926/2926
f 2922/2922 2926/2926 2923/2923
f 2924/2924 2923/2923 2927/2927
f 2924/2924 2927/2927 2928/2928
f 2923/2923 2926/2926 2929/2929
f 2923/2923 2929/2929 2927/2927
f 2752/2752 2754/2754 2921/2921
f 2752/2752 2921/2921 2798/2798
f 2754/2754 2776/2776 2922/2922
f 2754/2754 2922/2922 2921/2921
f 2776/2776 2774/2774 2925/2925
f 2776/2776 2925/2925 2922/2922
f 2774/2774 2775/2775 2918/2918
f 2774/2774 2918/2918 2925/2925
f 2925/2925 2918/2918 2920/2920
f 2925/2925 2920/2920 2926/2926
f 2926/2926 2920/2920 2919/2919
f 2926/2926 2919/2919 2929/2929
f 2929/2929 2919/2919 2718/2718
f 2929/2929 2718/2718 2720/2720
f 2927/2927 2929/2929 2720/2720
f 2927/2927 2720/2720 2742/2742
f 2928/2928 2927/2927 2742/2742
f 2928/2928 2742/2742 2740/2740
f 2785/2785 2928/2928 2740/2740
f 2785/2785 2740/2740 2741/2741
f 2799/2799 2924/2924 2928/2928
f 2799/2799 2928/2928 2785/2785
f 2798/2798 2921/2921 2924/2924
f 2798/2798 2924/2924 2799/2799
f 2930/2930 2931/2931 2932/2932
f 2930/2930 2932/2932 2933/2933
f 2931/2931 2934/2934 2935/2935
f 2931/2931 2935/2935 2932/2932
f 2933/2933 2932/2932 2936/2936
f 2933/2933 2936/2936 2937/2937
f 2932/2932 2935/2935 2938/2938
f 2932/2932 2938/2938 2936/2936
f 2939/2939 2940/2940 2930/2930
f 2939/2939 2930/2930 2941/2941
f 2940/2940 2942/2942 2931/2931
f 2940/2940 2931/2931 2930/2930
f 2942/2942 2943/2943 2934/2934
f 2942/2942 2934/2934 2931/2931
f 2943/2943 2944/2944 2945/2945
f 2943/2943 2945/2945 2934/2934
f 2934/2934 2945/2945 2946/2946
f 2934/2934 2946/2946 2935/2935
f 2935/2935 2946/2946 2947/2947
f 2935/2935 2947/2947 2938/2938
f 2948/2948 2949/2949 2950/2950
f 2948/2948 2950/2950 2951/2951
f 2952/2952 2953/2953 2954/2954
f 2952/2952 2954/2954 2955/2955
f 2956/2956 2957/2957 2958/2958
f 2956/2956 2958/2958 2959/2959
f 2960/2960 2961/2961 2962/2962
f 2960/2960 2962/2962 2963/2963
f 2964/2964 2933/2933 2937/2937
f 2964/2964 2937/2937 2965/2965
f 2941/2941 2930/2930 2933/2933
f 2941/2941 2933/2933 2964/2964
f 2966/2966 2967/2967 2968/2968
f 2966/2966 2968/2968 2969/2969
f 2967/2967 2970/2970 2971/2971
f 2967/2967 2971/2971 2968/2968
f 2969/2969 2968/2968 2972/2972
f 2969/2969 2972/2972 2973/2973
f 2968/2968 2971/2971 2974/2974
f 2968/2968 2974/2974 2972/2972
f 2975/2975 2976/2976 2966/2966
f 2975/2975 2966/2966 2977/2977
f 2976/2976 2978/2978 2967/2967
f 2976/2976 2967/2967 2966/2966
f 2978/2978 2979/2979 2970/2970
f 2978/2978 2970/2970 2967/2967
f 2979/2979 2980/2980 2981/2981
f 2979/2979 2981/2981 2970/2970
f 2970/2970 2981/2981 2982/2982
f 2970/2970 2982/2982 2971/2971
f 2971/2971 2982/2982 2983/2983
f 2971/2971 2983/2983 2974/2974
f 2983/2983 2984/2984 2985/2985
f 2983/2983 2985/2985 2986/2986
f 2987/2987 2988/2988 2989/2989
f 2987/2987 2989/2989 2990/2990
f 2991/2991 2992/2992 2993/2993
f 2991/2991 2993/2993 2994/2994
f 2995/2995 2996/2996 2997/2997
f 2995/2995 2997/2997 2998/2998
f 2999/2999 2969/2969 2973/2973
f 2999/2999 2973/2973 2996/2996
f 2977/2977 2966/2966 2969/2969
f 2977/2977 2969/2969 2999/2999
f 3000/3000 3001/3001 3002/3002
f 3000/3000 3002/3002 3003/3003
f 3001/3001 3004/3004 3005/3005
f 3001/3001 3005/3005 3002/3002
f 3003/3003 3002/3002 3006/3006
f 3003/3003 3006/3006 3007/3007
f 3002/3002 3005/3005 2995/2995
f 3002/3002 2995/2995 3006/3006
f 2944/2944 3008/3008 3000/3000
f 2944/2944 3000/3000 2945/2945
f 3008/3008 3009/3009 3001/3001
f 3008/3008 3001/3001 3000/3000
f 3009/3009 3010/3010 3004/3004
f 3009/3009 3004/3004 3001/3001
f 3010/3010 2975/2975 2977/2977
f 3010/3010 2977/2977 3004/3004
f 3004/3004 2977/2977 2999/2999
f 3004/3004 2999/2999 3005/3005
f 3005/3005 2999/2999 2996/2996
f 3005/3005 2996/2996 2995/2995
f 3011/3011 3012/3012 3013/3013
f 3011/3011 3013/3013 3014/3014
f 3015/3015 3016/3016 3017/3017
f 3015/3015 3017/3017 3018/3018
f 3019/3019 3011/3011 3014/3014
f 3019/3019 3014/3014 3020/3020
f 2938/2938 2947/2947 3021/3021
f 2938/2938 3021/3021 3022/3022
f 2946/2946 3003/3003 3007/3007
f 2946/2946 3007/3007 2947/2947
f 2945/2945 3000/3000 3003/3003
f 2945/2945 3003/3003 2946/2946
f 3023/3023 3024/3024 3025/3025
f 3023/3023 3025/3025 3026/3026
f 3024/3024 3027/3027 3028/3028
f 3024/3024 3028/3028 3025/3025
f 3026/3026 3025/3025 3029/3029
f 3026/3026 3029/3029 3030/3030
f 3025/3025 3028/3028 3031/3031
f 3025/3025 3031/3031 3029/3029
f 3032/3032 3033/3033 3023/3023
f 3032/3032 3023/3023 3034/3034
f 3033/3033 3035/3035 3024/3024
f 3033/3033 3024/3024 3023/3023
f 3035/3035 3036/3036 3027/3027
f 3035/3035 3027/3027 3024/3024
f 3036/3036 2939/2939 2941/2941
f 3036/3036 2941/2941 3027/3027
f 3027/3027 2941/2941 2964/2964
f 3027/3027 2964/2964 3028/3028
f 3028/3028 2964/2964 2965/2965
f 3028/3028 2965/2965 3031/3031
f 2965/2965 2937/2937 3037/3037
f 2965/2965 3037/3037 3038/3038
f 2949/2949 3019/3019 3020/3020
f 2949/2949 3020/3020 2950/2950
f 2953/2953 2960/2960 2963/2963
f 2953/2953 2963/2963 2954/2954
f 2992/2992 3039/3039 3040/3040
f 2992/2992 3040/3040 2993/2993
f 3041/3041 3026/3026 3030/3030
f 3041/3041 3030/3030 3042/3042
f 3034/3034 3023/3023 3026/3026
f 3034/3034 3026/3026 3041/3041
f 3043/3043 3044/3044 3045/3045
f 3043/3043 3045/3045 3046/3046
f 3044/3044 3047/3047 3048/3048
f 3044/3044 3048/3048 3045/3045
f 3046/3046 3045/3045 3049/3049
f 3046/3046 3049/3049 2984/2984
f 3045/3045 3048/3048 3050/3050
f 3045/3045 3050/3050 3049/3049
f 2980/2980 3051/3051 3043/3043
f 2980/2980 3043/3043 2981/2981
f 3051/3051 3052/3052 3044/3044
f 3051/3051 3044/3044 3043/3043
f 3052/3052 3053/3053 3047/3047
f 3052/3052 3047/3047 3044/3044
f 3053/3053 3054/3054 3055/3055
f 3053/3053 3055/3055 3047/3047
f 3047/3047 3055/3055 3056/3056
f 3047/3047 3056/3056 3048/3048
f 3048/3048 3056/3056 3057/3057
f 3048/3048 3057/3057 3050/3050
f 3058/3058 3059/3059 3060/3060
f 3058/3058 3060/3060 3061/3061
f 3059/3059 3062/3062 3063/3063
f 3059/3059 3063/3063 3060/3060
f 3016/3016 3064/3064 3065/3065
f 3016/3016 3065/3065 3017/3017
f 3039/3039 3015/3015 3018/3018
f 3039/3039 3018/3018 3040/3040
f 2982/2982 3046/3046 2984/2984
f 2982/2982 2984/2984 2983/2983
f 2981/2981 3043/3043 3046/3046
f 2981/2981 3046/3046 2982/2982
f 2856/2856 3066/3066 3067/3067
f 2856/2856 3067/3067 3068/3068
f 3066/3066 3069/3069 3070/3070
f 3066/3066 3070/3070 3067/3067
f 3068/3068 3067/3067 3071/3071
f 3068/3068 3071/3071 3072/3072
f 3067/3067 3070/3070 3073/3073
f 3067/3067 3073/3073 3071/3071
f 3074/3074 2987/2987 2990/2990
f 3074/3074 2990/2990 3075/3075
f 2855/2855 2869/2869 3066/3066
f 2855/2855 3066/3066 2856/2856
f 2869/2869 2867/2867 3069/3069
f 2869/2869 3069/3069 3066/3066
f 2867/2867 2868/2868 3076/3076
f 2867/2867 3076/3076 3069/3069
f 3069/3069 3076/3076 3077/3077
f 3069/3069 3077/3077 3070/3070
f 3070/3070 3077/3077 3078/3078
f 3070/3070 3078/3078 3073/3073
f 3073/3073 3078/3078 3032/3032
f 3073/3073 3032/3032 3034/3034
f 3071/3071 3073/3073 3034/3034
f 3071/3071 3034/3034 3041/3041
f 3072/3072 3071/3071 3041/3041
f 3072/3072 3041/3041 3042/3042
f 3079/3079 2952/2952 2955/2955
f 3079/3079 2955/2955 3080/3080
f 3081/3081 2956/2956 2959/2959
f 3081/3081 2959/2959 3082/3082
f 2988/2988 3083/3083 3084/3084
f 2988/2988 3084/3084 2989/2989
f 3085/3085 3086/3086 3087/3087
f 3085/3085 3087/3087 3088/3088
f 3086/3086 3089/3089 3090/3090
f 3086/3086 3090/3090 3087/3087
f 3088/3088 3087/3087 3091/3091
f 3088/3088 3091/3091 3092/3092
f 3087/3087 3090/3090 3093/3093
f 3087/3087 3093/3093 3091/3091
f 3054/3054 3094/3094 3085/3085
f 3054/3054 3085/3085 3055/3055
f 3094/3094 3095/3095 3086/3086
f 3094/3094 3086/3086 3085/3085
f 3095/3095 3096/3096 3089/3089
f 3095/3095 3089/3089 3086/3086
f 3096/3096 2892/2892 2890/2890
f 3096/3096 2890/2890 3089/3089
f 3089/3089 2890/2890 2889/2889
f 3089/3089 2889/2889 3090/3090
f 3090/3090 2889/2889 2888/2888
f 3090/3090 2888/2888 3093/3093
f 3097/3097 2886/2886 2887/2887
f 3097/3097 2887/2887 3098/3098
f 3099/3099 3100/3100 3101/3101
f 3099/3099 3101/3101 3102/3102
f 3062/3062 3097/3097 3098/3098
f 3062/3062 3098/3098 3063/3063
f 3050/3050 3057/3057 3103/3103
f 3050/3050 3103/3103 3104/3104
f 3056/3056 3088/3088 3092/3092
f 3056/3056 3092/3092 3057/3057
f 3055/3055 3085/3085 3088/3088
f 3055/3055 3088/3088 3056/3056
f 3105/3105 3106/3106 3107/3107
f 3105/3105 3107/3107 3108/3108
f 3106/3106 3109/3109 3110/3110
f 3106/3106 3110/3110 3107/3107
f 3108/3108 3107/3107 3111/3111
f 3108/3108 3111/3111 3112/3112
f 3107/3107 3110/3110 3113/3113
f 3107/3107 3113/3113 3111/3111
f 3032/3032 3078/3078 3105/3105
f 3032/3032 3105/3105 3114/3114
f 3078/3078 3077/3077 3106/3106
f 3078/3078 3106/3106 3105/3105
f 3077/3077 3076/3076 3109/3109
f 3077/3077 3109/3109 3106/3106
f 3076/3076 2868/2868 2908/2908
f 3076/3076 2908/2908 3109/3109
f 3109/3109 2908/2908 2907/2907
f 3109/3109 2907/2907 3110/3110
f 3110/3110 2907/2907 2906/2906
f 3110/3110 2906/2906 3113/3113
f 3113/3113 2906/2906 2892/2892
f 3113/3113 2892/2892 3096/3096
f 3111/3111 3113/3113 3096/3096
f 3111/3111 3096/3096 3095/3095
f 3112/3112 3111/3111 3095/3095
f 3112/3112 3095/3095 3094/3094
f 3115/3115 3112/3112 3094/3094
f 3115/3115 3094/3094 3054/3054
f 3116/3116 3108/3108 3112/3112
f 3116/3116 3112/3112 3115/3115
f 3114/3114 3105/3105 3108/3108
f 3114/3114 3108/3108 3116/3116
f 3117/3117 3118/3118 3119/3119
f 3117/3117 3119/3119 3120/3120
f 3118/3118 3121/3121 3122/3122
f 3118/3118 3122/3122 3119/3119
f 3120/3120 3119/3119 3123/3123
f 3120/3120 3123/3123 3124/3124
f 3119/3119 3122/3122 3125/3125
f 3119/3119 3125/3125 3123/3123
f 2980/2980 3126/3126 3117/3117
f 2980/2980 3117/3117 3051/3051
f 3126/3126 3127/3127 3118/3118
f 3126/3126 3118/3118 3117/3117
f 3127/3127 3128/3128 3121/3121
f 3127/3127 3121/3121 3118/3118
f 3128/3128 2939/2939 3036/3036
f 3128/3128 3036/3036 3121/3121
f 3121/3121 3036/3036 3035/3035
f 3121/3121 3035/3035 3122/3122
f 3122/3122 3035/3035 3033/3033
f 3122/3122 3033/3033 3125/3125
f 3125/3125 3033/3033 3032/3032
f 3125/3125 3032/3032 3114/3114
f 3123/3123 3125/3125 3114/3114
f 3123/3123 3114/3114 3116/3116
f 3124/3124 3123/3123 3116/3116
f 3124/3124 3116/3116 3115/3115
f 3053/3053 3124/3124 3115/3115
f 3053/3053 3115/3115 3054/3054
f 3052/3052 3120/3120 3124/3124
f 3052/3052 3124/3124 3053/3053
f 3051/3051 3117/3117 3120/3120
f 3051/3051 3120/3120 3052/3052
f 3129/3129 3130/3130 3131/3131
f 3129/3129 3131/3131 3132/3132
f 3130/3130 3133/3133 3134/3134
f 3130/3130 3134/3134 3131/3131
f 3132/3132 3131/3131 3135/3135
f 3132/3132 3135/3135 3136/3136
f 3131/3131 3134/3134 3137/3137
f 3131/3131 3137/3137 3135/3135
f 2975/2975 3010/3010 3129/3129
f 2975/2975 3129/3129 2976/2976
f 3010/3010 3009/3009 3130/3130
f 3010/3010 3130/3130 3129/3129
f 3009/3009 3008/3008 3133/3133
f 3009/3009 3133/3133 3130/3130
f 3008/3008 2944/2944 2943/2943
f 3008/3008 2943/2943 3133/3133
f 3133/3133 2943/2943 2942/2942
f 3133/3133 2942/2942 3134/3134
f 3134/3134 2942/2942 2940/2940
f 3134/3134 2940/2940 3137/3137
f 3137/3137 2940/2940 2939/2939
f 3137/3137 2939/2939 3128/3128
f 3135/3135 3137/3137 3128/3128
f 3135/3135 3128/3128 3127/3127
f 3136/3136 3135/3135 3127/3127
f 3136/3136 3127/3127 3126/3126
f 2979/2979 3136/3136 3126/3126
f 2979/2979 3126/3126 2980/2980
f 2978/2978 3132/3132 3136/3136
f 2978/2978 3136/3136 2979/2979
f 2976/2976 3129/3129 3132/3132
f 2976/2976 3132/3132 2978/2978
f 3138/3138 3139/3139 3140/3140
f 3138/3138 3140/3140 3141/3141
f 3141/3141 3140/3140 3142/3142
f 3141/3141 3142/3142 3143/3143
f 3139/3139 3144/3144 3145/3145
f 3139/3139 3145/3145 3140/3140
f 3140/3140 3145/3145 3146/3146
f 3140/3140 3146/3146 3142/3142
f 3147/3147 3148/3148 3138/3138
f 3147/3147 3138/3138 3149/3149
f 3149/3149 3138/3138 3141/3141
f 3149/3149 3141/3141 3150/3150
f 3150/3150 3141/3141 3143/3143
f 3150/3150 3143/3143 3151/3151
f 3152/3152 3151/3151 3153/3153
f 3152/3152 3153/3153 3154/3154
f 3142/3142 3146/3146 3155/3155
f 3142/3142 3155/3155 3156/3156
f 3157/3157 3158/3158 3159/3159
f 3157/3157 3159/3159 3160/3160
f 3161/3161 3162/3162 3163/3163
f 3161/3161 3163/3163 3164/3164
f 3145/3145 3165/3165 3166/3166
f 3145/3145 3166/3166 3146/3146
f 3144/3144 3167/3167 3165/3165
f 3144/3144 3165/3165 3145/3145
f 3168/3168 3169/3169 3167/3167
f 3168/3168 3167/3167 3144/3144
f 3170/3170 3168/3168 3144/3144
f 3170/3170 3144/3144 3139/3139
f 3148/3148 3170/3170 3139/3139
f 3148/3148 3139/3139 3138/3138
f 3171/3171 3172/3172 3173/3173
f 3171/3171 3173/3173 3174/3174
f 3174/3174 3173/3173 3175/3175
f 3174/3174 3175/3175 3176/3176
f 3172/3172 3177/3177 3178/3178
f 3172/3172 3178/3178 3173/3173
f 3173/3173 3178/3178 3179/3179
f 3173/3173 3179/3179 3175/3175
f 3180/3180 3181/3181 3171/3171
f 3180/3180 3171/3171 3182/3182
f 3182/3182 3171/3171 3174/3174
f 3182/3182 3174/3174 3183/3183
f 3183/3183 3174/3174 3176/3176
f 3183/3183 3176/3176 3184/3184
f 3185/3185 3184/3184 3186/3186
f 3185/3185 3186/3186 3187/3187
f 3175/3175 3179/3179 3188/3188
f 3175/3175 3188/3188 3189/3189
f 3190/3190 3191/3191 3192/3192
f 3190/3190 3192/3192 3193/3193
f 3194/3194 3195/3195 3196/3196
f 3194/3194 3196/3196 3197/3197
f 3178/3178 3198/3198 3194/3194
f 3178/3178 3194/3194 3179/3179
f 3177/3177 3199/3199 3198/3198
f 3177/3177 3198/3198 3178/3178
f 3200/3200 3201/3201 3199/3199
f 3200/3200 3199/3199 3177/3177
f 3202/3202 3200/3200 3177/3177
f 3202/3202 3177/3177 3172/3172
f 3181/3181 3202/3202 3172/3172
f 3181/3181 3172/3172 3171/3171
f 3203/3203 3204/3204 3205/3205
f 3203/3203 3205/3205 3206/3206
f 3206/3206 3205/3205 3207/3207
f 3206/3206 3207/3207 3208/3208
f 3204/3204 3209/3209 3210/3210
f 3204/3204 3210/3210 3205/3205
f 3205/3205 3210/3210 3185/3185
f 3205/3205 3185/3185 3207/3207
f 3169/3169 3211/3211 3203/3203
f 3169/3169 3203/3203 3167/3167
f 3167/3167 3203/3203 3206/3206
f 3167/3167 3206/3206 3165/3165
f 3165/3165 3206/3206 3208/3208
f 3165/3165 3208/3208 3166/3166
f 3146/3146 3166/3166 3212/3212
f 3146/3146 3212/3212 3155/3155
f 3207/3207 3185/3185 3187/3187
f 3207/3207 3187/3187 3213/3213
f 3195/3195 3214/3214 3215/3215
f 3195/3195 3215/3215 3196/3196
f 3216/3216 3217/3217 3191/3191
f 3216/3216 3191/3191 3190/3190
f 3210/3210 3183/3183 3184/3184
f 3210/3210 3184/3184 3185/3185
f 3209/3209 3182/3182 3183/3183
f 3209/3209 3183/3183 3210/3210
f 3218/3218 3180/3180 3182/3182
f 3218/3218 3182/3182 3209/3209
f 3219/3219 3218/3218 3209/3209
f 3219/3219 3209/3209 3204/3204
f 3211/3211 3219/3219 3204/3204
f 3211/3211 3204/3204 3203/3203
f 3220/3220 3221/3221 3222/3222
f 3220/3220 3222/3222 3223/3223
f 3223/3223 3222/3222 3158/3158
f 3223/3223 3158/3158 3157/3157
f 3221/3221 3224/3224 3225/3225
f 3221/3221 3225/3225 3222/3222
f 3222/3222 3225/3225 3152/3152
f 3222/3222 3152/3152 3158/3158
f 3226/3226 3227/3227 3220/3220
f 3226/3226 3220/3220 3228/3228
f 3228/3228 3220/3220 3223/3223
f 3228/3228 3223/3223 3229/3229
f 3229/3229 3223/3223 3157/3157
f 3229/3229 3157/3157 3101/3101
f 3179/3179 3194/3194 3197/3197
f 3179/3179 3197/3197 3188/3188
f 3158/3158 3152/3152 3154/3154
f 3158/3158 3154/3154 3159/3159
f 3208/3208 3207/3207 3213/3213
f 3208/3208 3213/3213 3230/3230
f 3166/3166 3208/3208 3230/3230
f 3166/3166 3230/3230 3212/3212
f 3225/3225 3150/3150 3151/3151
f 3225/3225 3151/3151 3152/3152
f 3224/3224 3149/3149 3150/3150
f 3224/3224 3150/3150 3225/3225
f 3231/3231 3147/3147 3149/3149
f 3231/3231 3149/3149 3224/3224
f 3232/3232 3231/3231 3224/3224
f 3232/3232 3224/3224 3221/3221
f 3227/3227 3232/3232 3221/3221
f 3227/3227 3221/3221 3220/3220
f 3233/3233 3234/3234 3235/3235
f 3233/3233 3235/3235 3236/3236
f 3236/3236 3235/3235 3214/3214
f 3236/3236 3214/3214 3195/3195
f 3234/3234 3237/3237 3238/3238
f 3234/3234 3238/3238 3235/3235
f 3235/3235 3238/3238 3239/3239
f 3235/3235 3239/3239 3214/3214
f 3201/3201 3240/3240 3233/3233
f 3201/3201 3233/3233 3199/3199
f 3199/3199 3233/3233 3236/3236
f 3199/3199 3236/3236 3198/3198
f 3198/3198 3236/3236 3195/3195
f 3198/3198 3195/3195 3194/3194
f 3184/3184 3176/3176 3241/3241
f 3184/3184 3241/3241 3186/3186
f 3214/3214 3239/3239 3242/3242
f 3214/3214 3242/3242 3215/3215
f 3162/3162 3243/3243 3244/3244
f 3162/3162 3244/3244 3163/3163
f 3245/3245 3246/3246 3247/3247
f 3245/3245 3247/3247 3248/3248
f 3238/3238 3249/3249 3161/3161
f 3238/3238 3161/3161 3239/3239
f 3237/3237 3250/3250 3249/3249
f 3237/3237 3249/3249 3238/3238
f 3251/3251 3252/3252 3250/3250
f 3251/3251 3250/3250 3237/3237
f 3253/3253 3251/3251 3237/3237
f 3253/3253 3237/3237 3234/3234
f 3240/3240 3253/3253 3234/3234
f 3240/3240 3234/3234 3233/3233
f 3191/3191 3254/3254 3255/3255
f 3191/3191 3255/3255 3192/3192
f 3192/3192 3255/3255 3256/3256
f 3192/3192 3256/3256 3100/3100
f 3254/3254 3257/3257 3258/3258
f 3254/3254 3258/3258 3255/3255
f 3255/3255 3258/3258 3259/3259
f 3255/3255 3259/3259 3256/3256
f 3216/3216 3260/3260 3261/3261
f 3216/3216 3261/3261 3217/3217
f 3193/3193 3192/3192 3100/3100
f 3193/3193 3100/3100 3099/3099
f 3143/3143 3142/3142 3156/3156
f 3143/3143 3156/3156 3262/3262
f 3101/3101 3157/3157 3160/3160
f 3101/3101 3160/3160 3102/3102
f 3100/3100 3256/3256 3229/3229
f 3100/3100 3229/3229 3101/3101
f 3256/3256 3259/3259 3228/3228
f 3256/3256 3228/3228 3229/3229
f 3259/3259 3263/3263 3226/3226
f 3259/3259 3226/3226 3228/3228
f 3258/3258 3264/3264 3263/3263
f 3258/3258 3263/3263 3259/3259
f 3257/3257 3265/3265 3264/3264
f 3257/3257 3264/3264 3258/3258
f 3266/3266 3267/3267 3265/3265
f 3266/3266 3265/3265 3257/3257
f 3268/3268 3266/3266 3257/3257
f 3268/3268 3257/3257 3254/3254
f 3217/3217 3268/3268 3254/3254
f 3217/3217 3254/3254 3191/3191
f 3269/3269 3270/3270 3271/3271
f 3269/3269 3271/3271 3272/3272
f 3272/3272 3271/3271 3243/3243
f 3272/3272 3243/3243 3162/3162
f 3270/3270 3273/3273 3274/3274
f 3270/3270 3274/3274 3271/3271
f 3271/3271 3274/3274 3275/3275
f 3271/3271 3275/3275 3243/3243
f 3252/3252 3276/3276 3269/3269
f 3252/3252 3269/3269 3250/3250
f 3250/3250 3269/3269 3272/3272
f 3250/3250 3272/3272 3249/3249
f 3249/3249 3272/3272 3162/3162
f 3249/3249 3162/3162 3161/3161
f 3239/3239 3161/3161 3164/3164
f 3239/3239 3164/3164 3242/3242
f 3243/3243 3275/3275 3277/3277
f 3243/3243 3277/3277 3244/3244
f 3278/3278 3279/3279 3280/3280
f 3278/3278 3280/3280 3281/3281
f 3282/3282 3283/3283 3284/3284
f 3282/3282 3284/3284 3285/3285
f 3274/3274 3286/3286 3248/3248
f 3274/3274 3248/3248 3275/3275
f 3273/3273 3287/3287 3286/3286
f 3273/3273 3286/3286 3274/3274
f 3288/3288 3289/3289 3287/3287
f 3288/3288 3287/3287 3273/3273
f 3290/3290 3288/3288 3273/3273
f 3290/3290 3273/3273 3270/3270
f 3276/3276 3290/3290 3270/3270
f 3276/3276 3270/3270 3269/3269
f 3291/3291 3292/3292 3293/3293
f 3291/3291 3293/3293 3294/3294
f 3294/3294 3293/3293 3295/3295
f 3294/3294 3295/3295 3296/3296
f 3292/3292 3297/3297 3298/3298
f 3292/3292 3298/3298 3293/3293
f 3293/3293 3298/3298 3299/3299
f 3293/3293 3299/3299 3295/3295
f 3226/3226 3263/3263 3291/3291
f 3226/3226 3291/3291 3300/3300
f 3300/3300 3291/3291 3294/3294
f 3300/3300 3294/3294 3301/3301
f 3301/3301 3294/3294 3296/3296
f 3301/3301 3296/3296 3302/3302
f 3302/3302 3296/3296 3276/3276
f 3302/3302 3276/3276 3252/3252
f 3296/3296 3295/3295 3290/3290
f 3296/3296 3290/3290 3276/3276
f 3295/3295 3299/3299 3288/3288
f 3295/3295 3288/3288 3290/3290
f 3299/3299 3303/3303 3289/3289
f 3299/3299 3289/3289 3288/3288
f 3298/3298 3304/3304 3303/3303
f 3298/3298 3303/3303 3299/3299
f 3297/3297 3305/3305 3304/3304
f 3297/3297 3304/3304 3298/3298
f 3265/3265 3267/3267 3305/3305
f 3265/3265 3305/3305 3297/3297
f 3264/3264 3265/3265 3297/3297
f 3264/3264 3297/3297 3292/3292
f 3263/3263 3264/3264 3292/3292
f 3263/3263 3292/3292 3291/3291
f 3306/3306 3307/3307 3308/3308
f 3306/3306 3308/3308 3309/3309
f 3309/3309 3308/3308 3310/3310
f 3309/3309 3310/3310 3311/3311
f 3307/3307 3312/3312 3313/3313
f 3307/3307 3313/3313 3308/3308
f 3308/3308 3313/3313 3314/3314
f 3308/3308 3314/3314 3310/3310
f 3201/3201 3315/3315 3306/3306
f 3201/3201 3306/3306 3240/3240
f 3240/3240 3306/3306 3309/3309
f 3240/3240 3309/3309 3253/3253
f 3253/3253 3309/3309 3311/3311
f 3253/3253 3311/3311 3251/3251
f 3251/3251 3311/3311 3302/3302
f 3251/3251 3302/3302 3252/3252
f 3311/3311 3310/3310 3301/3301
f 3311/3311 3301/3301 3302/3302
f 3310/3310 3314/3314 3300/3300
f 3310/3310 3300/3300 3301/3301
f 3314/3314 3227/3227 3226/3226
f 3314/3314 3226/3226 3300/3300
f 3313/3313 3232/3232 3227/3227
f 3313/3313 3227/3227 3314/3314
f 3312/3312 3231/3231 3232/3232
f 3312/3312 3232/3232 3313/3313
f 3316/3316 3147/3147 3231/3231
f 3316/3316 3231/3231 3312/3312
f 3317/3317 3316/3316 3312/3312
f 3317/3317 3312/3312 3307/3307
f 3315/3315 3317/3317 3307/3307
f 3315/3315 3307/3307 3306/3306
f 3318/3318 3319/3319 3320/3320
f 3318/3318 3320/3320 3321/3321
f 3321/3321 3320/3320 3322/3322
f 3321/3321 3322/3322 3323/3323
f 3319/3319 3324/3324 3325/3325
f 3319/3319 3325/3325 3320/3320
f 3320/3320 3325/3325 3326/3326
f 3320/3320 3326/3326 3322/3322
f 3180/3180 3218/3218 3318/3318
f 3180/3180 3318/3318 3181/3181
f 3181/3181 3318/3318 3321/3321
f 3181/3181 3321/3321 3202/3202
f 3202/3202 3321/3321 3323/3323
f 3202/3202 3323/3323 3200/3200
f 3200/3200 3323/3323 3315/3315
f 3200/3200 3315/3315 3201/3201
f 3323/3323 3322/3322 3317/3317
f 3323/3323 3317/3317 3315/3315
f 3322/3322 3326/3326 3316/3316
f 3322/3322 3316/3316 3317/3317
f 3326/3326 3148/3148 3147/3147
f 3326/3326 3147/3147 3316/3316
f 3325/3325 3170/3170 3148/3148
f 3325/3325 3148/3148 3326/3326
f 3324/3324 3168/3168 3170/3170
f 3324/3324 3170/3170 3325/3325
f 3211/3211 3169/3169 3168/3168
f 3211/3211 3168/3168 3324/3324
f 3219/3219 3211/3211 3324/3324
f 3219/3219 3324/3324 3319/3319
f 3218/3218 3219/3219 3319/3319
f 3218/3218 3319/3319 3318/3318
f 3327/3327 3328/3328 3329/3329
f 3327/3327 3329/3329 3330/3330
f 3330/3330 3329/3329 3331/3331
f 3330/3330 3331/3331 3332/3332
f 3328/3328 3333/3333 3334/3334
f 3328/3328 3334/3334 3329/3329
f 3329/3329 3334/3334 3335/3335
f 3329/3329 3335/3335 3331/3331
f 3336/3336 3337/3337 3327/3327
f 3336/3336 3327/3327 3338/3338
f 3338/3338 3327/3327 3330/3330
f 3338/3338 3330/3330 3339/3339
f 3339/3339 3330/3330 3332/3332
f 3339/3339 3332/3332 3340/3340
f 3340/3340 3332/3332 3341/3341
f 3340/3340 3341/3341 3342/3342
f 3332/3332 3331/3331 3343/3343
f 3332/3332 3343/3343 3341/3341
f 3331/3331 3335/3335 3344/3344
f 3331/3331 3344/3344 3343/3343
f 3345/3345 3346/3346 3347/3347
f 3345/3345 3347/3347 3348/3348
f 3349/3349 3350/3350 3351/3351
f 3349/3349 3351/3351 3352/3352
f 3334/3334 3353/3353 3354/3354
f 3334/3334 3354/3354 3335/3335
f 3355/3355 3356/3356 3357/3357
f 3355/3355 3357/3357 3358/3358
f 3359/3359 3358/3358 3333/3333
f 3359/3359 3333/3333 3328/3328
f 3337/3337 3359/3359 3328/3328
f 3337/3337 3328/3328 3327/3327
f 3360/3360 3361/3361 3362/3362
f 3360/3360 3362/3362 3363/3363
f 3363/3363 3362/3362 3364/3364
f 3363/3363 3364/3364 3365/3365
f 3361/3361 3278/3278 3281/3281
f 3361/3361 3281/3281 3362/3362
f 3362/3362 3281/3281 3366/3366
f 3362/3362 3366/3366 3364/3364
f 3367/3367 3368/3368 3360/3360
f 3367/3367 3360/3360 3369/3369
f 3369/3369 3360/3360 3363/3363
f 3369/3369 3363/3363 3370/3370
f 3370/3370 3363/3363 3365/3365
f 3370/3370 3365/3365 3371/3371
f 3371/3371 3365/3365 3372/3372
f 3371/3371 3372/3372 3373/3373
f 3365/3365 3364/3364 3374/3374
f 3365/3365 3374/3374 3372/3372
f 3364/3364 3366/3366 3375/3375
f 3364/3364 3375/3375 3374/3374
f 3375/3375 3376/3376 3377/3377
f 3375/3375 3377/3377 3378/3378
f 3260/3260 3379/3379 3380/3380
f 3260/3260 3380/3380 3261/3261
f 3281/3281 3280/3280 3381/3381
f 3281/3281 3381/3381 3366/3366
f 3382/3382 3383/3383 3384/3384
f 3382/3382 3384/3384 3385/3385
f 3386/3386 3385/3385 3278/3278
f 3386/3386 3278/3278 3361/3361
f 3368/3368 3386/3386 3361/3361
f 3368/3368 3361/3361 3360/3360
f 3387/3387 3388/3388 3389/3389
f 3387/3387 3389/3389 3390/3390
f 3390/3390 3389/3389 3391/3391
f 3390/3390 3391/3391 3392/3392
f 3388/3388 3393/3393 3394/3394
f 3388/3388 3394/3394 3389/3389
f 3389/3389 3394/3394 3382/3382
f 3389/3389 3382/3382 3391/3391
f 3342/3342 3341/3341 3387/3387
f 3342/3342 3387/3387 3395/3395
f 3395/3395 3387/3387 3390/3390
f 3395/3395 3390/3390 3396/3396
f 3396/3396 3390/3390 3392/3392
f 3396/3396 3392/3392 3397/3397
f 3397/3397 3392/3392 3368/3368
f 3397/3397 3368/3368 3367/3367
f 3392/3392 3391/3391 3386/3386
f 3392/3392 3386/3386 3368/3368
f 3391/3391 3382/3382 3385/3385
f 3391/3391 3385/3385 3386/3386
f 3358/3358 3357/3357 3398/3398
f 3358/3358 3398/3398 3333/3333
f 3378/3378 3377/3377 3399/3399
f 3378/3378 3399/3399 3400/3400
f 3394/3394 3401/3401 3383/3383
f 3394/3394 3383/3383 3382/3382
f 3335/3335 3354/3354 3402/3402
f 3335/3335 3402/3402 3344/3344
f 3343/3343 3344/3344 3393/3393
f 3343/3343 3393/3393 3388/3388
f 3341/3341 3343/3343 3388/3388
f 3341/3341 3388/3388 3387/3387
f 3403/3403 3404/3404 3405/3405
f 3403/3403 3405/3405 3406/3406
f 3406/3406 3405/3405 3407/3407
f 3406/3406 3407/3407 3408/3408
f 3404/3404 3349/3349 3352/3352
f 3404/3404 3352/3352 3405/3405
f 3405/3405 3352/3352 3355/3355
f 3405/3405 3355/3355 3407/3407
f 3409/3409 3410/3410 3403/3403
f 3409/3409 3403/3403 3411/3411
f 3411/3411 3403/3403 3406/3406
f 3411/3411 3406/3406 3412/3412
f 3412/3412 3406/3406 3408/3408
f 3412/3412 3408/3408 3413/3413
f 3413/3413 3408/3408 3337/3337
f 3413/3413 3337/3337 3336/3336
f 3408/3408 3407/3407 3359/3359
f 3408/3408 3359/3359 3337/3337
f 3407/3407 3355/3355 3358/3358
f 3407/3407 3358/3358 3359/3359
f 3344/3344 3402/3402 3414/3414
f 3344/3344 3414/3414 3393/3393
f 3393/3393 3414/3414 3401/3401
f 3393/3393 3401/3401 3394/3394
f 3352/3352 3351/3351 3356/3356
f 3352/3352 3356/3356 3355/3355
f 3366/3366 3381/3381 3376/3376
f 3366/3366 3376/3376 3375/3375
f 3415/3415 3284/3284 3349/3349
f 3415/3415 3349/3349 3404/3404
f 3410/3410 3415/3415 3404/3404
f 3410/3410 3404/3404 3403/3403
f 3416/3416 3417/3417 3418/3418
f 3416/3416 3418/3418 3419/3419
f 3419/3419 3418/3418 3420/3420
f 3419/3419 3420/3420 3421/3421
f 3417/3417 3378/3378 3400/3400
f 3417/3417 3400/3400 3418/3418
f 3418/3418 3400/3400 3422/3422
f 3418/3418 3422/3422 3420/3420
f 3373/3373 3372/3372 3416/3416
f 3373/3373 3416/3416 3423/3423
f 3423/3423 3416/3416 3419/3419
f 3423/3423 3419/3419 3424/3424
f 3424/3424 3419/3419 3421/3421
f 3424/3424 3421/3421 3425/3425
f 3425/3425 3421/3421 3426/3426
f 3425/3425 3426/3426 3427/3427
f 3421/3421 3420/3420 3428/3428
f 3421/3421 3428/3428 3426/3426
f 3420/3420 3422/3422 3345/3345
f 3420/3420 3345/3345 3428/3428
f 3176/3176 3175/3175 3189/3189
f 3176/3176 3189/3189 3241/3241
f 3348/3348 3347/3347 3429/3429
f 3348/3348 3429/3429 3430/3430
f 3400/3400 3399/3399 3431/3431
f 3400/3400 3431/3431 3422/3422
f 3385/3385 3384/3384 3279/3279
f 3385/3385 3279/3279 3278/3278
f 3374/3374 3375/3375 3378/3378
f 3374/3374 3378/3378 3417/3417
f 3372/3372 3374/3374 3417/3417
f 3372/3372 3417/3417 3416/3416
f 3261/3261 3380/3380 3432/3432
f 3261/3261 3432/3432 3433/3433
f 3433/3433 3432/3432 3434/3434
f 3433/3433 3434/3434 3435/3435
f 3380/3380 3285/3285 3436/3436
f 3380/3380 3436/3436 3432/3432
f 3432/3432 3436/3436 3437/3437
f 3432/3432 3437/3437 3434/3434
f 3151/3151 3143/3143 3262/3262
f 3151/3151 3262/3262 3153/3153
f 3217/3217 3261/3261 3433/3433
f 3217/3217 3433/3433 3268/3268
f 3268/3268 3433/3433 3435/3435
f 3268/3268 3435/3435 3266/3266
f 3266/3266 3435/3435 3438/3438
f 3266/3266 3438/3438 3267/3267
f 3435/3435 3434/3434 3439/3439
f 3435/3435 3439/3439 3438/3438
f 3434/3434 3437/3437 3440/3440
f 3434/3434 3440/3440 3439/3439
f 3437/3437 3410/3410 3409/3409
f 3437/3437 3409/3409 3440/3440
f 3436/3436 3415/3415 3410/3410
f 3436/3436 3410/3410 3437/3437
f 3285/3285 3284/3284 3415/3415
f 3285/3285 3415/3415 3436/3436
f 3284/3284 3283/3283 3350/3350
f 3284/3284 3350/3350 3349/3349
f 3333/3333 3398/3398 3353/3353
f 3333/3333 3353/3353 3334/3334
f 3379/3379 3282/3282 3285/3285
f 3379/3379 3285/3285 3380/3380
f 3441/3441 3442/3442 3443/3443
f 3441/3441 3443/3443 3444/3444
f 3444/3444 3443/3443 3445/3445
f 3444/3444 3445/3445 3446/3446
f 3442/3442 3348/3348 3430/3430
f 3442/3442 3430/3430 3443/3443
f 3443/3443 3430/3430 3245/3245
f 3443/3443 3245/3245 3445/3445
f 3427/3427 3426/3426 3441/3441
f 3427/3427 3441/3441 3447/3447
f 3447/3447 3441/3441 3444/3444
f 3447/3447 3444/3444 3448/3448
f 3448/3448 3444/3444 3446/3446
f 3448/3448 3446/3446 3449/3449
f 3449/3449 3446/3446 3287/3287
f 3449/3449 3287/3287 3289/3289
f 3446/3446 3445/3445 3286/3286
f 3446/3446 3286/3286 3287/3287
f 3445/3445 3245/3245 3248/3248
f 3445/3445 3248/3248 3286/3286
f 3275/3275 3248/3248 3247/3247
f 3275/3275 3247/3247 3277/3277
f 3430/3430 3429/3429 3246/3246
f 3430/3430 3246/3246 3245/3245
f 3422/3422 3431/3431 3346/3346
f 3422/3422 3346/3346 3345/3345
f 3428/3428 3345/3345 3348/3348
f 3428/3428 3348/3348 3442/3442
f 3426/3426 3428/3428 3442/3442
f 3426/3426 3442/3442 3441/3441
f 3450/3450 3451/3451 3452/3452
f 3450/3450 3452/3452 3453/3453
f 3453/3453 3452/3452 3454/3454
f 3453/3453 3454/3454 3455/3455
f 3451/3451 3456/3456 3457/3457
f 3451/3451 3457/3457 3452/3452
f 3452/3452 3457/3457 3458/3458
f 3452/3452 3458/3458 3454/3454
f 3409/3409 3459/3459 3450/3450
f 3409/3409 3450/3450 3440/3440
f 3440/3440 3450/3450 3453/3453
f 3440/3440 3453/3453 3439/3439
f 3439/3439 3453/3453 3455/3455
f 3439/3439 3455/3455 3438/3438
f 3438/3438 3455/3455 3305/3305
f 3438/3438 3305/3305 3267/3267
f 3455/3455 3454/3454 3304/3304
f 3455/3455 3304/3304 3305/3305
f 3454/3454 3458/3458 3303/3303
f 3454/3454 3303/3303 3304/3304
f 3458/3458 3449/3449 3289/3289
f 3458/3458 3289/3289 3303/3303
f 3457/3457 3448/3448 3449/3449
f 3457/3457 3449/3449 3458/3458
f 3456/3456 3447/3447 3448/3448
f 3456/3456 3448/3448 3457/3457
f 3460/3460 3427/3427 3447/3447
f 3460/3460 3447/3447 3456/3456
f 3461/3461 3460/3460 3456/3456
f 3461/3461 3456/3456 3451/3451
f 3459/3459 3461/3461 3451/3451
f 3459/3459 3451/3451 3450/3450
f 3462/3462 3463/3463 3464/3464
f 3462/3462 3464/3464 3465/3465
f 3465/3465 3464/3464 3466/3466
f 3465/3465 3466/3466 3467/3467
f 3463/3463 3468/3468 3469/3469
f 3463/3463 3469/3469 3464/3464
f 3464/3464 3469/3469 3470/3470
f 3464/3464 3470/3470 3466/3466
f 3373/3373 3423/3423 3462/3462
f 3373/3373 3462/3462 3471/3471
f 3471/3471 3462/3462 3465/3465
f 3471/3471 3465/3465 3472/3472
f 3472/3472 3465/3465 3467/3467
f 3472/3472 3467/3467 3473/3473
f 3473/3473 3467/3467 3413/3413
f 3473/3473 3413/3413 3336/3336
f 3467/3467 3466/3466 3412/3412
f 3467/3467 3412/3412 3413/3413
f 3466/3466 3470/3470 3411/3411
f 3466/3466 3411/3411 3412/3412
f 3470/3470 3459/3459 3409/3409
f 3470/3470 3409/3409 3411/3411
f 3469/3469 3461/3461 3459/3459
f 3469/3469 3459/3459 3470/3470
f 3468/3468 3460/3460 3461/3461
f 3468/3468 3461/3461 3469/3469
f 3425/3425 3427/3427 3460/3460
f 3425/3425 3460/3460 3468/3468
f 3424/3424 3425/3425 3468/3468
f 3424/3424 3468/3468 3463/3463
f 3423/3423 3424/3424 3463/3463
f 3423/3423 3463/3463 3462/3462
f 3474/3474 3475/3475 3476/3476
f 3474/3474 3476/3476 3477/3477
f 3477/3477 3476/3476 3478/3478
f 3477/3477 3478/3478 3479/3479
f 3475/3475 3480/3480 3481/3481
f 3475/3475 3481/3481 3476/3476
f 3476/3476 3481/3481 3482/3482
f 3476/3476 3482/3482 3478/3478
f 3367/3367 3369/3369 3474/3474
f 3367/3367 3474/3474 3397/3397
f 3397/3397 3474/3474 3477/3477
f 3397/3397 3477/3477 3396/3396
f 3396/3396 3477/3477 3479/3479
f 3396/3396 3479/3479 3395/3395
f 3395/3395 3479/3479 3340/3340
f 3395/3395 3340/3340 3342/3342
f 3479/3479 3478/3478 3339/3339
f 3479/3479 3339/3339 3340/3340
f 3478/3478 3482/3482 3338/3338
f 3478/3478 3338/3338 3339/3339
f 3482/3482 3473/3473 3336/3336
f 3482/3482 3336/3336 3338/3338
f 3481/3481 3472/3472 3473/3473
f 3481/3481 3473/3473 3482/3482
f 3480/3480 3471/3471 3472/3472
f 3480/3480 3472/3472 3481/3481
f 3371/3371 3373/3373 3471/3471
f 3371/3371 3471/3471 3480/3480
f 3370/3370 3371/3371 3480/3480
f 3370/3370 3480/3480 3475/3475
f 3369/3369 3370/3370 3475/3475
f 3369/3369 3475/3475 3474/3474
f 2756/2756 2759/2759 3483/3483
f 2756/2756 3483/3483 2747/2747
f 2747/2747 3483/3483 3484/3484
f 2747/2747 3484/3484 2748/2748
f 2748/2748 3484/3484 3485/3485
f 2748/2748 3485/3485 2751/2751
f 2751/2751 3485/3485 2769/2769
f 2751/2751 2769/2769 2768/2768
f 2854/2854 3486/3486 2846/2846
f 2854/2854 2846/2846 2855/2855
f 3486/3486 3487/3487 2847/2847
f 3486/3486 2847/2847 2846/2846
f 3487/3487 2814/2814 2816/2816
f 3487/3487 2816/2816 2847/2847
f 2813/2813 2815/2815 3488/3488
f 2813/2813 3488/3488 2804/2804
f 2722/2722 3489/3489 3490/3490
f 2722/2722 3490/3490 2713/2713
f 2713/2713 3490/3490 3491/3491
f 2713/2713 3491/3491 2714/2714
f 2714/2714 3491/3491 3492/3492
f 2714/2714 3492/3492 2717/2717
f 2840/2840 3493/3493 3494/3494
f 2840/2840 3494/3494 2874/2874
f 2830/2830 2760/2760 2763/2763
f 2830/2830 2763/2763 2831/2831
f 2804/2804 3488/3488 3495/3495
f 2804/2804 3495/3495 2805/2805
f 2805/2805 3495/3495 3496/3496
f 2805/2805 3496/3496 2808/2808
f 2808/2808 3496/3496 3489/3489
f 2808/2808 3489/3489 2722/2722
f 2717/2717 3492/3492 2817/2817
f 2717/2717 2817/2817 2737/2737
f 2781/2781 2818/2818 3497/3497
f 2781/2781 3497/3497 2782/2782
f 2782/2782 3497/3497 2758/2758
f 2782/2782 2758/2758 2757/2757
f 2765/2765 3074/3074 3075/3075
f 2765/2765 3075/3075 2766/2766
f 3498/3498 2796/2796 2797/2797
f 3498/3498 2797/2797 3499/3499
f 2771/2771 2770/2770 3500/3500
f 2771/2771 3500/3500 2825/2825
f 2825/2825 3500/3500 3501/3501
f 2825/2825 3501/3501 2828/2828
f 3093/3093 2888/2888 3502/3502
f 3093/3093 3502/3502 3503/3503
f 2828/2828 3501/3501 3493/3493
f 2828/2828 3493/3493 2840/2840
f 2874/2874 3494/3494 3504/3504
f 2874/2874 3504/3504 2875/2875
f 2875/2875 3504/3504 3505/3505
f 2875/2875 3505/3505 2878/2878
f 3083/3083 3079/3079 3080/3080
f 3083/3083 3080/3080 3084/3084
f 2996/2996 2973/2973 3506/3506
f 2996/2996 3506/3506 2997/2997
f 2973/2973 2972/2972 3507/3507
f 2973/2973 3507/3507 3506/3506
f 2972/2972 2974/2974 3508/3508
f 2972/2972 3508/3508 3507/3507
f 2974/2974 2983/2983 2986/2986
f 2974/2974 2986/2986 3508/3508
f 2860/2860 2723/2723 2726/2726
f 2860/2860 2726/2726 2861/2861
f 2857/2857 2856/2856 3068/3068
f 2857/2857 3068/3068 3509/3509
f 3509/3509 3068/3068 3072/3072
f 3509/3509 3072/3072 3510/3510
f 3510/3510 3072/3072 3042/3042
f 3510/3510 3042/3042 3511/3511
f 3031/3031 2965/2965 3038/3038
f 3031/3031 3038/3038 3512/3512
f 2937/2937 2936/2936 3513/3513
f 2937/2937 3513/3513 3037/3037
f 2936/2936 2938/2938 3022/3022
f 2936/2936 3022/3022 3513/3513
f 3057/3057 3092/3092 3514/3514
f 3057/3057 3514/3514 3103/3103
f 3042/3042 3030/3030 3515/3515
f 3042/3042 3515/3515 3511/3511
f 3030/3030 3029/3029 3516/3516
f 3030/3030 3516/3516 3515/3515
f 3029/3029 3031/3031 3512/3512
f 3029/3029 3512/3512 3516/3516
f 2947/2947 3007/3007 3517/3517
f 2947/2947 3517/3517 3021/3021
f 2957/2957 2948/2948 2951/2951
f 2957/2957 2951/2951 2958/2958
f 3007/3007 3006/3006 3518/3518
f 3007/3007 3518/3518 3517/3517
f 3006/3006 2995/2995 2998/2998
f 3006/3006 2998/2998 3518/3518
f 2961/2961 3081/3081 3082/3082
f 2961/2961 3082/3082 2962/2962
f 3012/3012 2882/2882 2885/2885
f 3012/3012 2885/2885 3013/3013
f 2984/2984 3049/3049 3519/3519
f 2984/2984 3519/3519 2985/2985
f 3049/3049 3050/3050 3104/3104
f 3049/3049 3104/3104 3519/3519
f 3520/3520 3498/3498 3499/3499
f 3520/3520 3499/3499 3521/3521
f 3064/3064 3058/3058 3061/3061
f 3064/3064 3061/3061 3065/3065
f 3092/3092 3091/3091 3522/3522
f 3092/3092 3522/3522 3514/3514
f 3091/3091 3093/3093 3503/3503
f 3091/3091 3503/3503 3522/3522
f 2878/2878 3505/3505 3502/3502
f 2878/2878 3502/3502 2888/2888
f 2796/2796 3498/3498 3523/3523
f 2796/2796 3523/3523 3524/3524
f 3525/3525 3526/3526 3483/3483
f 3525/3525 3483/3483 2759/2759
f 3498/3498 3520/3520 3527/3527
f 3498/3498 3527/3527 3523/3523
f 3526/3526 3528/3528 3484/3484
f 3526/3526 3484/3484 3483/3483
f 2761/2761 2760/2760 3529/3529
f 2761/2761 3529/3529 3530/3530
f 3528/3528 3531/3531 3485/3485
f 3528/3528 3485/3485 3484/3484
f 2760/2760 2830/2830 3532/3532
f 2760/2760 3532/3532 3529/3529
f 3531/3531 3533/3533 2769/2769
f 3531/3531 2769/2769 3485/3485
f 3074/3074 2765/2765 3534/3534
f 3074/3074 3534/3534 3535/3535
f 3536/3536 3537/3537 3486/3486
f 3536/3536 3486/3486 2854/2854
f 2765/2765 2764/2764 3538/3538
f 2765/2765 3538/3538 3534/3534
f 3537/3537 3539/3539 3487/3487
f 3537/3537 3487/3487 3486/3486
f 2764/2764 2858/2858 3540/3540
f 2764/2764 3540/3540 3538/3538
f 3539/3539 3541/3541 2814/2814
f 3539/3539 2814/2814 3487/3487
f 2858/2858 2862/2862 3542/3542
f 2858/2858 3542/3542 3540/3540
f 3541/3541 3543/3543 2815/2815
f 3541/3541 2815/2815 2814/2814
f 2723/2723 2860/2860 3544/3544
f 2723/2723 3544/3544 3545/3545
f 3546/3546 3547/3547 3490/3490
f 3546/3546 3490/3490 3489/3489
f 2860/2860 2728/2728 3548/3548
f 2860/2860 3548/3548 3544/3544
f 3547/3547 3549/3549 3491/3491
f 3547/3547 3491/3491 3490/3490
f 2728/2728 2727/2727 3550/3550
f 2728/2728 3550/3550 3548/3548
f 3549/3549 3551/3551 3492/3492
f 3549/3549 3492/3492 3491/3491
f 2727/2727 2735/2735 3552/3552
f 2727/2727 3552/3552 3550/3550
f 3551/3551 3553/3553 2817/2817
f 3551/3551 2817/2817 3492/3492
f 2862/2862 2732/2732 3554/3554
f 2862/2862 3554/3554 3542/3542
f 3543/3543 3555/3555 3488/3488
f 3543/3543 3488/3488 2815/2815
f 2732/2732 2731/2731 3556/3556
f 2732/2732 3556/3556 3554/3554
f 3555/3555 3557/3557 3495/3495
f 3555/3555 3495/3495 3488/3488
f 2731/2731 2724/2724 3558/3558
f 2731/2731 3558/3558 3556/3556
f 3557/3557 3559/3559 3496/3496
f 3557/3557 3496/3496 3495/3495
f 2724/2724 2723/2723 3545/3545
f 2724/2724 3545/3545 3558/3558
f 3559/3559 3546/3546 3489/3489
f 3559/3559 3489/3489 3496/3496
f 2735/2735 2786/2786 3560/3560
f 2735/2735 3560/3560 3552/3552
f 3553/3553 3561/3561 2818/2818
f 3553/3553 2818/2818 2817/2817
f 2786/2786 2789/2789 3562/3562
f 2786/2786 3562/3562 3560/3560
f 3561/3561 3563/3563 3497/3497
f 3561/3561 3497/3497 2818/2818
f 2789/2789 2788/2788 3564/3564
f 2789/2789 3564/3564 3562/3562
f 3563/3563 3565/3565 2758/2758
f 3563/3563 2758/2758 3497/3497
f 2788/2788 2796/2796 3524/3524
f 2788/2788 3524/3524 3564/3564
f 3565/3565 3525/3525 2759/2759
f 3565/3565 2759/2759 2758/2758
f 2830/2830 2793/2793 3566/3566
f 2830/2830 3566/3566 3532/3532
f 3533/3533 3567/3567 2770/2770
f 3533/3533 2770/2770 2769/2769
f 2793/2793 2792/2792 3568/3568
f 2793/2793 3568/3568 3566/3566
f 3567/3567 3569/3569 3500/3500
f 3567/3567 3500/3500 2770/2770
f 2792/2792 2832/2832 3570/3570
f 2792/2792 3570/3570 3568/3568
f 3569/3569 3571/3571 3501/3501
f 3569/3569 3501/3501 3500/3500
f 2832/2832 2838/2838 3572/3572
f 2832/2832 3572/3572 3570/3570
f 3571/3571 3573/3573 3493/3493
f 3571/3571 3493/3493 3501/3501
f 2838/2838 2835/2835 3574/3574
f 2838/2838 3574/3574 3572/3572
f 3573/3573 3575/3575 3494/3494
f 3573/3573 3494/3494 3493/3493
f 2835/2835 2834/2834 3576/3576
f 2835/2835 3576/3576 3574/3574
f 3575/3575 3577/3577 3504/3504
f 3575/3575 3504/3504 3494/3494
f 2834/2834 2880/2880 3578/3578
f 2834/2834 3578/3578 3576/3576
f 3577/3577 3579/3579 3505/3505
f 3577/3577 3505/3505 3504/3504
f 2880/2880 2886/2886 3580/3580
f 2880/2880 3580/3580 3578/3578
f 3579/3579 3581/3581 3502/3502
f 3579/3579 3502/3502 3505/3505
f 2997/2997 3506/3506 3582/3582
f 2997/2997 3582/3582 3583/3583
f 3584/3584 3585/3585 2882/2882
f 3584/3584 2882/2882 3012/3012
f 3506/3506 3507/3507 3586/3586
f 3506/3506 3586/3586 3582/3582
f 3585/3585 3587/3587 2883/2883
f 3585/3585 2883/2883 2882/2882
f 3507/3507 3508/3508 3588/3588
f 3507/3507 3588/3588 3586/3586
f 3589/3589 3590/3590 2992/2992
f 3589/3589 2992/2992 2991/2991
f 3508/3508 2986/2986 3591/3591
f 3508/3508 3591/3591 3588/3588
f 3590/3590 3592/3592 3039/3039
f 3590/3590 3039/3039 2992/2992
f 2854/2854 2857/2857 3593/3593
f 2854/2854 3593/3593 3536/3536
f 3535/3535 3594/3594 2987/2987
f 3535/3535 2987/2987 3074/3074
f 2857/2857 3509/3509 3595/3595
f 2857/2857 3595/3595 3593/3593
f 3594/3594 3596/3596 2988/2988
f 3594/3594 2988/2988 2987/2987
f 3509/3509 3510/3510 3597/3597
f 3509/3509 3597/3597 3595/3595
f 3596/3596 3598/3598 3083/3083
f 3596/3596 3083/3083 2988/2988
f 3510/3510 3511/3511 3599/3599
f 3510/3510 3599/3599 3597/3597
f 3598/3598 3600/3600 3079/3079
f 3598/3598 3079/3079 3083/3083
f 3038/3038 3037/3037 3601/3601
f 3038/3038 3601/3601 3602/3602
f 3603/3603 3604/3604 3081/3081
f 3603/3603 3081/3081 2961/2961
f 3037/3037 3513/3513 3605/3605
f 3037/3037 3605/3605 3601/3601
f 3604/3604 3606/3606 2956/2956
f 3604/3604 2956/2956 3081/3081
f 3513/3513 3022/3022 3607/3607
f 3513/3513 3607/3607 3605/3605
f 3606/3606 3608/3608 2957/2957
f 3606/3606 2957/2957 2956/2956
f 3022/3022 3021/3021 3609/3609
f 3022/3022 3609/3609 3607/3607
f 3608/3608 3610/3610 2948/2948
f 3608/3608 2948/2948 2957/2957
f 3511/3511 3515/3515 3611/3611
f 3511/3511 3611/3611 3599/3599
f 3600/3600 3612/3612 2952/2952
f 3600/3600 2952/2952 3079/3079
f 3515/3515 3516/3516 3613/3613
f 3515/3515 3613/3613 3611/3611
f 3612/3612 3614/3614 2953/2953
f 3612/3612 2953/2953 2952/2952
f 3516/3516 3512/3512 3615/3615
f 3516/3516 3615/3615 3613/3613
f 3614/3614 3616/3616 2960/2960
f 3614/3614 2960/2960 2953/2953
f 3512/3512 3038/3038 3602/3602
f 3512/3512 3602/3602 3615/3615
f 3616/3616 3603/3603 2961/2961
f 3616/3616 2961/2961 2960/2960
f 3021/3021 3517/3517 3617/3617
f 3021/3021 3617/3617 3609/3609
f 3610/3610 3618/3618 2949/2949
f 3610/3610 2949/2949 2948/2948
f 3517/3517 3518/3518 3619/3619
f 3517/3517 3619/3619 3617/3617
f 3618/3618 3620/3620 3019/3019
f 3618/3618 3019/3019 2949/2949
f 3518/3518 2998/2998 3621/3621
f 3518/3518 3621/3621 3619/3619
f 3620/3620 3622/3622 3011/3011
f 3620/3620 3011/3011 3019/3019
f 2998/2998 2997/2997 3583/3583
f 2998/2998 3583/3583 3621/3621
f 3622/3622 3584/3584 3012/3012
f 3622/3622 3012/3012 3011/3011
f 2986/2986 2985/2985 3623/3623
f 2986/2986 3623/3623 3591/3591
f 3592/3592 3624/3624 3015/3015
f 3592/3592 3015/3015 3039/3039
f 2985/2985 3519/3519 3625/3625
f 2985/2985 3625/3625 3623/3623
f 3624/3624 3626/3626 3016/3016
f 3624/3624 3016/3016 3015/3015
f 3519/3519 3104/3104 3627/3627
f 3519/3519 3627/3627 3625/3625
f 3626/3626 3628/3628 3064/3064
f 3626/3626 3064/3064 3016/3016
f 3104/3104 3103/3103 3629/3629
f 3104/3104 3629/3629 3627/3627
f 3628/3628 3630/3630 3058/3058
f 3628/3628 3058/3058 3064/3064
f 3103/3103 3514/3514 3631/3631
f 3103/3103 3631/3631 3629/3629
f 3630/3630 3632/3632 3059/3059
f 3630/3630 3059/3059 3058/3058
f 3514/3514 3522/3522 3633/3633
f 3514/3514 3633/3633 3631/3631
f 3632/3632 3634/3634 3062/3062
f 3632/3632 3062/3062 3059/3059
f 3522/3522 3503/3503 3635/3635
f 3522/3522 3635/3635 3633/3633
f 3634/3634 3636/3636 3097/3097
f 3634/3634 3097/3097 3062/3062
f 3503/3503 3502/3502 3581/3581
f 3503/3503 3581/3581 3635/3635
f 3636/3636 3580/3580 2886/2886
f 3636/3636 2886/2886 3097/3097
f 3186/3186 3241/3241 3637/3637
f 3186/3186 3637/3637 3638/3638
f 3639/3639 3640/3640 3499/3499
f 3639/3639 3499/3499 2797/2797
f 3241/3241 3189/3189 3641/3641
f 3241/3241 3641/3641 3637/3637
f 3640/3640 3642/3642 3521/3521
f 3640/3640 3521/3521 3499/3499
f 3189/3189 3188/3188 3643/3643
f 3189/3189 3643/3643 3641/3641
f 3644/3644 3645/3645 2763/2763
f 3644/3644 2763/2763 2762/2762
f 3188/3188 3197/3197 3646/3646
f 3188/3188 3646/3646 3643/3643
f 3645/3645 3647/3647 2831/2831
f 3645/3645 2831/2831 2763/2763
f 3216/3216 3190/3190 3648/3648
f 3216/3216 3648/3648 3649/3649
f 3650/3650 3651/3651 2766/2766
f 3650/3650 2766/2766 3075/3075
f 3190/3190 3193/3193 3652/3652
f 3190/3190 3652/3652 3648/3648
f 3651/3651 3653/3653 2767/2767
f 3651/3651 2767/2767 2766/2766
f 3193/3193 3099/3099 3654/3654
f 3193/3193 3654/3654 3652/3652
f 3653/3653 3655/3655 2859/2859
f 3653/3653 2859/2859 2767/2767
f 3099/3099 3102/3102 3656/3656
f 3099/3099 3656/3656 3654/3654
f 3655/3655 3657/3657 2863/2863
f 3655/3655 2863/2863 2859/2859
f 3153/3153 3262/3262 3658/3658
f 3153/3153 3658/3658 3659/3659
f 3660/3660 3661/3661 2861/2861
f 3660/3660 2861/2861 2726/2726
f 3262/3262 3156/3156 3662/3662
f 3262/3262 3662/3662 3658/3658
f 3661/3661 3663/3663 2729/2729
f 3661/3661 2729/2729 2861/2861
f 3156/3156 3155/3155 3664/3664
f 3156/3156 3664/3664 3662/3662
f 3663/3663 3665/3665 2730/2730
f 3663/3663 2730/2730 2729/2729
f 3155/3155 3212/3212 3666/3666
f 3155/3155 3666/3666 3664/3664
f 3665/3665 3667/3667 2736/2736
f 3665/3665 2736/2736 2730/2730
f 3102/3102 3160/3160 3668/3668
f 3102/3102 3668/3668 3656/3656
f 3657/3657 3669/3669 2733/2733
f 3657/3657 2733/2733 2863/2863
f 3160/3160 3159/3159 3670/3670
f 3160/3160 3670/3670 3668/3668
f 3669/3669 3671/3671 2734/2734
f 3669/3669 2734/2734 2733/2733
f 3159/3159 3154/3154 3672/3672
f 3159/3159 3672/3672 3670/3670
f 3671/3671 3673/3673 2725/2725
f 3671/3671 2725/2725 2734/2734
f 3154/3154 3153/3153 3659/3659
f 3154/3154 3659/3659 3672/3672
f 3673/3673 3660/3660 2726/2726
f 3673/3673 2726/2726 2725/2725
f 3212/3212 3230/3230 3674/3674
f 3212/3212 3674/3674 3666/3666
f 3667/3667 3675/3675 2787/2787
f 3667/3667 2787/2787 2736/2736
f 3230/3230 3213/3213 3676/3676
f 3230/3230 3676/3676 3674/3674
f 3675/3675 3677/3677 2790/2790
f 3675/3675 2790/2790 2787/2787
f 3213/3213 3187/3187 3678/3678
f 3213/3213 3678/3678 3676/3676
f 3677/3677 3679/3679 2791/2791
f 3677/3677 2791/2791 2790/2790
f 3187/3187 3186/3186 3638/3638
f 3187/3187 3638/3638 3678/3678
f 3679/3679 3639/3639 2797/2797
f 3679/3679 2797/2797 2791/2791
f 3197/3197 3196/3196 3680/3680
f 3197/3197 3680/3680 3646/3646
f 3647/3647 3681/3681 2794/2794
f 3647/3647 2794/2794 2831/2831
f 3196/3196 3215/3215 3682/3682
f 3196/3196 3682/3682 3680/3680
f 3681/3681 3683/3683 2795/2795
f 3681/3681 2795/2795 2794/2794
f 3215/3215 3242/3242 3684/3684
f 3215/3215 3684/3684 3682/3682
f 3683/3683 3685/3685 2833/2833
f 3683/3683 2833/2833 2795/2795
f 3242/3242 3164/3164 3686/3686
f 3242/3242 3686/3686 3684/3684
f 3685/3685 3687/3687 2839/2839
f 3685/3685 2839/2839 2833/2833
f 3164/3164 3163/3163 3688/3688
f 3164/3164 3688/3688 3686/3686
f 3687/3687 3689/3689 2836/2836
f 3687/3687 2836/2836 2839/2839
f 3163/3163 3244/3244 3690/3690
f 3163/3163 3690/3690 3688/3688
f 3689/3689 3691/3691 2837/2837
f 3689/3689 2837/2837 2836/2836
f 3244/3244 3277/3277 3692/3692
f 3244/3244 3692/3692 3690/3690
f 3691/3691 3693/3693 2881/2881
f 3691/3691 2881/2881 2837/2837
f 3277/3277 3247/3247 3694/3694
f 3277/3277 3694/3694 3692/3692
f 3693/3693 3695/3695 2887/2887
f 3693/3693 2887/2887 2881/2881
f 3013/3013 2885/2885 3696/3696
f 3013/3013 3696/3696 3697/3697
f 3698/3698 3699/3699 3279/3279
f 3698/3698 3279/3279 3384/3384
f 2885/2885 2884/2884 3700/3700
f 2885/2885 3700/3700 3696/3696
f 3699/3699 3701/3701 3280/3280
f 3699/3699 3280/3280 3279/3279
f 2994/2994 2993/2993 3702/3702
f 2994/2994 3702/3702 3703/3703
f 3701/3701 3704/3704 3381/3381
f 3701/3701 3381/3381 3280/3280
f 2993/2993 3040/3040 3705/3705
f 2993/2993 3705/3705 3702/3702
f 3704/3704 3706/3706 3376/3376
f 3704/3704 3376/3376 3381/3381
f 3075/3075 2990/2990 3707/3707
f 3075/3075 3707/3707 3650/3650
f 3649/3649 3708/3708 3260/3260
f 3649/3649 3260/3260 3216/3216
f 2990/2990 2989/2989 3709/3709
f 2990/2990 3709/3709 3707/3707
f 3708/3708 3710/3710 3379/3379
f 3708/3708 3379/3379 3260/3260
f 2989/2989 3084/3084 3711/3711
f 2989/2989 3711/3711 3709/3709
f 3710/3710 3712/3712 3282/3282
f 3710/3710 3282/3282 3379/3379
f 3084/3084 3080/3080 3713/3713
f 3084/3084 3713/3713 3711/3711
f 3712/3712 3714/3714 3283/3283
f 3712/3712 3283/3283 3282/3282
f 2962/2962 3082/3082 3715/3715
f 2962/2962 3715/3715 3716/3716
f 3717/3717 3718/3718 3398/3398
f 3717/3717 3398/3398 3357/3357
f 3082/3082 2959/2959 3719/3719
f 3082/3082 3719/3719 3715/3715
f 3718/3718 3720/3720 3353/3353
f 3718/3718 3353/3353 3398/3398
f 2959/2959 2958/2958 3721/3721
f 2959/2959 3721/3721 3719/3719
f 3720/3720 3722/3722 3354/3354
f 3720/3720 3354/3354 3353/3353
f 2958/2958 2951/2951 3723/3723
f 2958/2958 3723/3723 3721/3721
f 3722/3722 3724/3724 3402/3402
f 3722/3722 3402/3402 3354/3354
f 3080/3080 2955/2955 3725/3725
f 3080/3080 3725/3725 3713/3713
f 3714/3714 3726/3726 3350/3350
f 3714/3714 3350/3350 3283/3283
f 2955/2955 2954/2954 3727/3727
f 2955/2955 3727/3727 3725/3725
f 3726/3726 3728/3728 3351/3351
f 3726/3726 3351/3351 3350/3350
f 2954/2954 2963/2963 3729/3729
f 2954/2954 3729/3729 3727/3727
f 3728/3728 3730/3730 3356/3356
f 3728/3728 3356/3356 3351/3351
f 2963/2963 2962/2962 3716/3716
f 2963/2963 3716/3716 3729/3729
f 3730/3730 3717/3717 3357/3357
f 3730/3730 3357/3357 3356/3356
f 2951/2951 2950/2950 3731/3731
f 2951/2951 3731/3731 3723/3723
f 3724/3724 3732/3732 3414/3414
f 3724/3724 3414/3414 3402/3402
f 2950/2950 3020/3020 3733/3733
f 2950/2950 3733/3733 3731/3731
f 3732/3732 3734/3734 3401/3401
f 3732/3732 3401/3401 3414/3414
f 3020/3020 3014/3014 3735/3735
f 3020/3020 3735/3735 3733/3733
f 3734/3734 3736/3736 3383/3383
f 3734/3734 3383/3383 3401/3401
f 3014/3014 3013/3013 3697/3697
f 3014/3014 3697/3697 3735/3735
f 3736/3736 3698/3698 3384/3384
f 3736/3736 3384/3384 3383/3383
f 3040/3040 3018/3018 3737/3737
f 3040/3040 3737/3737 3705/3705
f 3706/3706 3738/3738 3377/3377
f 3706/3706 3377/3377 3376/3376
f 3018/3018 3017/3017 3739/3739
f 3018/3018 3739/3739 3737/3737
f 3738/3738 3740/3740 3399/3399
f 3738/3738 3399/3399 3377/3377
f 3017/3017 3065/3065 3741/3741
f 3017/3017 3741/3741 3739/3739
f 3740/3740 3742/3742 3431/3431
f 3740/3740 3431/3431 3399/3399
f 3065/3065 3061/3061 3743/3743
f 3065/3065 3743/3743 3741/3741
f 3742/3742 3744/3744 3346/3346
f 3742/3742 3346/3346 3431/3431
f 3061/3061 3060/3060 3745/3745
f 3061/3061 3745/3745 3743/3743
f 3744/3744 3746/3746 3347/3347
f 3744/3744 3347/3347 3346/3346
f 3060/3060 3063/3063 3747/3747
f 3060/3060 3747/3747 3745/3745
f 3746/3746 3748/3748 3429/3429
f 3746/3746 3429/3429 3347/3347
f 3063/3063 3098/3098 3749/3749
f 3063/3063 3749/3749 3747/3747
f 3748/3748 3750/3750 3246/3246
f 3748/3748 3246/3246 3429/3429
f 3098/3098 2887/2887 3695/3695
f 3098/3098 3695/3695 3749/3749
f 3750/3750 3694/3694 3247/3247
f 3750/3750 3247/3247 3246/3246
f 2862/2862 2858/2858 2859/2859
f 2862/2862 2859/2859 2863/2863