# https://github.com/mikedh/trimesh
v 0.15093645 -0.12523535 0.13436819
v 0.15492366 -0.13865889 0.13197588
v 0.16342968 -0.13440587 0.13968448
v 0.05032616 0.46506935 0.12705835
v 0.01696660 0.46593327 0.14048189
v -0.00177323 0.42054563 0.13051392
v 0.00281204 0.44646238 0.13822249
v 0.19233686 -0.30984261 -0.00398757
v 0.18775158 -0.28791300 -0.00511727
v 0.18967873 -0.29096985 0.00724303
v 0.14581955 -0.17680311 -0.19344593
v 0.15665144 -0.17627146 -0.18726577
v 0.16695170 -0.18065738 -0.17796231
v 0.15352813 -0.16145240 -0.18155078
v 0.15319587 0.11698696 0.19497361
v 0.14974029 0.12323356 0.19185031
v 0.14575310 0.11818310 0.19357810
v 0.16183479 0.12509425 0.19317937
v 0.02753267 0.43250725 0.12832096
v 0.17253377 -0.20431475 -0.18480700
v 0.18662188 -0.12503597 0.16274375
v 0.19087488 -0.12078295 0.15988628
v 0.18575799 -0.11021685 0.17437309
v 0.02314676 0.47058498 -0.16414001
v 0.03052307 0.45729427 -0.17065244
v 0.01836212 0.44998450 -0.17397510
v 0.17353058 -0.22597854 -0.19949318
v -0.16431801 0.12688852 0.14539946
v -0.15401775 0.12416391 0.14181096
v -0.16744131 0.13253705 0.12978293
v 0.14940802 0.10635445 0.19590395
v 0.15658498 0.10954416 0.19630267
v 0.13106692 -0.19354933 -0.20866373
v 0.12103247 -0.16756611 -0.19710086
v 0.16914466 -0.23475037 -0.21039152
v 0.18535926 -0.32020930 0.04870990
v 0.19512790 -0.31814927 0.02578351
v 0.19027680 -0.28930854 0.02272665
v -0.12245242 0.10814865 0.13676052
v -0.12876549 -0.12370688 0.13151071
v -0.13242043 -0.13885827 0.12692542
v -0.12511056 -0.12437142 0.13583018
v 0.13020302 0.10981002 0.19344520
v 0.17326477 -0.17932828 -0.15457075
v 0.19712150 -0.28153350 -0.18699996
v -0.12610736 -0.11666283 0.13629535
v -0.14152452 -0.10164439 0.13782376
v -0.12810096 -0.10669486 0.13769087
v 0.16176834 0.10150336 0.19563816
v -0.20445580 0.13227119 0.12878613
v -0.21774646 0.12197095 0.13224171
v -0.20418999 0.12888210 0.14061482
v -0.22578731 0.11299974 0.12406794
v 0.11093157 -0.10038178 -0.19112006
v 0.10594757 -0.11593186 -0.20015771
v 0.09006523 -0.09905275 -0.21165413
v 0.01231487 0.50028964 -0.14739378
v 0.02959272 0.48148330 -0.15782695
v 0.17020792 0.11698696 0.19796401
v -0.11607291 -0.13659883 0.14672852
v -0.11181990 -0.12244426 0.14114644
v -0.11500965 -0.12702955 0.14785821
v -0.11647163 -0.11825772 0.15403837
v -0.01439936 0.62150042 -0.08060821
v -0.03147786 0.61000398 -0.09044330
v -0.03466762 0.62661731 -0.06479233
v 0.00792895 0.62555413 -0.06904533
v -0.00217195 0.61864298 -0.08087403
v -0.11321542 -0.15175016 0.12891903
v -0.04184457 0.61851002 -0.07675392
v 0.05218685 0.44699409 -0.16826012
v 0.05584178 0.45370586 -0.16001991
v 0.08601158 0.41742227 -0.16972209
v 0.12641518 -0.08875244 -0.17390865
v 0.12116537 -0.11779255 -0.17902556
v 0.05584178 0.41934950 -0.18261403
v 0.04275048 0.43230787 -0.18121851
v -0.11574064 -0.10848906 0.15589908
v -0.12344923 -0.11227691 0.15663005
v -0.16026435 0.12130640 0.19417616
v -0.14916665 0.13120795 0.16061724
v -0.15707460 0.13180602 0.17623377
v -0.12092400 -0.13021933 0.15091506
v -0.12271824 -0.12191267 0.14825693
v 0.06986342 -0.07353463 -0.21510970
v 0.07564486 -0.04343134 -0.20454362
v 0.02201705 0.35728211 -0.21039151
v 0.00487210 0.43104532 -0.18440827
v 0.02580489 0.39177131 -0.19537307
v 0.18309986 0.09386118 0.20334672
v 0.18230241 0.07512138 0.21936198
v 0.19213750 0.08827913 0.21225148
v 0.03730131 0.41051124 -0.19185104
v 0.06700593 0.40818526 -0.17869329
v 0.20323521 0.09638641 0.21564058
v -0.15700814 0.12868272 0.15164606
v -0.17182723 0.12801824 0.14965245
v 0.06448071 0.39908122 -0.18726576
v -0.06829299 0.61870940 -0.05050487
v -0.05633139 0.62548759 -0.05695084
v -0.05958761 0.61731388 -0.06877952
v -0.07154920 0.61026978 -0.06585558
v 0.03836456 -0.11433697 -0.23252046
v 0.02919401 -0.04223514 -0.20607205
v -0.00217195 -0.12158040 -0.23610894
v 0.17705260 -0.11207760 0.17324337
v 0.17432801 -0.10430252 0.17510409
v 0.16994209 -0.11400470 0.16560126
v 0.14123427 0.07233035 0.19583750
v 0.13910776 0.07558655 0.19610333
v 0.13545284 0.06734636 0.19862853
v 0.13963940 0.05957129 0.20328027
v -0.14398330 0.11937930 0.14632980
v -0.00542816 0.63106964 -0.05316300
v -0.03181013 0.63286391 -0.04691639
v -0.03792383 0.63093681 -0.05615340
v 0.17884684 -0.12304239 0.16759484
v 0.17279958 -0.12463722 0.16500316
v 0.17047373 -0.12908961 0.16048434
v -0.17760867 0.12735369 0.15151316
v 0.11093157 -0.20683998 -0.23697284
v 0.08760645 -0.18756853 -0.24222265
v 0.09571376 -0.16796480 -0.22853327
v 0.07385063 0.37755039 -0.18919291
v 0.09970096 0.40579299 -0.16786140
v -0.01061152 0.63605369 -0.03442317
v -0.02921845 0.63499039 -0.03017016
v -0.03154431 -0.18172062 0.12247305
v -0.06131539 -0.16776542 0.14107999
v -0.06722973 -0.20119145 0.14134579
v 0.15950893 -0.27641658 0.08738572
v 0.14356014 -0.30286501 0.09961313
v 0.16190125 -0.28538779 0.08093974
v -0.04948670 -0.13407360 0.13230816
v -0.07374216 -0.16264854 0.14466846
v 0.07737265 0.34817794 -0.20241712
v 0.06939825 0.35987376 -0.20274939
v -0.04310719 -0.14975658 0.12778931
v -0.18059906 0.13306864 0.16088307
v -0.18930445 0.12502783 0.15430419
v -0.20239575 0.13054340 0.16732904
v 0.13053529 -0.30346308 0.11024565
v 0.13678190 -0.35782187 0.10911596
v 0.06614204 -0.15567091 -0.23843481
v 0.05052551 -0.24797457 -0.27252535
v -0.08025458 -0.15008886 0.14327295
v 0.14528793 0.07425751 0.19809691
v 0.16675234 -0.12762762 0.15197834
v 0.14196525 0.10575638 0.19616978
v 0.13492120 0.08741526 0.19949242
v -0.04676212 -0.20451413 0.12832096
v 0.15538883 0.09226635 0.19484071
v -0.17023235 0.13552745 0.16493671
v 0.15219906 0.06668182 0.21085594
v 0.17054017 0.09625351 0.19736591
v 0.18030881 -0.13726338 0.15789266
v -0.04935380 0.63126902 -0.04498924
v -0.08530504 -0.11686221 0.13450112
v -0.09607047 -0.14384226 0.13410239
v -0.04815764 0.63060447 -0.02897400
v -0.20212994 0.11864827 0.15337385
v 0.17333122 -0.13806083 0.15716170
v 0.17572354 -0.28213157 0.06020632
v 0.16436002 -0.26923964 0.08811670
v 0.04866482 0.36319637 -0.20613850
v 0.03823165 0.38067363 -0.20128741
v 0.19094133 0.07631751 0.21936198
v 0.20516234 0.08263059 0.22075749
v -0.12218661 -0.14131702 0.14373812
v -0.06370771 0.33528611 -0.21258447
v -0.03838900 0.35675052 -0.20447717
v -0.03978452 0.33694742 -0.20879663
v -0.05918888 0.31714431 -0.21537551
v 0.03650387 0.34950704 -0.20593914
v -0.12683835 -0.15241471 0.12878613
v 0.18429601 0.05465379 0.22780154
v 0.17087245 0.04010046 0.22680475
v -0.22445825 0.11439525 0.10433132
v -0.23203393 0.09472510 0.11429929
v 0.05803474 0.35621881 -0.20706885
v 0.05045906 0.32106506 -0.21371418
v -0.10869660 -0.12197909 0.12632735
v -0.10896241 -0.14457322 0.12632735
v 0.17346411 -0.31216847 0.06937686
v 0.16216706 -0.33808525 0.09163872
v -0.22239819 0.11579083 0.14081417
v 0.18868193 -0.09692620 0.18088552
v 0.19452982 -0.08290459 0.18002162
v 0.18489409 -0.09114477 0.18520499
v 0.18688769 -0.07639213 0.19091997
v -0.21362635 0.13041051 0.10858431
v 0.18243532 -0.09785655 0.18141714
v -0.04177812 0.29561342 -0.21158767
v -0.03699348 0.27328514 -0.21205285
v -0.05307518 0.29109460 -0.21537551
v -0.21196503 0.12529363 0.18121779
v -0.21708193 0.12223674 0.17178141
v -0.06556840 0.62037071 -0.02438871
v 0.08222374 0.15652669 0.11642580
v 0.08900197 0.18948749 0.13277333
v 0.07159121 0.17706077 0.13416884
v 0.11591556 0.18596550 0.11370122
v 0.10103002 0.20703116 0.13084616
v 0.10182747 0.16729211 0.11137536
v 0.19034326 -0.36240716 0.06319671
v -0.13806896 -0.17261651 0.12234016
v -0.12843322 -0.16577184 0.12878613
v 0.19373238 -0.06575961 0.19058769
v -0.04888862 0.62974067 -0.01574979
v -0.01287093 0.63798079 -0.01036707
v -0.01825365 0.33827639 -0.21663812
v 0.18695414 -0.28824527 0.03867545
v -0.00855147 0.44679472 -0.17736422
v 0.09239109 0.15918482 0.11210633
v -0.00642496 0.42386825 -0.18806320
v 0.08023014 0.19712967 0.13802314
v -0.02376928 0.27787037 -0.21736911
v -0.12324987 -0.16504088 0.13828893
v 0.17991009 -0.07552827 0.18912573
v 0.15465783 -0.35410050 0.10094219
v -0.21761356 0.10987644 0.15795911
v -0.22498987 0.10721831 0.16938911
v -0.06490387 0.62488958 -0.01508526
v -0.06124894 0.62768061 0.00272423
v -0.22439180 0.11585724 0.18055324
v -0.21688256 0.11838248 0.14493429
v -0.20890818 0.11492690 0.15536743
v -0.02722485 0.45011733 -0.17424092
v -0.07998877 0.60289345 -0.04253047
v -0.21442380 0.11253457 0.15476936
v -0.14032837 -0.16218337 0.12293822
v 0.00267914 0.63897768 -0.00544953
v -0.22060395 0.10901257 0.15370612
v -0.04290782 0.46739520 -0.16320967
v -0.05639785 0.43264008 -0.17769649
v -0.06310963 0.44300680 -0.16493745
v -0.04543305 0.63452521 0.02538480
v -0.01758912 0.63678465 0.01348966
v 0.17426156 -0.07453145 0.18267975
v 0.17034081 -0.09652751 0.17012007
v 0.11285871 -0.27196422 0.12552991
v 0.10621338 -0.33748718 0.12340340
v 0.02779849 0.18835783 0.13789021
v 0.01630206 0.15911834 0.11735614
v 0.04660477 0.17247547 0.13476691
v 0.00892575 0.19912325 0.13483336
v 0.18270113 -0.03964349 0.19942598
v 0.18356503 -0.06004466 0.19616978
v -0.12630672 -0.17799925 0.13509918
v -0.12212016 -0.17035713 0.13868766
v -0.05506878 0.63206653 0.04093487
v -0.04742665 0.63093681 0.05289647
v -0.03493343 0.63532272 0.03767866
v -0.21389218 0.11313263 0.15895593
v -0.06144830 0.62814578 0.01780913
v -0.06955560 0.62442441 0.04166587
v -0.11859813 -0.15759807 0.14174451
v -0.07659965 0.41004607 -0.17517126
v -0.02529770 0.43350400 -0.18035462
v -0.11766779 -0.16417695 0.13875410
v -0.08297916 0.42420058 -0.16839302
v -0.23502432 0.06834312 0.11350187
v -0.23316363 0.09671869 0.12665962
v -0.07666611 0.32485284 -0.21138831
v -0.07427379 0.31029958 -0.21431226
v -0.11255089 -0.18085676 0.13044744
v 0.05338301 0.18869004 0.14167806
v 0.06055996 0.20895832 0.14387102
v -0.23562240 0.09160180 0.14932021
v -0.23794827 0.06947284 0.15696232
v -0.11454448 -0.15939234 0.13164361
v -0.07819453 0.37755039 -0.18919291
v -0.08570375 0.40585941 -0.17543707
v -0.11733553 -0.17328106 0.13569725
v -0.08802962 0.31428687 -0.20494234
v -0.00270358 0.40054315 -0.19862928
v -0.11168699 -0.16098723 0.12845386
v -0.11374705 -0.16823059 0.12978293
v 0.13731352 -0.14616811 0.12579573
v -0.03991743 0.40506203 -0.19424336
v 0.00520436 0.18284220 0.12446667
v -0.00974763 0.20822735 0.13722569
v -0.00848502 0.19168045 0.13111199
v 0.15611981 -0.15447477 0.12958355
v -0.07952360 0.61764610 -0.01668013
v -0.06822654 0.38240148 -0.19597115
v -0.07108402 0.62515538 0.00345521
v -0.07600157 0.61963974 0.04140006
v -0.08889351 0.61199763 0.01455292
v -0.02137696 0.38452795 -0.20201840
v -0.23342944 0.04235990 0.11728969
v -0.23615402 0.05538475 0.13058037
v 0.16588845 -0.14902562 0.14161161
v 0.00600180 0.16802307 0.11815359
v 0.23626249 -0.41065225 -0.08984523
v 0.20649142 -0.34280344 -0.09735446
v 0.21905109 -0.37104607 -0.08705419
v -0.02602869 0.40326776 -0.19138587
v -0.22997387 0.09259863 0.17105041
v -0.23037259 0.09638641 0.15563326
v 0.05849991 0.15253947 0.12107754
v 0.05491143 0.14456508 0.11124247
v 0.07105958 0.14835293 0.11390060
v 0.15279715 -0.19042603 0.12665962
v 0.16555617 -0.16862935 0.13622890
v 0.15891085 -0.17075582 0.13117844
v -0.08005523 -0.18843239 0.14486781
v -0.09301361 -0.19507774 0.14294068
v 0.03896264 0.13639131 0.11024565
v 0.01743177 0.14303667 0.11310315
v 0.15120227 -0.16676866 0.12619445
v -0.12537637 0.29381921 -0.16553553
v -0.13461338 0.30538207 -0.15516882
v -0.12909776 0.31681197 -0.16912401
v 0.00553663 0.33555190 -0.21743556
v 0.01158388 0.30617952 -0.21942916
v -0.07154920 0.35455750 -0.20527461
v -0.23176810 0.07910860 0.16799356
v -0.02921845 0.35415875 -0.20985989
v -0.09646919 0.60315925 0.02412218
v -0.09799762 0.59265969 0.03847610
v -0.00157387 0.16051386 0.11596063
v 0.17233441 -0.14337708 0.15377257
v 0.16848013 -0.15062051 0.14586463
v -0.11780070 0.29793927 -0.17736422
v 0.16994209 -0.16025620 0.14314002
v 0.17206860 -0.15520574 0.14699432
v -0.16518190 0.12622397 0.19171741
v -0.09022258 0.28557897 -0.19743312
v -0.07759645 0.27056053 -0.20447717
v -0.11826587 -0.19806815 0.12978293
v -0.13394885 -0.17766697 0.12546346
v 0.00228042 0.63598727 0.05435845
v -0.03121205 0.63279749 0.05116868
v -0.13600890 -0.18776790 0.12566280
v -0.06596712 0.26378228 -0.20952762
v -0.13767024 0.11087326 0.19377744
v -0.13175589 0.11798379 0.18002162
v 0.09744154 0.12489487 0.09668919
v 0.11545039 0.11459463 0.11815359
v 0.11119738 0.12981244 0.08426243
v -0.10829787 0.39482826 -0.16812721
v 0.20595978 -0.32818369 -0.13509993
v 0.19931446 -0.30917806 -0.12739135
v 0.23719284 -0.38759295 -0.12413514
v -0.16803940 0.11412946 0.19716657
v -0.16611225 0.10150336 0.19563816
v -0.09653564 0.34345981 -0.19198395
v 0.22589577 -0.36619498 -0.13184372
v -0.10657009 0.27321866 -0.17849393
v -0.11527547 0.28252215 -0.17231377
v 0.09644474 0.09778193 0.12758997
v 0.11897241 0.10748416 0.13941865
v -0.05573331 0.62389270 0.06093732
v -0.02277248 0.63326266 0.06811428
v -0.11547483 0.27640844 -0.16141543
v -0.15614425 0.09970909 0.19597040
v -0.08975740 0.36758229 -0.18919291
v -0.04915444 0.61272859 0.09994540
v -0.04290782 0.62302890 0.08446178
v -0.10331387 0.36931014 -0.18008881
v 0.13565219 0.11844896 0.13569725
v -0.10178545 0.31368874 -0.18906000
v 0.17153698 -0.17607208 0.13835541
v -0.10577265 0.26524427 -0.17284540
v -0.02915199 0.62409207 0.08798382
v -0.01712395 0.62894316 0.08087331
v 0.11883951 0.10362984 0.14878855
v 0.12694681 0.11047450 0.14825693
v 0.00128362 0.62920896 0.08040814
v 0.19266912 -0.14324419 0.14493429
v -0.12085755 -0.20431475 0.12858676
v 0.18987809 -0.19614098 0.12287178
v 0.17765069 -0.19507774 0.12871965
v -0.02503189 0.61824423 0.10313517
v -0.07739709 0.60575102 0.07648739
v -0.07447315 0.60116573 0.08937933
v -0.06397352 0.60428897 0.09981250
v -0.12198725 0.28557897 -0.14905512
v -0.13388240 0.12276839 0.15882300
v -0.13102490 0.12236970 0.16354120
v 0.12521903 0.11585724 0.15563326
v 0.13086756 0.11984447 0.15430419
v 0.15917666 -0.21049493 0.12386857
v 0.13857614 -0.18584074 0.12260595
v 0.11897241 0.11565787 0.16653160
v -0.04330655 0.60734592 0.11635938
v 0.11491876 0.10276597 0.15523453
v -0.05413843 0.24132111 -0.20959407
v 0.24596467 -0.44434407 -0.04013817
v 0.24104713 -0.41350976 -0.00431984
v 0.24410399 -0.43038888 -0.02146479
v -0.12271824 0.33973844 -0.16945628
v -0.13082554 0.35116834 -0.16088380
v 0.25819208 -0.46202067 -0.07841527
v 0.24064841 -0.42706623 -0.05761539
v 0.11079866 0.10230080 0.16068372
v -0.01931690 0.61073495 0.11655876
v -0.00263713 0.61319376 0.10805272
v -0.03081333 0.24138753 -0.20793274
v -0.04011679 0.23859650 -0.21019215
v -0.06477096 0.23534030 -0.20361327
v -0.07600157 0.61046915 0.05316228
v -0.13707215 -0.22491527 0.12154271
v 0.10089712 0.07485558 0.16081662
v 0.13100046 -0.19879911 0.12626090
v 0.13246244 -0.21355175 0.12293822
v 0.13857614 -0.22092807 0.12074527
v -0.08371015 0.61206404 0.04199812
v 0.12668100 0.12236970 0.16354120
v 0.12315898 0.11479400 0.17922418
v 0.10196037 0.09126953 0.17443954
v -0.02290538 0.57691029 -0.11310388
v -0.01380128 0.54946507 -0.12287251
v -0.02569642 0.55105996 -0.12413512
v 0.08435025 0.10509183 0.11875168
v 0.08601158 0.08409259 0.12865321
v 0.07232220 0.09638641 0.12127689
v -0.05380617 0.22211607 -0.20421135
v 0.07963206 0.05877384 0.12878613
v -0.00768758 0.56335379 -0.11410067
v -0.00217195 0.59618168 -0.09762026
v -0.00217195 0.57239141 -0.10652500
v 0.05325010 0.62469021 -0.05621985
v 0.05697148 0.61724747 -0.06751692
v 0.02892819 0.62216497 -0.07449451
v -0.11407931 -0.19733718 0.13084616
v -0.00217195 0.54468040 -0.11523038
v -0.00217195 0.53438009 -0.12067955
v 0.07969851 -0.07160752 0.12659318
v 0.06255356 -0.05472834 0.12453311
v 0.07876817 -0.09566359 0.13097909
v -0.01320320 0.53331692 -0.12971720
v 0.08734064 0.06541920 0.13642825
v 0.10242554 0.08076991 0.15144668
v 0.09106203 -0.07944902 0.12499829
v 0.09438469 -0.06695575 0.12526411
v 0.10169455 -0.07991419 0.13151071
v 0.10282427 -0.07845219 0.14320650
v 0.10083066 -0.06788616 0.13164361
v -0.00669078 0.22171738 -0.20919536
v 0.01450782 0.61757968 -0.08619029
v 0.02474163 0.61232984 -0.08997813
v 0.10235909 -0.10377094 0.12679252
v 0.10515013 -0.11187822 0.13224171
v 0.00327722 0.61585183 -0.08612384
v -0.06530259 0.56109435 -0.11051220
v -0.06264446 0.54175641 -0.12114472
v -0.07473896 0.55537933 -0.10984767
v 0.10076421 -0.08709113 0.12705835
v -0.04862281 0.56089497 -0.11370196
v 0.09671056 0.07671627 0.17563571
v -0.04609759 0.53258595 -0.12539774
v 0.06607558 0.61571899 -0.05595404
v -0.01971562 0.51716876 -0.13855549
v 0.05643986 0.62608572 -0.04206530
v 0.09418534 0.06196363 0.18061969
v -0.02795583 0.21786305 -0.19989189
v -0.05673011 0.59923850 -0.08991167
v -0.04470206 0.60010243 -0.09157301
v -0.06948915 0.59033384 -0.08984522
v -0.01991498 0.20922411 -0.20161968
v 0.27174857 -0.43457545 -0.16068445
v 0.02886174 0.63372783 -0.04379308
v -0.17853902 0.13506228 0.17218013
v -0.19654786 0.12389811 0.19756529
v -0.18292493 0.12157226 0.19909370
v 0.26822651 -0.43430962 -0.13755870
v 0.05152232 0.62827861 -0.03395799
v 0.05770247 0.62429145 -0.01900601
v -0.05952115 0.20742991 -0.19238267
v -0.06470451 0.20350916 -0.18680059
v -0.08324498 0.54800301 -0.10891732
v 0.24516723 -0.43543934 -0.08778519
v 0.26962206 -0.47590938 -0.08751938
v -0.08955805 0.54109186 -0.10625919
v 0.12256089 -0.07320242 0.16859166
v 0.11950404 -0.07772123 0.17031945
v 0.12136473 -0.08556272 0.16593353
v 0.02274803 0.63638590 -0.02013571
v 0.01490655 0.63578789 -0.03382509
v -0.04649630 0.19646512 -0.18680059
v 0.21459872 -0.36832149 0.03475470
v 0.22350345 -0.37868822 0.02571706
v 0.21081087 -0.35084427 0.01515097
v 0.05052551 0.62688310 -0.02292675
v 0.12222863 -0.08582851 0.15669649
v 0.11837434 -0.09473325 0.16440509
v -0.07626738 0.20517047 -0.17723132
v -0.07719773 0.21965732 -0.18095270
v -0.05560041 0.17951952 -0.18268049
v -0.17920355 -0.09965081 0.17716412
v -0.18677923 -0.09785655 0.18141714
v -0.18850700 -0.10343866 0.17862611
v -0.09088711 0.24331469 -0.17763004
v -0.10238353 0.25952926 -0.15782695
v 0.09817253 0.05113173 0.16241151
v 0.11425423 -0.08150908 0.16792711
v 0.11086511 -0.07579406 0.16533543
v 0.09312208 0.04069859 0.17689832
v -0.08417532 0.57757484 -0.08572512
v 0.11319097 -0.08489817 0.16526898
v 0.09697637 0.06076749 0.15144668
v 0.11425423 -0.10091343 0.16168051
v 0.09491632 0.06189715 0.17244593
v -0.08477341 0.61166529 -0.02272739
v -0.09294717 0.60242828 -0.02658167
v 0.04673768 0.10735120 0.11071082
v 0.05803474 0.09419345 0.11675807
v 0.05424690 0.11771793 0.10891658
v -0.09640273 0.25095680 -0.16507036
v -0.10929467 0.57425210 -0.04060332
v 0.11139674 -0.10848906 0.15589908
v -0.08158365 0.59159639 -0.07103894
v 0.07790428 0.61312735 -0.02226222
v 0.06168967 0.62661731 -0.00578179
v 0.08368572 0.61339314 -0.00418692
v 0.07019569 0.62329469 0.01069862
v -0.07553640 0.22344517 -0.18912646
v 0.11638074 -0.08968278 0.16666450
v 0.21213994 -0.39716223 0.05588686
v 0.23765801 -0.41038642 0.03143204
v 0.12555129 0.10210143 0.19583750
v -0.09068775 0.57292300 -0.06984278
v -0.09919377 0.57511602 -0.05575468
v 0.11505167 0.09439283 0.19238193
v -0.10843078 0.26763661 -0.15589981
v -0.07912488 0.23175183 -0.18932582
v 0.00852703 0.63618665 0.02146405
v 0.12741199 0.09113663 0.20028987
v 0.12156409 0.07100125 0.20540678
v 0.03165278 0.63399363 0.01123024
v 0.10654565 0.06887477 0.19630267
v -0.14910020 -0.13387429 0.13018165
v 0.12003567 -0.10383735 0.15490226
v -0.11952848 0.54149062 -0.06379552
v -0.10863014 0.55850270 -0.06193483
v -0.10138673 0.55697422 -0.06951051
v 0.20157387 -0.34605963 0.03900772
v 0.20449781 -0.36466657 0.04671630
v -0.12497766 0.54188937 -0.04053687
v 0.03896264 0.63578789 0.03296048
v 0.05464562 0.62980709 0.04206459
v 0.05364882 0.62887674 0.01315739
v -0.10397841 0.53830084 -0.08140566
v 0.20722240 -0.34532867 -0.01940474
v 0.12375705 -0.10669486 0.13769087
v 0.12016857 -0.11028333 0.14533298
v -0.16371993 -0.12330818 0.13848831
v -0.16843812 -0.11892227 0.14420329
v 0.10063131 -0.11260919 0.12486539
v 0.02334611 0.63545556 0.03335920
v 0.06129095 0.61997195 0.05588687
v 0.06727174 0.62402566 0.03634959
v -0.17328921 0.09891164 0.19630267
v 0.10435269 -0.12197909 0.12632735
v 0.13605091 0.05624861 0.20221703
v 0.22064596 -0.43922716 0.06592131
v 0.23127849 -0.46986216 0.06891169
v -0.19913954 0.10901257 0.20846363
v 0.21280447 -0.45736893 0.09396459
v -0.08118493 0.50879556 -0.13191016
v -0.08802962 0.51284926 -0.12553065
v 0.12555129 -0.12596631 0.13031455
v 0.13458895 -0.09254029 0.14088061
v -0.09693436 0.50819755 -0.12008147
v 0.20137451 -0.37649526 0.05562105
v 0.15405976 0.03212607 -0.10493013
v 0.14947448 0.00175693 -0.11908468
v 0.13246244 0.04488513 -0.12067956
v 0.02653587 0.63399363 0.04791247
v 0.17765069 -0.35669218 0.08220236
v -0.03785738 0.52201985 -0.13496701
v -0.16305539 0.07352649 0.21045722
v -0.13906575 0.06409010 0.19942598
v -0.14963183 0.07425751 0.19809691
v 0.06687303 0.61093432 0.07529124
v 0.07704038 0.59864050 0.08260110
v -0.14345167 0.07558655 0.19610333
v -0.14936601 0.08588679 0.19597040
v 0.04288338 0.62987350 0.05568751
v 0.05245266 0.62229781 0.06485807
v 0.11172900 -0.13659883 0.14672852
v 0.16675234 -0.37071383 0.09934732
v 0.03165278 0.63087039 0.06538969
v 0.07704038 -0.11161243 0.13523208
v 0.17711905 0.03212607 -0.04073624
v 0.17991009 0.04608127 -0.03668259
v 0.18356503 0.03737591 -0.03169859
v 0.09159366 0.58169484 0.07994297
v 0.08488187 -0.12204557 0.13377012
v 0.06321810 -0.11287498 0.13808959
v 0.17592290 0.05724543 -0.04811256
v -0.15973273 0.09226635 0.19484071
v 0.17598935 -0.00036955 -0.06399489
v -0.03081333 0.48560342 -0.15589980
v 0.14595246 -0.37935273 0.11011275
v 0.16834722 -0.39563382 0.10805269
v 0.06700593 -0.12629859 0.14054837
v 0.07152476 -0.13639946 0.14194389
v 0.13771225 -0.42693330 0.12659318
v -0.14139162 0.09970909 0.19743239
v -0.01519680 0.49922634 -0.14765959
v -0.14557818 0.07233035 0.19583750
v 0.09910288 -0.13673173 0.12712480
v 0.06580977 -0.15567091 0.14407040
v 0.04607314 0.61797843 0.08831608
v 0.18854901 -0.38759295 0.08565793
v -0.07128338 0.48719831 -0.14201106
v -0.06297672 0.50308067 -0.13529928
v -0.05367326 0.50015668 -0.13629608
v 0.02421001 0.62356049 0.08917997
v 0.17366348 0.02308844 -0.08074112
v -0.08763090 0.16961797 -0.16646588
v -0.07121693 0.15466595 -0.17497190
v 0.17864748 0.02408526 -0.03522062
v -0.00217195 0.50401101 -0.13775805
v 0.11910532 -0.11227691 0.15663005
v 0.11837434 -0.12191267 0.14825693
v -0.19236130 0.09798130 0.20547323
v -0.19774402 0.08734878 0.21338117
v -0.00509590 0.49364429 -0.15005191
v 0.17260024 0.04814133 -0.07675393
v 0.25174612 -0.45371401 0.04040323
v 0.22862036 -0.41211421 0.04831117
v 0.16502455 0.09000691 -0.08366507
v 0.25021769 -0.43317993 0.01953689
v 0.23938580 -0.43430962 0.04718147
v -0.00403265 0.18563322 -0.19743312
v -0.02769002 0.19978780 -0.19291429
v 0.11212773 -0.11825772 0.15403837
v 0.26144829 -0.45889734 0.00112933
v -0.18378883 0.07910860 0.21517541
v -0.16325476 0.05990356 0.21823226
v -0.03825609 0.20178138 -0.19045552
v 0.10920378 -0.14264612 0.13609598
v -0.20538615 0.07060256 0.22195366
v -0.18744376 0.06907415 0.22288400
v -0.19847500 0.07319421 0.22155494
v -0.03978452 0.19307596 -0.18427537
v -0.02808874 0.13300222 -0.18307921
v -0.09361170 0.52481088 -0.11177481
v -0.21090177 0.09432635 0.21643802
v 0.26204638 -0.50514884 0.05874435
v 0.18755222 0.02867049 -0.02691395
v -0.07899197 0.49557139 -0.13908712
v -0.20605069 0.09771551 0.21484313
v 0.19340012 0.01863604 -0.02093315
v 0.11658009 -0.13021933 0.15091506
v -0.08922577 0.47723034 -0.14360594
v -0.18139651 -0.11207760 0.17324337
v -0.19010189 -0.11021685 0.17437309
v -0.18319074 -0.12304239 0.16759484
v -0.20505388 -0.09805592 0.16121534
v -0.19149741 -0.14257964 0.14945310
v -0.18299138 -0.13566849 0.15995272
v -0.21010433 0.10854740 0.20786557
v -0.10537393 0.47968903 -0.12659390
v 0.16057217 -0.05997818 -0.11954985
v 0.15751534 -0.06163949 -0.13270761
v -0.22884416 0.10801575 0.18839473
v -0.23289781 0.09791489 0.19690074
v -0.06616648 0.46699645 -0.15098226
v 0.01111871 -0.08709113 0.12413439
v -0.03008234 -0.10922009 0.12280533
v 0.00653343 -0.11174532 0.12606153
v 0.16136962 -0.03831439 -0.11091093
v 0.02487454 0.61851002 0.10167319
v 0.01537172 0.61080149 0.11629293
v 0.02613715 -0.09333773 0.12001430
v 0.16894530 -0.21886801 0.11841941
v -0.22093622 0.10422790 0.20434351
v 0.16841366 -0.01591964 -0.09336725
v 0.02573843 -0.10922009 0.12280533
v 0.03683614 -0.12636501 0.12546346
v 0.03896264 -0.09566359 0.12293822
v 0.14635117 -0.22425075 0.11915041
v -0.10882950 0.47457215 -0.11662590
v 0.16170189 -0.07094298 -0.10645856
v 0.04514280 -0.13407360 0.13230816
v -0.17714349 -0.12463722 0.16500316
v 0.16276515 -0.05266834 -0.09482922
v -0.01054507 0.16430171 -0.19112006
v 0.20064352 -0.20650771 0.11130892
v 0.18223596 -0.24923719 0.09217036
v -0.17388729 -0.11659641 0.16340830
v -0.17215950 -0.12118164 0.15702877
v 0.03876328 -0.14975658 0.12778931
v -0.13022747 0.51264989 -0.04399244
v -0.14311941 0.50740004 -0.03302765
v -0.13467983 0.52394695 -0.02412290
v 0.14588600 -0.27196422 0.09894859
v 0.03451027 -0.06821837 0.11822003
v 0.12349124 -0.20291924 0.12871965
v 0.11923823 -0.23235804 0.12685897
v 0.17731841 -0.02675153 -0.05043842
v 0.18456182 -0.03446013 -0.03488835
v 0.18496054 -0.05067470 -0.03940717
v 0.14508857 0.46985402 -0.07083958
v 0.14356014 0.46779396 -0.07642165
v 0.14309497 0.47769551 -0.06645366
v 0.15040483 0.46506935 -0.07030795
v 0.12807652 -0.13885827 0.12692542
v 0.10461850 -0.14457322 0.12632735
v 0.17353058 -0.05207021 -0.06446007
v 0.17007500 -0.03791570 -0.07442807
v -0.21814518 -0.12443790 0.14127934
v -0.23721727 -0.09533131 0.13476691
v -0.23515723 -0.11799193 0.11483094
v 0.13472184 0.49477401 -0.05362817
v 0.13671544 0.48985638 -0.05967542
v 0.13399086 0.49743207 -0.06093803
v -0.11434512 0.50912789 -0.09110783
v -0.12238598 0.51052341 -0.08612384
v -0.11494321 0.53358271 -0.07575712
v -0.21508833 0.06389079 0.22427951
v -0.22558795 -0.08968278 0.15669649
v -0.20438935 -0.08217356 0.16872456
v -0.22891061 -0.07326883 0.16201279
v -0.22033814 0.07638399 0.22235238
v -0.22379371 -0.02309658 0.18181586
v 0.18024235 0.00208920 -0.03030307
v -0.24147029 0.07751371 0.19457489
v -0.13009455 0.52560826 -0.04977388
v 0.08355280 -0.23667751 0.13988382
v 0.11525103 -0.20125793 0.12918486
v -0.13494565 0.51052341 -0.06333035
v 0.14482274 -0.24691133 0.10904948
v 0.13033593 -0.26299301 0.11283733
v -0.22140139 0.08914305 0.21490961
v -0.23223327 0.06940636 0.21537478
v -0.13594245 0.49929276 -0.05130231
v 0.14515502 0.49377712 -0.04113495
v -0.13055973 0.51803269 -0.04744802
v 0.09857125 -0.26711313 0.13197588
v -0.24107157 0.06462175 0.20062214
v 0.15791404 0.47477152 -0.02711331
v 0.15638562 0.47437277 -0.04618540
v 0.08421734 -0.17115458 0.14314002
v 0.07092668 -0.22498172 0.14068127
v -0.04410398 0.09911102 -0.18022172
v -0.03679412 0.07332711 -0.18002236
v -0.05673011 0.07359297 -0.17995590
v 0.13312697 -0.02582119 -0.15364040
v 0.12920622 0.50381163 -0.04957452
v 0.11717818 -0.00090120 -0.15862439
v 0.11930468 -0.02695091 -0.17085180
v 0.16575554 0.45151284 -0.04572023
v 0.15552172 0.08289639 -0.09788608
v -0.23728374 -0.07971481 0.14539946
v -0.23037259 -0.09659393 0.14885503
v -0.13820186 0.04674581 -0.11861951
v -0.12351568 0.03817336 -0.13822323
v -0.14338522 0.02262327 -0.12021439
v 0.08933424 0.12529363 -0.16274450
v 0.10614693 0.05910612 -0.15091581
v 0.02753267 -0.20119145 0.12134337
v 0.00095135 -0.23780723 0.12566280
v 0.02460873 -0.26286011 0.12360277
v -0.14438202 0.00275375 -0.12818878
v 0.00002101 0.14509673 -0.18699995
v -0.00921600 0.12702141 -0.18354438
v 0.11133028 -0.14935789 0.14074772
v 0.11325743 -0.14503839 0.14520008
v 0.11784271 -0.14131702 0.14373812
v -0.14996409 0.06375789 -0.10758826
v -0.06829299 0.09219987 -0.17676614
v -0.07088467 0.03837267 -0.18155078
v -0.08304562 0.07060256 -0.17224732
v -0.09175101 0.09718386 -0.16507036
v -0.16378638 0.03219255 -0.09974677
v 0.11890596 -0.16504088 0.13828893
v 0.12415577 -0.15387671 0.12725769
v -0.22113558 -0.14111765 0.12373567
v -0.20904107 -0.13573497 0.14088061
v 0.10887151 -0.15175016 0.12891903
v -0.17156142 -0.00289479 -0.09695573
v -0.17621315 0.01258882 -0.08685483
v -0.05393907 0.01139268 -0.18739867
v -0.04031615 -0.00834394 -0.19231622
v -0.08889351 -0.00987241 -0.19072134
v 0.13186435 -0.17042355 0.12293822
v -0.11806651 0.47144891 -0.10845215
v -0.13434757 0.48640080 -0.08977877
v 0.12661454 -0.17321458 0.12745707
v 0.09345435 0.50387805 -0.12207507
v 0.07883462 0.56720812 -0.09443050
v 0.09757445 0.52640577 -0.09356661
v -0.13700570 0.50002372 -0.07376353
v 0.06992988 0.53796863 -0.11981566
v 0.06042705 0.55225610 -0.11549620
v -0.17249176 0.04262569 -0.08625675
v -0.01074443 0.04461934 -0.17583580
v -0.00549462 0.01212365 -0.18088625
v -0.14119226 0.48726473 -0.06459297
v 0.20124161 0.06747926 -0.03262893
v 0.12196282 -0.17799925 0.13509918
v -0.18923800 -0.09114477 0.18520499
v -0.19189613 -0.07978129 0.18925863
v 0.20423200 0.01591150 -0.01229422
v 0.18668833 0.00268727 -0.02345837
v 0.03065598 0.59917209 -0.09755381
v 0.01842857 0.59239390 -0.10453140
v 0.01623561 0.56109435 -0.12008147
v 0.02720041 0.55956600 -0.12101182
v 0.00600180 0.55139217 -0.12048019
v -0.18146296 0.03212607 -0.04073624
v -0.18026680 0.05724543 -0.04811256
v -0.18079842 0.01963287 -0.06904534
v 0.11777625 -0.17035713 0.13868766
v 0.04853192 -0.24910429 0.13011520
v 0.05045906 -0.19634036 0.13516563
v 0.11020058 -0.15939234 0.13164361
v 0.11425423 -0.15759807 0.14174451
v -0.18299138 0.02408526 -0.03522062
v -0.18790893 0.03737591 -0.03169859
v 0.22297183 0.08754816 0.01920465
v 0.22018079 0.01092751 0.01641360
v 0.22210794 0.06409010 0.01222705
v 0.21233930 0.05332469 -0.01043353
v 0.04660477 0.57292300 -0.10566111
v 0.03577288 0.56348675 -0.11775561
v 0.08634385 -0.29123567 0.13077972
v -0.18425400 0.04608127 -0.03668259
v -0.19189613 0.02867049 -0.02691395
v -0.18425400 -0.07552827 0.18912573
v 0.10734309 -0.16098723 0.12845386
v -0.19036770 -0.06855064 0.19384389
v -0.00356747 0.03538233 -0.17444028
v -0.19887373 -0.08290459 0.18002162
v -0.19854145 -0.05658909 0.19304648
v 0.10940314 -0.16823059 0.12978293
v -0.02616159 0.05578344 -0.17829457
v -0.19302583 -0.09692620 0.18088552
v -0.07367570 0.00826938 -0.18846193
v -0.19774402 0.01863604 -0.02093315
v -0.14218907 0.48473949 -0.07848171
v -0.14205615 0.48706535 -0.07376353
v -0.14790405 0.46779396 -0.07642165
v -0.17860547 -0.07453145 0.18267975
v 0.11299162 -0.17328106 0.13569725
v 0.11332389 -0.16417695 0.13875410
v -0.17933645 -0.00694843 -0.06632076
v -0.18319074 -0.00615098 -0.03794520
v 0.04374728 0.54660750 -0.11842014
v -0.17362146 -0.06808547 -0.07515905
v 0.05218685 0.58780860 -0.09762026
v 0.07345190 0.58249234 -0.08891487
v 0.07026215 0.59491913 -0.08153856
v 0.07903398 0.58481820 -0.07861461
v 0.09053040 -0.34426540 0.12758997
v 0.00666634 0.06907415 -0.17543708
v -0.15082799 -0.03964349 -0.14280851
v -0.14252132 0.47324305 -0.09064266
v 0.08607803 0.58182780 -0.05874507
v 0.07684102 0.60129856 -0.04366018
v 0.09245755 -0.16318019 0.13782376
v 0.05371527 0.59578293 -0.09190528
v -0.09401041 0.04820781 -0.16879175
v -0.12816741 -0.04628878 -0.17404156
v -0.13374949 -0.02017266 -0.15503592
v -0.16657742 -0.03213427 -0.10858506
v -0.16830521 -0.03957701 -0.10021194
v 0.04893064 -0.32034223 0.12832096
v -0.09494076 0.01770570 -0.17656679
v 0.08634385 0.60422255 -0.02811010
v -0.17063108 -0.04110542 -0.08226955
v 0.10289071 0.58023291 -0.03588514
v 0.10222618 0.57684375 -0.04492279
v 0.10820698 -0.18085676 0.13044744
v -0.09407687 0.60561806 -0.01169613
v -0.10524102 0.58880536 0.00451847
v 0.08474896 0.57179341 -0.07522549
v -0.09640273 0.60256124 0.00126226
v -0.16106180 -0.05353221 -0.13071401
v 0.01297940 -0.27947344 0.12852031
v -0.00217195 -0.28166639 0.13097909
v 0.02633651 -0.30293146 0.12971648
v -0.11022502 0.57830580 -0.02299320
v 0.05198749 -0.36154327 0.13131134
v 0.09219173 0.60050118 -0.02033507
v 0.10495077 -0.38413737 0.12971648
v 0.19246976 -0.47032733 0.12632735
v -0.10949403 0.57279017 -0.01136387
v -0.12663899 0.54767080 0.00086353
v -0.10969340 0.58176138 0.02259376
v 0.17273313 -0.46667238 0.13370367
v -0.03101268 -0.03014063 -0.20042352
v -0.05599913 -0.02582119 -0.20075579
v -0.18810830 -0.01379316 -0.02857528
v -0.01380128 -0.03725115 -0.20228421
v -0.04476852 -0.07745537 -0.22069178
v 0.22689258 -0.02216624 0.03694767
v 0.22742420 -0.05499420 0.02771067
v 0.22430090 0.05485310 0.06219994
v -0.08291272 -0.04542492 -0.20427782
v -0.16810584 -0.09446745 -0.09715509
v -0.16837165 -0.08582851 -0.08931360
v 0.10468496 0.55896787 -0.06133676
v 0.22589577 0.03930308 0.09861634
v 0.22888617 0.00474733 0.10087576
v 0.22469962 0.01185786 0.08997742
v 0.07836945 -0.37742560 0.13297267
v 0.11810852 -0.18810018 0.13423529
v -0.10132028 -0.05492772 -0.19789830
v 0.22383573 0.03298999 0.07083886
v 0.22303828 0.01903480 0.07715192
v 0.09810607 -0.43012308 0.14413684
v -0.10357969 -0.03333041 -0.19118651
v 0.10029904 -0.20185600 0.13782376
v 0.22722484 0.06030232 0.09349944
v -0.11853169 -0.06728802 -0.18593670
v 0.04407954 0.59830816 -0.09163946
v 0.11186191 -0.17886311 0.13177651
v 0.22862036 0.03119573 0.11077726
v -0.10271580 0.58016649 0.03767866
v -0.05633139 0.00321892 0.11051147
v -0.03254111 0.02827180 0.10340098
v -0.03945225 0.05943839 0.10858431
v -0.17089689 -0.18942921 0.13283978
v -0.15554618 -0.16676866 0.12619445
v -0.16990008 -0.16862935 0.13622890
v -0.01532971 0.04116376 0.09994540
v -0.01094379 -0.00395802 0.11044502
v -0.11899686 0.54574370 -0.02438871
v -0.02137696 -0.02170107 0.11190698
v 0.00221396 -0.00468905 0.11057792
v -0.17348857 -0.13985503 0.15290868
v -0.17534925 -0.15773097 0.14506719
v -0.17574797 -0.17221782 0.13955155
v -0.05420489 0.02694271 0.11203988
v -0.06211283 0.02381941 0.11503028
v -0.07400797 -0.00090120 0.11795424
v -0.14810341 0.50560590 0.02232795
v -0.15235641 0.49716628 0.01947046
v 0.06919889 0.52507667 -0.12646099
v -0.01087734 0.07133353 0.09629048
v -0.02051306 0.06455527 0.09901506
v -0.11414576 0.56355316 0.02870746
v -0.20558551 0.06747926 -0.03262893
v -0.11600646 0.56268924 0.05508943
v -0.22578731 0.05651447 0.01162896
v -0.22791382 0.03405323 0.02518544
v -0.22831254 0.04628064 0.03840965
v -0.22977451 0.01830383 0.04206459
v -0.15062863 -0.20318503 0.12340340
v 0.07737265 0.47304380 -0.14832413
v 0.07451516 0.50234970 -0.13603026
v -0.22645184 0.00135823 0.02192922
v 0.00493855 -0.36579626 0.14473491
v 0.02022281 -0.38586516 0.14493429
v 0.22031370 -0.02030556 0.06565550
v 0.06640785 0.48739769 -0.14181170
v -0.07414087 -0.05758585 -0.21045797
v -0.00217195 -0.42972436 0.15569970
v 0.09558085 0.45756007 -0.14533373
v 0.08773937 0.47762897 -0.14161235
v 0.09697637 0.47490448 -0.13556509
v -0.00217195 -0.16690156 0.12699190
v -0.07181501 0.59305845 0.10911599
v 0.22430090 0.07990598 0.04804538
v 0.22436734 0.11459463 0.04904217
v -0.09195036 0.59319128 0.06950979
v -0.09846279 0.58840673 0.05648496
v -0.09859569 0.58103041 0.07662030
v 0.22556351 0.08788044 0.08240173
v 0.03696904 -0.45045778 0.15822494
v 0.21586132 -0.01033759 0.00598043
v 0.19752022 -0.01917584 -0.01893956
v 0.21832010 -0.04329838 0.00465137
v 0.10986831 0.49636890 -0.09742090
v 0.11598202 0.47875869 -0.10433204
v 0.10136229 0.49444167 -0.10765470
v -0.09720017 0.57445148 0.08386371
v 0.09923579 0.50301413 -0.10552820
v -0.07905842 -0.08449948 -0.21637231
v -0.08410888 0.60202966 0.04910863
v -0.23303072 -0.05220317 0.03608378
v 0.09830544 0.49822958 -0.11496457
v 0.22576287 -0.05319993 0.05336164
v -0.20844301 0.02408526 -0.01422137
v 0.10162811 0.48042012 -0.12400222
v -0.21874327 0.00069369 0.00312294
v -0.12570864 -0.13546911 -0.18374374
v -0.14591045 -0.16982548 -0.19138587
v -0.14032837 -0.12503597 -0.17590225
v -0.12437957 0.54913273 0.03860901
v -0.13301850 -0.09779013 -0.17357639
v -0.20598422 -0.02289727 -0.01661369
v -0.10544038 0.55531292 0.09283491
v -0.09028903 0.56494868 0.11124247
v -0.11507611 -0.09592944 -0.19085425
v -0.10198481 -0.09028091 -0.20407845
v 0.21818719 -0.01984038 0.07987652
v 0.21645940 -0.03990928 0.07588931
v -0.10736752 0.56541385 0.07449379
v 0.00420756 0.52361474 -0.13177725
v 0.01364393 0.53531043 -0.13004947
v 0.22742420 -0.03299814 0.09509431
v 0.22410153 -0.01977397 0.09343299
v 0.23333854 -0.00369223 0.10685652
v 0.03052307 0.53850022 -0.12865395
v 0.21931690 -0.01166662 0.08645539
v 0.06434780 -0.47364998 0.16108244
v 0.09564731 -0.47564359 0.16234503
v 0.21712394 -0.03432723 0.08167075
v -0.08091911 -0.11633056 -0.22361572
v -0.17720995 -0.14071896 0.15550036
v 0.23646186 -0.03625433 0.10499583
v 0.04793384 0.53218720 -0.12313833
v 0.04760157 0.52507667 -0.12566355
v 0.03710195 0.52474446 -0.13217597
v 0.04986098 0.50613749 -0.13330568
v 0.22038015 -0.02987483 0.08937933
v -0.00217195 -0.49650992 0.17942352
v -0.11839877 -0.16085427 -0.20474299
v 0.03723485 0.48713189 -0.15197906
v -0.13461338 -0.20451413 -0.21657167
v -0.12537637 -0.16756611 -0.19710086
v -0.10291516 -0.19653974 -0.24049486
v -0.09560530 -0.16072137 -0.22853327
v -0.13541083 0.30511628 -0.14068200
v 0.04441181 0.47836006 -0.15284295
v -0.06217928 -0.15806325 -0.24195684
v 0.27161564 -0.49212400 -0.04113497
v -0.09015612 -0.24279121 -0.26734200
v -0.05008478 -0.25236049 -0.27398733
v -0.12803451 0.53045935 0.06060505
v 0.21572842 -0.06250342 0.07150339
v 0.21506389 -0.05512710 0.07808227
v 0.01869438 -0.25349021 -0.27272471
v 0.21752266 -0.04309907 0.08386371
v 0.30304805 -0.52036665 -0.10273717
v 0.31261733 -0.54515373 -0.08612385
v 0.31720263 -0.54103364 -0.11410069
v -0.12338277 0.15752345 -0.14207752
v -0.09048839 0.22271414 -0.16061799
v -0.13388240 0.53119044 -0.01209486
v -0.16139406 -0.18477750 -0.19138587
v 0.22749066 -0.06356666 0.08765154
v -0.09739953 0.24557406 -0.15576690
v -0.16146052 0.47636641 -0.02312611
v -0.16797293 -0.20391606 0.12672607
v -0.17674478 -0.19846684 0.12878613
v -0.12657253 0.26378228 -0.13782451
v -0.12570864 0.24776702 -0.13815677
v -0.13800249 0.52447854 0.03222950
v -0.16079599 -0.15693353 -0.17669969
v -0.22984097 0.05817578 0.07768354
v -0.23263200 0.06256169 0.09974604
v -0.23110357 0.08276349 0.09077484
v 0.31394640 -0.55093517 -0.04930872
v 0.32976228 -0.57253250 -0.06784920
v 0.23852190 -0.05446255 0.10473004
v -0.23030614 0.00428216 0.05123513
v -0.22405952 -0.01452413 0.06718392
v 0.33620826 -0.59844928 -0.03043598
v 0.34744477 -0.61865109 -0.03812622
v 0.23387018 -0.08556272 0.08771799
v -0.22904352 0.01185786 0.08997742
v 0.32511057 -0.57339639 -0.03748004
v -0.22538859 0.00441506 0.07947779
v 0.21905109 -0.06569320 0.08220237
v 0.34099290 -0.59585760 -0.08260183
v 0.34975963 -0.61865109 -0.05788802
v 0.34963934 -0.61865109 -0.07380492
v 0.23911999 -0.06994615 0.11509673
v -0.20139894 -0.19760298 0.11782134
v 0.21579487 -0.07233849 0.07449379
v 0.34524592 -0.60748694 -0.09908225
v 0.35392915 -0.61865109 -0.12852972
v 0.35441837 -0.61865109 -0.12997885
v 0.34924829 -0.61865109 -0.04882592
v 0.34863501 -0.59359819 -0.13868841
v -0.10397841 0.51451057 0.10041057
v -0.10530748 0.54561074 0.10154029
v -0.11314896 0.52494371 0.09396461
v 0.04394664 0.01876901 0.10725524
v 0.05185458 0.02627822 0.11270443
v 0.03318120 0.04574899 0.10805269
v 0.02680169 0.06302686 0.10426487
v 0.01098580 0.04116376 0.09994540
v 0.05770247 0.50215033 -0.13543219
v 0.28105202 -0.51019930 -0.02033509
v 0.27925779 -0.50016485 -0.00558244
v 0.28909286 -0.52508484 -0.02292677
v -0.00217195 0.08528872 0.09330008
v -0.00070998 0.04348962 0.10041057
v 0.29640273 -0.53578383 0.01847365
v 0.11113093 0.53152265 -0.07668746
v 0.30942758 -0.56887756 -0.00664570
v 0.32112334 -0.58768385 -0.01521819
v -0.14072709 -0.18889756 0.12293822
v -0.14159098 -0.20145724 0.12320405
v 0.04534216 0.00906677 0.10805269
v 0.02819720 0.02827180 0.10340098
v 0.02600425 0.00202272 0.10938175
v 0.27553639 -0.49411760 0.02565059
v 0.28989030 -0.53266051 0.04027032
v 0.01623561 0.00268727 0.10944820
v 0.31128827 -0.58150369 0.03475470
v -0.22844544 -0.01977397 0.09343299
v -0.23735019 -0.00987241 0.10473004
v -0.22253110 -0.01984038 0.07987652
v 0.30650363 -0.55924184 0.00644560
v -0.20412354 -0.15799683 0.13230816
v 0.12202926 0.52594060 -0.03236312
v 0.12016857 0.53112389 -0.03515415
v 0.11957050 0.54308551 -0.03867618
v 0.05198749 0.00321892 0.11051147
v 0.12482031 0.51716876 -0.03874263
v 0.12834233 0.51464353 -0.06512460
v 0.01703305 -0.02170107 0.11190698
v -0.19894017 -0.03333041 -0.02425582
v -0.17049816 -0.17873021 -0.17789585
v -0.21415799 -0.17161975 0.11722324
v -0.17760867 -0.20072628 -0.17982300
v -0.19787692 -0.05831688 -0.03050243
v 0.31740197 -0.59100651 0.01940399
v 0.32994442 -0.61865109 0.03412217
v 0.11186191 0.55577809 -0.01820856
v 0.32989426 -0.61865109 0.03469011
v 0.29148519 -0.55512173 0.05588686
v 0.29573818 -0.59233557 0.07688610
v -0.23276491 -0.15208244 0.10060992
v 0.30823142 -0.60177194 0.06831363
v 0.16655298 -0.12284301 -0.12739135
v 0.16409421 -0.09785655 -0.11257226
v 0.16402775 -0.08755630 -0.09462987
v 0.33010064 -0.61865109 0.00105632
v 0.31574063 -0.59339883 0.00292356
v 0.11618138 0.50421039 -0.09110783
v 0.33104118 -0.61865109 0.00613093
v 0.16342968 -0.09526490 -0.10625919
v -0.15395129 -0.11373891 -0.16507037
v 0.33258217 -0.61865109 -0.00428020
v 0.33682416 -0.61865109 -0.01154812
v -0.13208816 0.53331692 0.04585242
v 0.16422711 -0.11759317 -0.14207752
v -0.14119226 0.49876117 0.04286202
v 0.27002078 -0.56203288 0.08406306
v 0.27553639 -0.58396246 0.09044257
v 0.30417777 -0.61353418 0.08785089
v 0.28384305 -0.59718668 0.09050902
v 0.15206617 -0.09081250 -0.15589981
v 0.14216461 -0.07047781 -0.16121607
v 0.15817987 -0.10802389 -0.15297586
v -0.14252132 0.31834045 -0.13337214
v -0.12756933 0.50833039 0.06911107
v 0.14375950 0.46580031 -0.08293408
v -0.15003054 0.33973844 -0.13277406
v -0.15089443 0.31840686 -0.11649300
v 0.28763090 -0.61473034 0.11363477
v -0.11946203 0.51863069 0.08439533
v -0.14351813 0.31010026 -0.12705908
v 0.30736698 -0.61865109 0.09013294
v 0.30557902 -0.61865109 0.09145804
v -0.13587600 0.48321115 0.04970672
v -0.11979429 0.50141936 0.07263309
v 0.13884195 0.47138237 -0.09137365
v 0.12541838 0.47749613 -0.10147455
v 0.31901711 -0.61865109 0.07241936
v 0.32911155 -0.61865109 0.03668087
v 0.26058440 -0.42307904 -0.18925937
v 0.30311450 -0.47896624 -0.17045309
v 0.29673500 -0.47278608 -0.20015771
v 0.17054017 -0.12410563 -0.09303499
v 0.16542328 -0.13028575 -0.11164191
v 0.26051795 -0.42307904 -0.21205285
v 0.28032102 -0.46401425 -0.26202574
v 0.31005994 -0.61865109 0.08532995
v -0.17740931 -0.18225227 -0.16181416
v 0.14136718 -0.12776058 -0.17470609
v -0.22984097 -0.01744805 0.05469070
v 0.16602135 -0.13606724 -0.14613118
v -0.09859569 0.53564277 0.11057792
v -0.23176810 -0.03299814 0.09509431
v -0.17714349 0.29614507 -0.10486367
v -0.15687524 0.29288887 -0.11729044
v -0.17202659 0.27507935 -0.11024639
v -0.17541572 -0.15932586 -0.14128008
v 0.14189880 -0.25129725 -0.23836836
v 0.13791161 -0.22265586 -0.22109050
v 0.17020792 -0.09460035 -0.08313344
v -0.15873593 0.32917234 -0.10340170
v 0.18323275 -0.08642658 -0.05422626
v 0.14920867 -0.28738138 -0.25896888
v 0.12947203 -0.30100430 -0.28561665
v -0.18485208 0.30159423 -0.09655701
v -0.19448781 0.32119789 -0.08167147
v -0.19415554 0.33163116 -0.07655456
v -0.22485697 -0.03957701 0.06558905
v -0.12437957 0.47404056 0.04631759
v -0.11859813 0.48341040 0.05648496
v 0.18422956 -0.23142770 -0.16095026
v -0.15660942 0.46666424 0.02319184
v -0.10956049 0.49537201 0.08399661
v -0.22146784 -0.03432723 0.08167075
v -0.22472406 -0.02987483 0.08937933
v -0.11607291 0.48507183 0.06166830
v -0.11255089 0.48075233 0.07409507
v -0.11886395 0.49351133 0.06565550
v 0.19479563 -0.11559959 -0.02897401
v 0.17592290 -0.15367733 -0.08738645
v 0.16801496 -0.25986971 -0.22667258
v -0.11181990 0.49145127 0.07635448
v -0.24034059 0.00474733 0.11669162
v 0.18383084 -0.25847419 -0.20760048
v -0.24080576 -0.03625433 0.10499583
v -0.23668566 -0.04143769 0.09781891
v 0.19001099 -0.30426053 -0.23524505
v -0.22957514 -0.04203576 0.05495653
v 0.18449537 -0.25016753 -0.12320479
v 0.17306541 -0.30552314 -0.25179192
v 0.15764823 -0.30984261 -0.26980077
v 0.15758179 -0.27641658 -0.24129230
v 0.17180279 -0.16464212 -0.10858506
v 0.17220151 -0.18271744 -0.12612873
v -0.22977451 -0.05898136 0.08745218
v -0.21940780 -0.05512710 0.07808227
v 0.13963940 0.31275839 -0.12679326
v 0.13718061 0.30664469 -0.12938494
v 0.14090201 0.32525160 -0.13323923
v 0.17765069 -0.21022908 -0.10805343
v 0.17353058 -0.19826753 -0.12619519
v -0.24220128 -0.05984529 0.10074285
v 0.14475629 0.33528611 -0.12566355
v 0.14575310 0.33867514 -0.13363795
v 0.14681635 0.49537201 0.02611580
v 0.14768025 0.49809662 0.00917020
v 0.13545284 0.52095655 0.02571707
v 0.15392685 0.47689800 0.01933756
v 0.15824632 0.47623345 0.00046481
v -0.22598667 -0.05732005 0.06226639
v 0.14967385 0.49271395 -0.02159769
v 0.15904376 0.47158174 -0.01834147
v 0.34565586 -0.61865109 -0.10048972
v 0.34648163 -0.61865109 -0.09678123
v 0.34905186 -0.61865109 -0.08441661
v 0.35525958 -0.61865109 -0.13567725
v 0.20735531 -0.31874734 -0.21158768
v 0.20742176 -0.33715490 -0.23750447
v 0.35359517 -0.61865109 -0.15183137
v 0.35447487 -0.61865109 -0.16599401
v 0.34836922 -0.58323148 -0.16201352
v -0.22007233 -0.06250342 0.07150339
v 0.17705260 -0.20571026 -0.09429760
v 0.34377388 -0.61865109 -0.03035550
v 0.14130072 0.29787286 -0.12559710
v 0.14874349 0.33754542 -0.11463231
v 0.19512790 -0.27502107 -0.16845949
v 0.19845057 -0.30266564 -0.15224488
v 0.21194057 -0.32878179 -0.18188305
v -0.16099535 -0.08330328 -0.14599827
v -0.16970072 -0.13287746 -0.14912157
v -0.16710905 -0.08808795 -0.12553065
v 0.19778603 -0.29190019 -0.20660368
v -0.17554861 0.34259589 -0.08080757
v -0.16744131 -0.08788858 -0.11403423
v 0.21865236 -0.34320216 -0.20447718
v -0.07214728 0.47450573 0.10964758
v -0.09361170 0.47676517 0.09861634
v -0.07892551 0.46055047 0.09821761
v -0.15368548 0.49490684 0.00737596
v -0.20485452 0.31721073 -0.06638720
v 0.13784516 0.50899493 0.03920708
v -0.16571352 -0.07174042 -0.10373397
v 0.34104379 -0.61865109 -0.02382742
v 0.30268881 -0.61865109 0.09749752
v -0.20837654 0.30378718 -0.05934316
v -0.20299383 0.31754307 -0.04399244
v -0.16491608 -0.07938254 -0.09276918
v -0.19913954 0.33276088 -0.05980833
v -0.15341967 -0.07134167 -0.15344104
v -0.15993209 0.48148330 -0.00498436
v 0.24450269 -0.51538265 0.07735127
v 0.23406954 -0.37782432 -0.18294631
v 0.21991498 -0.49717445 0.11363477
v 0.23293983 -0.49252272 0.07821516
v -0.20618358 0.27561100 -0.06844726
v 0.24124650 -0.53006883 0.10313515
v 0.15578755 0.45503496 0.01986918
v -0.21628448 0.25208652 -0.03947362
v -0.21156631 0.29109460 -0.04518860
v 0.17532481 -0.18863177 -0.08213664
v 0.26623293 -0.54721379 0.07821516
v -0.21435735 0.27826913 -0.03329346
v -0.08517212 0.45018375 -0.15689660
v 0.26131538 -0.56402647 0.09861632
v -0.10856368 0.45250973 -0.13842259
v -0.11560774 0.42712457 -0.14134653
v -0.11241798 0.44898761 -0.12852105
v 0.17984364 -0.20657419 -0.06698530
v 0.19114069 -0.19062535 -0.03189795
v 0.10814052 -0.24000018 -0.25803854
v 0.07936625 -0.20936521 -0.25458296
v -0.18339010 -0.12370688 -0.07369708
v -0.10922822 0.42665940 -0.15364039
v 0.09139429 -0.23189287 -0.26082957
v -0.18863992 -0.10323928 -0.05675149
v -0.19435490 -0.08071163 -0.03967299
v 0.21519679 -0.07160752 -0.00677860
v 0.22337055 -0.08230652 0.01049926
v 0.21832010 -0.09991661 -0.00000038
v -0.20472162 0.28876875 -0.01382264
v -0.12099045 0.45171222 -0.11709107
v -0.13062618 0.46619907 -0.10831924
v -0.15448292 0.22437551 -0.12174281
v -0.20000343 -0.10563162 -0.03256249
v -0.20764556 -0.08004708 -0.02206286
v -0.13554373 0.44699409 -0.11443294
v 0.26317608 -0.58250048 0.12320405
v -0.18325719 0.22543875 -0.09456341
v -0.17335565 -0.12629859 -0.09735445
v -0.12816741 0.43981715 -0.12134409
v 0.27895121 -0.61865109 0.14488188
v 0.27819451 -0.61732203 0.14466846
v 0.27773790 -0.61865109 0.14627226
v 0.07810363 -0.30007396 -0.29551821
v 0.13625027 0.47178112 0.04186523
v 0.29071890 -0.61865109 0.11488386
v 0.01962473 -0.31382981 -0.29531885
v 0.13844323 0.48307819 0.04159940
v 0.28780625 -0.61865109 0.12003572
v -0.18837411 0.26850047 -0.09476277
v 0.03829811 -0.33881624 -0.31133409
v -0.17415310 -0.14796238 -0.10831925
v -0.00257067 -0.26930609 -0.27491767
v -0.19349100 0.23952684 -0.08027595
v -0.01626005 -0.30279853 -0.28940449
v 0.13578510 0.49703345 0.04512144
v 0.09504923 -0.35277144 -0.32675126
v 0.13219663 -0.34552801 -0.31625164
v 0.11897241 -0.27362556 -0.27265826
v 0.24669565 -0.55831149 0.12991582
v 0.20463072 -0.51498393 0.14234261
v 0.20257067 -0.55040354 0.16267730
v -0.14212260 0.41283710 -0.12745779
v 0.15047127 -0.48049468 0.14214323
v -0.14783758 0.42240632 -0.11223998
v 0.13737997 -0.49345307 0.15417129
v -0.20046860 0.23939394 -0.07150412
v -0.18159587 -0.19281831 -0.07236801
v -0.13707215 0.37675288 -0.14991901
v -0.13281914 0.41881791 -0.13397021
v -0.12776869 0.39456234 -0.15124807
v -0.18844055 -0.18205289 -0.05369463
v -0.19933890 -0.17985993 -0.01927183
v 0.22111113 -0.11719448 0.01129669
v 0.22948426 -0.10064764 0.03940643
v -0.20598422 0.23892877 -0.06658657
v 0.20443136 -0.11094788 -0.01601562
v 0.22755711 -0.07665799 0.02511899
v -0.11713616 0.43636157 -0.12951784
v 0.16422711 -0.40713023 -0.35731977
v 0.16070509 -0.37888756 -0.33120363
v 0.16602135 -0.35569536 -0.30149900
v 0.17539126 -0.35170817 -0.28515148
v 0.19406465 -0.39536799 -0.31505547
v -0.20737975 0.22690074 -0.06060577
v -0.19561751 0.21434106 -0.07349772
v -0.11607291 0.40964732 -0.15510236
v -0.18697858 0.20450592 -0.08751937
v 0.14302851 -0.46128967 -0.41606449
v 0.16821430 -0.44467635 -0.39366973
v -0.17740931 -0.19069183 -0.12752425
v 0.21061151 -0.15274699 0.00684431
v -0.17933645 -0.18730273 -0.14646344
v -0.21960716 0.22989115 -0.03209731
v -0.22047105 0.22703364 -0.01973699
v 0.19572597 -0.43517352 -0.36263604
v -0.21588577 0.21447396 -0.04020462
v -0.20718039 0.20330979 -0.06432716
v -0.21329409 0.22404324 -0.04213176
v -0.14418266 0.44573141 -0.10652500
v 0.20775402 -0.46281808 -0.38303720
v 0.09405242 0.58528337 0.04153295
v 0.10136229 0.57644512 0.03468827
v 0.09013169 0.60548523 0.02432154
v 0.08614448 0.60355800 0.04086842
v 0.18290050 -0.47610876 -0.41991879
v 0.18914710 -0.54409049 -0.48617272
v 0.16316385 -0.53757806 -0.48849858
v -0.20937335 0.24451083 -0.05263138
v 0.09870416 0.59332424 0.02531835
v 0.22363636 -0.46115677 -0.35213642
v 0.25141384 -0.43417672 -0.28601538
v 0.26982140 -0.52402159 -0.36230377
v 0.23745865 -0.09367001 0.10439777
v 0.23486697 -0.11234339 0.08951223
v -0.14305294 0.39868246 -0.13450184
v 0.09611248 0.59452038 -0.00159523
v 0.10309008 0.57790705 -0.00857283
v -0.19641496 0.20025297 -0.07615585
v 0.22536415 -0.09553069 0.07183565
v 0.23679411 -0.51325616 -0.39054642
v -0.14856858 0.45456966 -0.09589247
v 0.10714373 -0.40500372 -0.36622451
v 0.16967628 0.29587921 -0.10665791
v 0.16010700 0.33289371 -0.09529439
v 0.17971073 0.32099864 -0.08871551
v 0.18356503 0.27674072 -0.09615829
v 0.14296206 0.27660776 -0.12666035
v 0.15911021 0.29302177 -0.11436649
v 0.16761624 0.22889432 -0.10639210
v 0.02181769 -0.40905736 -0.35599070
v -0.00316875 -0.35861932 -0.31884330
v 0.11352325 0.56587902 0.00558172
v 0.12309252 0.54162358 -0.01249358
v -0.12398085 0.30186002 0.02943846
v -0.12916421 0.33010268 0.02266022
v -0.13421466 0.30358781 0.02365701
v -0.11886395 0.31940375 0.02791003
v -0.16072952 0.45138001 -0.07382997
v -0.17136206 0.43569703 -0.06525750
v -0.16976718 0.41416607 -0.08366506
v 0.11897241 -0.36107810 -0.33107071
v 0.11006767 0.56348675 0.02877393
v -0.16259022 0.45888916 -0.06346326
v 0.22649385 -0.09041381 0.05947533
v -0.13860058 0.33588411 0.01880592
v -0.17063108 0.45025029 -0.03129986
v 0.22018079 -0.08469880 0.06944334
v 0.17000856 -0.54980547 0.16586705
v -0.17568153 0.41802040 -0.05994123
v -0.12756933 0.29009778 0.03156497
v 0.15226551 0.25115618 -0.12081246
v -0.15109380 0.45231035 -0.08506058
v 0.09292272 -0.44607186 -0.39998280
v 0.11731108 -0.46793499 -0.42237755
v 0.09411888 -0.47438097 -0.42682992
v 0.12475385 0.27793685 -0.13848904
v 0.24257556 -0.57990880 0.15556681
v 0.21320319 -0.58017463 0.17530343
v 0.22742420 -0.58642123 0.17264530
v 0.20635851 -0.59206976 0.18427464
v 0.23958516 -0.59306657 0.16918973
v 0.23280692 -0.13772855 0.08891414
v 0.22935135 -0.10975168 0.04997251
v 0.25579222 -0.61865109 0.17141910
v 0.26244510 -0.60682240 0.15702877
v 0.20350102 0.30624594 -0.05369463
v 0.20562753 0.28026271 -0.05927670
v 0.20217195 0.29734121 -0.06858016
v 0.23014879 -0.12975416 0.10506228
v 0.17260024 0.32638132 -0.09064266
v 0.22928490 -0.13653242 0.07130401
v 0.20077642 -0.37297323 -0.28049975
v 0.23499988 -0.39510220 -0.25936760
v -0.17614670 0.40054315 -0.07097248
v -0.17807385 0.40964732 -0.02359128
v 0.25480297 -0.41949053 -0.24800409
v 0.19014390 0.32119789 -0.08167147
v 0.21626004 -0.34931586 -0.15138099
v 0.25074931 -0.40693088 -0.16613362
v -0.14730596 0.37137020 -0.13941938
v -0.22425889 -0.07944902 0.00166098
v -0.22578731 -0.10410315 0.00777467
v -0.23203393 -0.09752427 0.02784355
v 0.19240331 0.33548536 -0.06346326
v 0.19685568 0.31196089 -0.07635520
v 0.22064596 -0.19474547 0.08366433
v 0.21805428 -0.19447968 0.06339607
v 0.22715839 -0.17680311 0.09330006
v -0.23382816 -0.08722403 0.04452336
v -0.16511544 0.39715412 -0.09649055
v -0.15468228 0.38087300 -0.11350260
v -0.15813784 0.38333182 -0.10605983
v 0.22483252 -0.15493994 0.05409262
v -0.15182479 0.39263524 -0.11735689
v 0.17120471 0.34259589 -0.08080757
v 0.19924800 -0.14191509 -0.01362330
v -0.10211771 0.30990089 0.04266266
v -0.09759889 0.29886962 0.05422553
v 0.19240331 0.33249496 -0.04372663
v 0.20615914 0.29275591 -0.03216376
v -0.11354769 0.33874168 0.02079952
v -0.08118493 0.33362468 0.03149850
v -0.21296182 -0.12065006 -0.00797476
v 0.19532725 -0.20637481 -0.01375621
v 0.20004544 0.26963019 -0.07210219
v 0.19572597 0.25806733 -0.07515904
v -0.20651586 -0.15394312 -0.00498438
v 0.19958027 -0.18225227 0.00285711
v 0.20303584 0.22690074 -0.06060577
v 0.21061151 -0.18743563 0.02697967
v -0.14345167 0.33867514 -0.15071645
v 0.26505841 -0.61865109 0.16266805
v 0.19506144 -0.21428272 0.01016699
v -0.06576776 0.35615239 0.03409018
v -0.06683101 0.31913796 0.05688366
v -0.05653075 0.33641570 0.06093732
v -0.05739464 0.30770793 0.07442735
v -0.15567907 0.34419078 -0.11064511
v 0.13625027 -0.58622187 0.21251728
v 0.15691725 -0.56874465 0.18527143
v 0.23048105 -0.15839552 0.09403104
v 0.11405487 -0.51418650 0.17583505
v 0.18336567 -0.58090561 0.17929063
v 0.21523613 -0.61865109 0.19718121
v 0.22904233 -0.61865109 0.19004815
v 0.21187413 -0.61419871 0.19623623
v 0.20556106 -0.23182642 0.04738083
v 0.27334343 -0.47444742 -0.30369196
v 0.16515745 0.12768596 -0.09482922
v 0.15140163 0.21420816 -0.12028084
v -0.17800738 0.37648709 -0.07449451
v -0.18245976 0.37582254 -0.06200129
v -0.18325719 0.38020845 -0.04944161
v 0.19180523 0.21925856 -0.07263382
v 0.18967873 0.20191427 -0.07834881
v -0.03446826 0.32711228 0.08107267
v -0.01991498 0.31568238 0.08805027
v -0.01473163 0.33149820 0.08140494
v 0.13193080 0.22018891 -0.13430248
v 0.21572842 -0.20325151 0.09542657
v -0.01087734 0.31382170 0.08745218
v -0.00217195 0.31481846 0.08731929
v -0.17840610 0.38399637 -0.03475544
v -0.18039970 0.37582254 -0.04126786
v 0.20954827 -0.21939966 0.07801580
v 0.21047861 0.25414658 -0.04213175
v 0.20981408 -0.17161975 0.11722324
v 0.21998143 -0.17082231 0.10831851
v 0.21978207 -0.15128499 0.11343543
v -0.24140383 -0.09798944 0.09622400
v -0.24326453 -0.07333531 0.10286936
v 0.21213994 0.26298484 -0.02950563
v -0.03991743 0.29541404 0.08858189
v 0.22782292 -0.53651481 -0.44264580
v 0.21267157 -0.52993593 -0.45540486
v 0.22270602 -0.51312324 -0.42364017
v 0.20821919 0.21294555 -0.04645123
v 0.20502944 0.24451083 -0.05263138
v -0.23083776 -0.09041381 0.05947533
v -0.22970806 -0.09553069 0.07183565
v -0.22452470 -0.08469880 0.06944334
v 0.22994943 -0.55890956 -0.45680037
v 0.22024724 -0.56103607 -0.47181881
v -0.17794093 0.39502751 -0.02897400
v 0.14641763 -0.55060290 -0.50438094
v 0.19127361 -0.58389601 -0.50889975
v 0.14648408 -0.56256450 -0.51740576
v 0.15372749 -0.58449408 -0.53335457
v 0.18668833 -0.25535089 0.07828161
v -0.00921600 0.29528114 0.09735372
v -0.22013878 -0.07233849 0.07449379
v -0.23801472 -0.11128015 0.08373078
v -0.03101268 0.28963261 0.09496142
v -0.02077888 0.30205940 0.09250263
v 0.16635362 -0.60230357 -0.53222485
v 0.15762496 -0.61865109 -0.53825281
v -0.18086487 0.35236461 -0.06532395
v 0.20429846 0.22417613 -0.05269783
v 0.15685042 -0.61865109 -0.53875461
v 0.15615737 -0.61865109 -0.53934403
v 0.20376683 0.24158690 -0.05960898
v -0.19216194 0.34093458 -0.06578913
v 0.17334750 -0.61865109 0.21220858
v 0.19085719 -0.61865109 0.20446050
v 0.16668588 -0.60462945 0.20740036
v 0.15732114 -0.61865109 -0.53858575
v 0.20037771 0.28876875 -0.01382264
v 0.11106447 -0.58914582 0.22235238
v 0.13306052 -0.57279831 -0.53302230
v 0.19718795 -0.60163904 0.19224903
v 0.19692214 -0.58409537 0.18135069
v 0.18004301 -0.59592406 0.18912573
v 0.23759156 0.02634464 0.15443709
v 0.23632894 0.02986669 0.16546836
v 0.23260756 0.01358564 0.17949000
v 0.20024480 0.20231296 -0.06592204
v 0.23725929 -0.00721429 0.16925618
v 0.23207594 0.04667933 0.16792711
v 0.17535636 -0.61865109 -0.52140962
v 0.18434634 -0.61865109 -0.50957270
v -0.23728374 -0.13374133 0.09243617
v 0.23048105 0.06103328 0.17703122
v 0.23074687 0.04681229 0.17882546
v 0.09744154 0.58103041 0.04266266
v 0.10794116 0.56873646 0.04113423
v 0.22808873 0.07425751 0.16938911
v 0.17512545 0.16456750 -0.09323435
v 0.24609758 -0.57764940 -0.42756092
v -0.23263200 -0.10941947 0.07117112
v -0.23249910 -0.15925944 0.07568993
v 0.22702547 -0.60855018 -0.46218308
v 0.23672767 -0.59738602 -0.44935760
v 0.22401294 -0.61865109 -0.45542701
v 0.21659232 -0.61399935 -0.47746734
v 0.22662677 -0.58642123 -0.46995812
v 0.20529525 -0.60030998 -0.49727041
v 0.23234175 0.03505006 0.12918486
v 0.23513279 0.03518295 0.14254195
v 0.24151231 -0.00688201 0.14945310
v 0.13106692 0.30511628 -0.15344103
v 0.11498522 0.28258856 -0.15131453
v 0.11073221 0.27600969 -0.16048508
v 0.20238874 -0.61865109 -0.49182487
v 0.19668772 -0.61865109 -0.49414195
v 0.21310691 -0.61865109 -0.47929821
v 0.20678570 -0.61865109 0.20032346
v 0.12023503 0.28876875 -0.14772605
v 0.11717818 0.28086078 -0.14559954
v -0.22306272 -0.15567091 0.02405572
v -0.22897708 -0.14530425 0.04040323
v -0.22472406 -0.17075582 0.04120068
v 0.21021280 -0.57107052 -0.48816634
v 0.13857614 0.32711228 -0.15011837
v 0.23380373 0.06601727 0.13828893
v 0.13405731 0.32751104 -0.15815922
v -0.23043904 -0.14856045 0.05887724
v 0.19140652 -0.56522263 -0.50012792
v -0.19083287 0.34080162 -0.03681549
v -0.17780802 0.36286416 -0.04598605
v -0.18970317 0.30903703 0.00073062
v 0.08082822 -0.48620966 0.16832583
v 0.05936380 -0.51338905 0.18155003
v 0.09079622 -0.53040110 0.18919218
v -0.16877038 0.38678739 -0.02525261
v -0.17368793 0.36990827 -0.04027106
v -0.20525324 -0.17421140 0.00079707
v -0.17993453 0.36027251 -0.05057132
v 0.23911999 -0.00934076 0.12539701
v -0.19428845 -0.18849887 -0.03568579
v 0.23061396 0.05113173 0.12546346
v -0.02722485 0.27913299 0.10572683
v -0.21827809 -0.19102410 0.03541923
v -0.20219639 -0.20750453 0.01847365
v -0.21143339 -0.21733960 0.03747929
v -0.19880728 -0.22757340 -0.00704442
v -0.05972051 0.28491442 0.09303427
v 0.04660477 -0.59319947 -0.57302720
v 0.02175124 -0.60011062 -0.57468851
v 0.01922601 -0.58289921 -0.57302720
v 0.22908554 0.06056811 0.21417862
v 0.22835455 0.04049921 0.20766619
v 0.23307273 0.05292600 0.20547323
v -0.22558795 -0.18471102 0.07050658
v -0.07115048 0.25627306 0.12081171
v -0.00217195 -0.60642368 -0.57036907
v 0.03610515 -0.61519552 -0.56997035
v -0.00217195 -0.61831882 -0.56412244
v 0.12096602 0.54727205 0.03821029
v 0.11598202 0.55385099 0.02884037
v 0.11790916 0.55405036 0.01760977
v 0.03847763 -0.61865109 -0.56757205
v 0.03278967 -0.61865109 -0.56737087
v -0.23608757 -0.14975658 0.08366433
v 0.04368715 -0.61865109 -0.56755269
v 0.23021524 0.04375541 0.18580305
v 0.23752511 0.06774506 0.19610333
v 0.23460116 0.05737833 0.18766374
v 0.05258557 -0.53425540 -0.51414956
v 0.04301629 -0.54488792 -0.53913600
v 0.01530527 -0.54322659 -0.54538260
v -0.13561017 0.45317415 0.03422310
v -0.12278470 0.42825416 0.04040325
v -0.12411376 0.45922150 0.05037125
v 0.10421978 0.57372051 0.06087087
v -0.12909776 0.41748881 0.03189723
v -0.13594245 0.41270414 0.02565061
v -0.12418021 0.39881542 0.02717903
v -0.23150229 -0.17680311 0.09330006
v 0.08295473 0.59830816 0.04831119
v 0.04693704 -0.55997282 -0.55674612
v -0.12577509 0.27295287 0.04950736
v 0.06494588 0.60083339 0.09815117
v 0.08335344 0.57305596 0.10798624
v 0.07630940 -0.53830904 -0.50870041
v 0.09498277 -0.51192708 -0.46650255
v 0.10242554 -0.53558446 -0.49414711
v 0.12860815 0.32664711 -0.16526972
v -0.00217195 -0.50521530 -0.47135364
v 0.10613060 -0.61865109 0.23827952
v 0.09518214 -0.61512907 0.23916505
v 0.11139674 0.26710496 -0.14493501
v 0.10621338 0.27022826 -0.15357394
v -0.08018813 0.28763903 0.07595577
v -0.09068775 0.29361984 0.06253220
v -0.22233174 -0.17580629 0.10911596
v -0.04410398 0.40652396 0.10100866
v -0.04297428 0.41250476 0.11044502
v -0.05506878 0.42459934 0.10426487
v 0.02115316 -0.49777254 -0.45307897
v -0.22080331 -0.19972946 0.09928085
v 0.10215973 0.57225858 0.07050660
v -0.05553395 0.41669130 0.09150584
v -0.00217195 -0.53485347 -0.53475008
v 0.10495077 0.55870208 0.07615512
v -0.06835944 0.44081391 0.09735372
v -0.21940780 -0.20677350 0.09157227
v 0.10056485 0.56102793 0.08525922
v 0.09478341 0.19227858 -0.15629853
v 0.09883706 0.23221700 -0.15005192
v 0.08056241 0.17686139 -0.16819367
v 0.09757445 0.54767080 0.10532811
v 0.09504923 0.56122731 0.09888215
v 0.06016124 -0.50162682 -0.45686682
v 0.07072732 0.58435303 0.11616004
v 0.08461606 0.22437551 -0.16267804
v 0.09624538 0.24750123 -0.15271005
v -0.07932424 0.04621416 0.12546346
v 0.10508367 0.54833535 0.09236974
v 0.09172656 0.25049163 -0.16646588
v 0.10448560 0.26012739 -0.14832413
v -0.04297428 0.40193866 0.08618957
v -0.01532971 0.39250228 0.10918241
v -0.10969340 0.25972864 0.08931288
v -0.10716817 0.24743481 0.11044502
v -0.07015368 0.41522937 0.04346010
v -0.06922333 0.40353355 0.03894127
v -0.06443869 0.41323573 0.04591887
v 0.09684347 -0.55339394 0.20062214
v 0.07292028 -0.55239715 0.19769819
v 0.09019813 -0.57578871 0.21118821
v 0.07145831 -0.59818347 0.22640602
v 0.08189147 -0.61492971 0.23783599
v 0.04534216 -0.59824992 0.22348207
v 0.06026396 -0.61865109 0.23178727
v 0.21207349 0.05631509 0.22441241
v -0.11042438 0.46639844 0.07303182
v 0.07283892 -0.61865109 0.23320554
v -0.11527547 0.46440480 0.06512388
v 0.20031125 0.02740788 0.22693764
v 0.04986098 0.60933943 0.10233772
v -0.12657253 0.23580547 0.10213836
v 0.12907332 0.52680452 -0.02173058
v -0.14132517 0.23766616 0.07210147
v -0.00217195 -0.46952989 -0.41446961
v 0.01736532 -0.47630811 -0.42217819
v 0.03911843 -0.61865109 0.23103495
v 0.04623324 -0.61865109 0.23028247
v 0.13000366 0.53351629 -0.00139587
v 0.00042920 -0.61865109 0.23874117
v 0.01195749 -0.61865109 0.23788802
v 0.19373238 0.30465111 -0.01169613
v 0.13944003 -0.60256938 -0.54976852
v 0.11903887 -0.58522508 -0.55149631
v 0.09737509 -0.56854529 -0.54378774
v -0.13474629 0.22530585 0.10001187
v -0.12564219 0.21155003 0.11682452
v 0.21818719 0.00581057 0.20892881
v 0.22297183 0.00521250 0.19909370
v 0.22729130 0.03013249 0.19590395
v 0.17971073 0.32339091 -0.00039908
v 0.07232220 -0.58449408 -0.56638184
v 0.08747355 -0.60921472 -0.56638184
v -0.08929223 0.00846870 0.12400150
v 0.24117499 -0.61865109 0.18126066
v 0.21234358 -0.61865109 0.19789395
v 0.16927756 0.29009778 0.02292603
v 0.18309986 0.24663737 0.03176431
v 0.14428494 -0.61865109 0.22567484
v 0.16324317 -0.61865109 0.21583615
v 0.16515145 -0.61865109 0.21697744
v 0.21247221 -0.01193248 0.20102087
v -0.14152452 0.25627306 0.03927355
v -0.14577754 0.24059008 0.04950736
v 0.20117514 0.01139268 0.22062459
v 0.12696395 -0.61865109 0.23324743
v 0.09798691 -0.61865109 0.24009641
v 0.11007006 -0.61865109 -0.55880738
v 0.12709248 -0.61865109 -0.55330353
v 0.09187893 -0.61865109 0.23921715
v 0.20370038 -0.01625191 0.20314738
v 0.08061464 -0.61865109 0.23810882
v 0.19785248 0.04634712 0.22879833
v 0.14026947 -0.61865109 -0.54732634
v -0.08696637 0.25328266 0.11841941
v 0.02500745 -0.61765428 0.23424752
v -0.00217195 -0.55219779 -0.55594870
v 0.12820942 0.52986134 0.04817829
v 0.15319587 0.33415639 0.01003409
v 0.01596980 -0.56708333 -0.56711284
v 0.02350408 -0.61865109 0.23511360
v 0.21685813 0.20809446 -0.02478744
v 0.02502369 -0.61865109 0.23453695
v 0.21373483 0.24949481 -0.02020216
v 0.14276270 0.04302444 0.21059014
v 0.20602623 0.25168777 -0.00385466
v 0.21027925 0.21374299 -0.00026617
v 0.12322542 0.52700377 0.06452579
v 0.11272580 0.51823194 0.08698701
v 0.11864015 0.51012465 0.07595577
v -0.00148274 -0.61865109 -0.56397246
v -0.15195769 0.32624836 0.01681233
v 0.21599423 0.15812152 -0.04047043
v 0.11312453 0.53258595 0.08645539
v -0.18970317 -0.25528444 -0.12705908
v -0.18425400 -0.22704178 -0.09901578
v 0.10714373 0.52454508 0.09536012
v 0.08847035 0.52833287 0.11802069
v -0.15753977 0.33674804 0.00837275
v -0.14584399 0.34046941 0.01282513
v 0.09837189 0.50779880 0.10054349
v 0.15711661 0.03664495 0.22135556
v 0.15658498 0.01930059 0.21677030
v 0.24090118 -0.61865109 -0.43292851
v 0.22246065 -0.61865109 -0.46037008
v -0.10118737 0.05153048 0.16613288
v -0.10451003 0.03737591 0.15942110
v -0.10132028 0.05903970 0.15184541
v 0.21691591 -0.61865109 -0.47168303
v 0.21406304 -0.61865109 -0.47622041
v -0.18657987 -0.22777278 -0.06645367
v 0.23071798 -0.61865109 -0.44501925
v -0.19714594 -0.23109542 -0.03076824
v -0.10364614 0.02222458 0.14639625
v -0.09168455 0.04561609 0.13569725
v -0.09693436 0.06189715 0.14413684
v -0.14517945 0.35894342 0.00598043
v 0.14316142 0.27607617 0.03116624
v 0.13718061 0.25627306 0.03927355
v 0.14309497 0.24929550 0.03880838
v 0.08295033 -0.61865109 -0.56282047
v 0.13884195 0.24544117 0.05196613
v -0.18797538 0.28518028 0.01488518
v 0.14628472 0.24298242 0.04080197
v -0.18405464 0.32339091 -0.00039908
v -0.09972540 0.02368651 0.13310560
v -0.00217195 -0.61865109 -0.56373699
v 0.12422222 0.50228316 0.06552260
v 0.12694681 0.49191644 0.05708302
v 0.17014145 0.25946284 0.03249531
v -0.09852924 0.01444951 0.12739059
v -0.10470940 0.01079455 0.13197588
v 0.17891329 0.24085594 0.03694767
v 0.16216706 0.24570703 0.03907418
v -0.14743888 0.24929550 0.03880838
v -0.15062863 0.24298242 0.04080197
v 0.19705504 0.20091745 0.02525190
v 0.31540836 -0.55392558 -0.30621719
v 0.29494077 -0.53113208 -0.34150389
v 0.30324743 -0.52780942 -0.31605228
v -0.16312184 0.29548052 0.02485318
v -0.18664632 -0.25109787 -0.09290208
v -0.19043415 -0.27349263 -0.08366507
v 0.11744399 0.50354584 0.07230084
v 0.10754245 0.49510622 0.07781646
v -0.17122914 0.28597772 0.02558416
v 0.13744644 0.23553962 0.07416152
v 0.14043682 0.22716654 0.07662030
v 0.14336078 0.21035383 0.06126958
v 0.13153209 0.48321115 0.04970672
v -0.18451981 0.26418103 0.02651450
v 0.15851213 0.00594347 0.20866298
v 0.14156654 0.00574415 0.19371099
v 0.16190125 -0.00129989 0.20015697
v 0.30803207 -0.61479679 -0.37891709
v 0.29653563 -0.60828437 -0.39287229
v 0.30630428 -0.59791766 -0.37838547
v 0.29161809 -0.57007371 -0.37964809
v 0.16535681 -0.00448968 0.19377744
v 0.14362659 0.23082149 0.05096932
v 0.14143363 0.24059008 0.04950736
v 0.15120227 -0.00382513 0.18467333
v -0.09939314 0.03365454 0.17224658
v -0.10225063 0.00826938 0.15849076
v 0.17100535 0.00441506 0.21132111
v 0.14316142 0.23155245 0.05741530
v -0.10364614 -0.00435678 0.14174451
v -0.17568153 0.25221942 0.03468827
v -0.11600646 0.44181067 0.05342810
v 0.11172900 0.48507183 0.06166830
v 0.12003567 0.47404056 0.04631759
v 0.13811097 0.02335424 0.20494161
v 0.12840879 0.01903480 0.20088797
v -0.11627227 0.43330463 0.04797893
v 0.29213358 -0.61865109 -0.39653114
v 0.28370191 -0.61865109 -0.40402635
v -0.21037014 -0.32818369 -0.13855550
v -0.22392661 -0.36413495 -0.10293653
v -0.20239575 -0.31608921 -0.10001259
v 0.14568664 0.21387589 0.05110223
v 0.14209816 0.23088790 0.06485807
v -0.20392418 0.24570703 0.00970182
v -0.19382328 0.25115618 0.02332475
v 0.32617381 -0.60941407 -0.31472321
v 0.31481029 -0.58728512 -0.35864885
v 0.32251889 -0.58057335 -0.32023883
v -0.09600401 0.46234474 0.08645539
v 0.32156313 -0.61865109 -0.34318674
v 0.32256911 -0.61865109 -0.33815367
v 0.19320076 0.01531343 0.22388079
v -0.19096579 0.23793195 0.03096688
v -0.10444359 -0.02827994 0.15111444
v 0.10568176 0.50048889 0.08525922
v 0.10149519 0.47935682 0.08572440
v 0.14940802 0.23195114 0.04525434
v -0.20731329 -0.32632301 -0.06273228
v -0.20040215 -0.30120367 -0.06140322
v -0.19648141 -0.28465680 -0.06053933
v 0.08773937 0.49251457 0.10825206
v 0.13910776 0.19879097 0.05881081
v 0.19313429 0.00308602 0.21863098
v 0.32452860 -0.61865109 -0.31303835
v 0.32429509 -0.61865109 -0.31367948
v -0.22080331 0.19400630 -0.00757604
v -0.09121938 0.49424229 0.11044502
v -0.09540593 0.51112154 0.11203988
v -0.21807873 0.24949481 -0.02020216
v 0.06634140 0.46061701 0.10599263
v 0.14296206 0.19719608 0.05283002
v -0.21601867 -0.35589474 -0.03674904
v -0.20771201 -0.33801880 -0.02305966
v -0.20013634 -0.30957679 -0.03648323
v 0.32843321 -0.59765185 -0.29212909
v -0.24060640 -0.41065225 -0.08984523
v -0.19688013 -0.26252784 -0.03216376
v -0.19136449 0.21440748 0.03814384
v 0.13731352 0.21095190 0.09369880
v 0.14023746 0.20630019 0.08373080
v -0.08450759 0.45184518 0.08791735
v -0.07985586 0.43742475 0.07974360
v -0.09806406 0.06229590 0.17862611
v -0.09859569 0.03219255 0.18221458
v -0.10264934 0.06442238 0.18812891
v -0.10098801 0.02249037 0.18374299
v 0.11824143 0.23553962 0.10698945
v -0.06516968 0.45835758 0.11396705
v -0.22445825 0.17838980 -0.02006926
v -0.19355747 -0.29342863 -0.01515172
v -0.12344923 0.04960332 0.20700167
v -0.11062374 0.04149603 0.19942598
v -0.11055729 0.05445441 0.19922663
v 0.14322787 0.43383634 -0.10692372
v 0.15293006 0.41290352 -0.10340170
v 0.14628472 0.40652396 -0.11509748
v 0.14581955 0.43589640 -0.09768671
v 0.14688280 0.44912057 -0.08745290
v -0.14797050 0.23082149 0.05096932
v -0.07148274 0.42114376 0.05987407
v -0.08490631 0.41762164 0.05063706
v -0.08410888 0.41330227 0.04552015
v -0.14750532 0.23155245 0.05741530
v -0.19694658 -0.25349021 -0.01475300
v 0.13591801 0.42393479 -0.12287251
v 0.22436734 -0.01166662 0.18307848
v 0.23480052 -0.05426317 0.15942110
v 0.24044905 -0.02190045 0.15377257
v 0.13698127 0.46307570 -0.10087647
v 0.13179790 0.44792443 -0.11350259
v -0.17176078 0.23234990 0.04326074
v -0.20126605 -0.24279121 0.03701411
v 0.15386040 0.44679472 -0.08087403
v 0.15891085 0.45031671 -0.07044086
v -0.10989276 0.42406762 0.04299493
v 0.23313918 -0.09745785 0.13111199
v 0.17306541 0.38725256 -0.07356416
v -0.20990497 -0.23182642 0.04738083
v -0.19528524 -0.26864154 0.02704612
v -0.07772935 0.40546078 0.03694767
v 0.22210794 -0.04263389 0.17311047
v 0.22602868 -0.09659393 0.14885503
v 0.22303828 -0.07871799 0.16055079
v -0.19395617 -0.27030288 0.03767864
v -0.12006011 0.01537985 0.20082149
v 0.10907087 0.33136536 0.02498608
v 0.11172900 0.32059989 0.02850812
v 0.12462094 0.32804262 0.02345765
v -0.19488653 -0.29096985 0.01574906
v 0.31453369 -0.61865109 -0.36401479
v 0.31257015 -0.61865109 -0.36819705
v -0.12916421 0.01803798 0.20234993
v -0.13275269 0.01903480 0.20088797
v -0.13188880 0.01617729 0.19969180
v -0.13182234 0.01684184 0.19975825
v 0.30657008 -0.52089829 -0.27225955
v 0.31275023 -0.54276142 -0.28973677
v 0.17532481 0.40652396 -0.04412535
v 0.11558329 0.28245567 0.04824474
v 0.12442158 0.29906899 0.02558416
v -0.06503677 0.39482826 0.04126714
v -0.07108402 0.37801556 0.03541925
v -0.06124894 0.36665195 0.04279557
v 0.12774425 0.31588163 0.02352411
v -0.13175589 0.01664246 0.19962535
v -0.13109136 0.01624377 0.19942598
v -0.19913954 -0.22431720 0.10446421
v -0.16272312 -0.22883601 0.11549546
v -0.21415799 -0.21733960 0.08386370
v 0.13213016 0.28179112 0.02943846
v -0.20651586 -0.23102897 0.08439532
v 0.17299894 0.42340307 -0.03714776
v -0.14870148 0.22317931 0.05176676
v -0.13255333 0.01345268 0.19796401
v -0.14677434 0.22444193 0.07044014
v 0.15711661 -0.01126793 0.17689832
v 0.14156654 -0.01678356 0.16965490
v 0.16535681 -0.01611902 0.17630022
v 0.07079377 0.32392250 0.04505498
v 0.07451516 0.30976799 0.05641849
v 0.16808141 -0.03093807 0.17317692
v 0.17359703 0.39502751 -0.02897400
v 0.17884684 0.37914528 -0.04558732
v 0.13664899 -0.03479240 0.16274375
v 0.14455693 -0.08164197 0.14726014
v -0.14750532 0.21055321 0.06871235
v -0.14424911 0.22291352 0.08120558
v -0.12989520 0.01345268 0.20095442
v 0.16163543 0.39702116 -0.09575957
v 0.15160098 0.37602191 -0.11130964
v 0.17831522 -0.02794767 0.17736349
v 0.17233441 -0.03452655 0.17769577
v 0.11518458 0.27182315 0.06067151
v -0.14770469 0.21035383 0.06126958
v 0.14256333 0.39748633 -0.12732489
v 0.14754734 0.38067363 -0.12207507
v 0.17771713 -0.03911184 0.17676539
v 0.31766780 -0.51392069 -0.22487834
v 0.33095845 -0.53153081 -0.21763493
v 0.32378150 -0.53930585 -0.24368463
v 0.31680390 -0.50009839 -0.19105361
v -0.20133249 -0.24651261 0.07077239
v 0.29573818 -0.48640902 -0.24069423
v -0.15753977 0.22696716 0.04678276
v -0.15003054 0.21387589 0.05110223
v -0.13361659 0.17799111 0.05774756
v -0.11441158 0.00707318 0.19424261
v -0.11241798 -0.00063541 0.18786312
v -0.18837411 -0.27262873 0.05283000
v -0.18850700 -0.29302991 0.04492206
v -0.14730596 0.19719608 0.05283002
v 0.14708216 0.36844622 -0.13124563
v -0.07746354 0.36924373 0.02784357
v 0.16987564 -0.05811750 0.16613288
v 0.15831277 -0.09014795 0.14938665
v -0.08045394 0.39323337 0.03216304
v 0.17279958 -0.06150659 0.17038590
v 0.17233441 -0.07067718 0.17291113
v 0.07218929 0.28152533 0.08612312
v 0.08747355 0.27069343 0.09017678
v 0.13944003 0.36312996 -0.14686216
v -0.18166232 0.17061479 0.05827919
v -0.09274780 0.34897545 0.01873948
v -0.08656764 0.38213568 0.02578352
v 0.14462340 0.33987128 -0.14054909
v -0.09221618 0.40060969 0.03528635
v -0.10005767 0.39921418 0.03229595
v -0.13527792 0.20723053 0.10659072
v 0.14787959 0.34731414 -0.13044819
v -0.14464783 0.21141707 0.08446178
v 0.22011434 -0.00701491 0.19470778
v -0.13687279 0.19021852 0.08944578
v -0.13534436 0.38658802 0.01847367
v 0.20595978 -0.02495727 0.19424261
v -0.18717794 -0.23873757 0.10140736
v -0.17687768 -0.27900826 0.06857944
v -0.16870393 -0.26923964 0.08811670
v -0.12218661 0.38346465 0.02332475
v 0.06095868 0.26604172 0.11064437
v -0.13374949 0.00614284 0.19271420
v -0.13507855 0.00222210 0.18859408
v -0.13188880 -0.00542002 0.19158448
v -0.13381594 -0.00242961 0.18427464
v -0.13428112 -0.00196444 0.18726502
v -0.13355013 -0.00169865 0.18580305
v 0.21606068 -0.03034001 0.18095197
v -0.11886395 0.09977557 -0.14267560
v 0.05185458 0.29920189 0.08173720
v 0.09764090 0.28278794 0.06592132
v -0.17089689 -0.24152859 0.10645783
v -0.11354769 0.37190179 0.02119824
v 0.06315164 0.30770793 0.06751620
v -0.16099535 -0.25727803 0.10074283
v 0.13113337 0.35621881 -0.15636498
v 0.12136473 0.41509641 -0.14280850
v -0.07706482 0.35249744 0.02565061
v -0.13228751 -0.00143286 0.18606888
v -0.21375926 -0.22411782 0.06346252
v 0.04766802 0.31953658 0.07562350
v 0.04992743 0.33555190 0.06512388
v 0.20582689 -0.03771633 0.18560371
v 0.05690503 0.34711476 0.04618468
v -0.15341967 0.13911592 -0.11410068
v -0.16411865 0.12442970 -0.10007903
v -0.10298161 0.36751587 0.01767622
v -0.10670299 0.35522205 0.01189479
v 0.00434047 0.32345733 0.08326563
v 0.02228286 0.33462156 0.08000941
v -0.16378638 0.17254189 -0.10991412
v 0.17725196 0.37216759 -0.06718464
v 0.16715106 0.39828384 -0.08506058
v 0.01118516 0.33694742 0.08014233
v -0.17720995 0.17958594 -0.09788608
v 0.17525837 0.36279775 -0.07010859
v -0.11939558 -0.00734718 0.18912573
v -0.13288560 0.01212365 0.19916018
v -0.12437957 0.35209869 0.01435356
v -0.13301850 0.34990579 0.01209414
v -0.20325964 -0.33037665 -0.00897157
v -0.20412354 -0.32984503 0.02226148
v -0.19727885 -0.31077295 0.02465380
v -0.21043660 0.16190937 -0.06299809
v -0.13075909 -0.01591964 0.18726502
v -0.12477830 0.36332934 0.01814139
v -0.19289292 -0.28292901 0.03528634
v 0.00022037 0.34000424 0.07735128
v -0.19668077 -0.30984261 -0.00398757
v -0.13162298 0.01285461 0.20028987
v 0.17917911 0.37868011 -0.05209974
v -0.00024481 0.30073036 0.09482850
v -0.19634849 -0.32486105 0.04213102
v 0.18429601 -0.01140082 0.19444199
v 0.18170433 -0.00774587 0.19650205
v 0.17612226 -0.00701491 0.19304648
v 0.02268158 0.32000175 0.08599021
v 0.17419511 -0.00987241 0.18713212
v 0.18296694 -0.01366026 0.19052124
v 0.00321076 0.30398656 0.09124003
v 0.17372994 0.41669130 -0.02425582
v -0.19488653 0.15346981 -0.07622230
v 0.17565709 0.38080659 -0.03781229
v -0.18365591 0.15506470 -0.08672192
v -0.14650852 0.38020845 0.00983473
v 0.18163788 -0.01718226 0.18626822
v 0.18210305 -0.01399247 0.18773019
v 0.03995944 0.30697696 0.08379725
v 0.03557352 0.29541404 0.08858189
v 0.17512545 0.36120286 -0.04897644
v 0.18243532 -0.01432475 0.18799601
v 0.18250177 -0.01412543 0.18806246
v 0.17904620 0.34133333 -0.07721909
v 0.06268647 0.29594569 0.07874680
v 0.18250177 -0.01405895 0.18859408
v -0.06251155 -0.07326883 0.12758997
v -0.04330655 -0.09566359 0.12293822
v -0.05712883 -0.03911184 0.11988137
v 0.17512545 0.35263040 -0.06818145
v 0.02102025 0.30205940 0.09190456
v 0.01018836 0.28697448 0.10041057
v 0.04421245 0.28936682 0.09223682
v 0.17951137 -0.02415988 0.18447399
v -0.21282892 0.13698938 -0.05369463
v -0.19289292 0.13220478 -0.07050732
v -0.05759401 0.38572409 0.04738085
v -0.04902153 0.39549268 0.05681721
v -0.04350590 0.39170490 0.06492451
v -0.03825609 0.38127176 0.06924398
v -0.02602869 0.37788260 0.07715192
v -0.03008234 0.39403075 0.08386371
v -0.03048106 -0.09333773 0.12001430
v -0.03666122 -0.04841532 0.11582773
v -0.01984853 -0.03638729 0.11529611
v -0.17946936 -0.30904517 0.06552258
v -0.16159342 -0.30485859 0.08811670
v -0.16624516 -0.28538779 0.08093974
v -0.22067041 0.08508935 -0.01355683
v -0.22685057 0.12994534 -0.01222777
v -0.01034571 -0.03293172 0.11529611
v -0.18006744 -0.28213157 0.06020632
v 0.18290050 -0.01385958 0.19018897
v 0.18515990 0.34585208 -0.04565377
v 0.17140407 0.35927563 -0.03575224
v 0.17000856 0.35914280 -0.03083469
v -0.18172877 -0.29754872 0.05688365
v -0.08543794 -0.02502375 0.12293822
v -0.10098801 -0.03233359 0.12772286
v -0.10178545 -0.00907497 0.12945065
v -0.03260757 0.43084594 0.12739059
v -0.04510079 0.42672582 0.11875168
v -0.16863748 -0.32731980 0.08638891
v -0.15056218 -0.29469125 0.09728726
v -0.16504899 0.08030474 -0.09110784
v -0.16385284 -0.27641658 0.08738572
v 0.18383084 -0.01306213 0.19224903
v 0.18383084 -0.01299572 0.19224903
v -0.01812074 0.38585705 0.08253465
v -0.15601135 -0.27841020 0.09416396
v -0.02024725 0.39097393 0.08878125
v -0.14305294 -0.27289456 0.10373323
v 0.10495077 0.24856447 0.10652428
v -0.15142607 -0.22983281 0.11682452
v 0.18363148 -0.01346089 0.19145159
v -0.00217195 0.38652160 0.09236974
v 0.00480564 0.39476172 0.11483094
v -0.00622560 0.39310041 0.11370122
v -0.01526325 0.38798353 0.08612312
v 0.13093401 0.20723053 0.10659072
v -0.00217195 0.38034141 0.08299982
v -0.10411132 -0.02728319 0.13343785
v -0.19987052 0.11997737 -0.06200130
v -0.10391196 -0.01944169 0.13649470
v -0.17940291 0.10961064 -0.07077313
v -0.17043172 0.09744971 -0.08246891
v -0.10451003 -0.03705178 0.13689342
v 0.05192103 0.25388073 0.12499829
v -0.04343945 0.35548784 0.07057305
v 0.16934402 0.36990827 -0.04027106
v 0.16249932 0.36519002 -0.03050242
v 0.16748332 0.35900984 -0.02505324
v -0.18558306 0.08807975 -0.05502370
v -0.19721239 0.09931040 -0.05482434
v -0.03174367 0.36625332 0.07588931
v 0.17080598 0.36133569 -0.04020461
v 0.18529282 -0.00927435 0.19969180
v 0.18529282 -0.00934076 0.19962535
v 0.18542571 -0.00934076 0.19982470
v 0.18270113 -0.00375871 0.20593840
v 0.18542571 -0.00934076 0.19989115
v -0.00881728 0.35462392 0.07907907
v -0.03480052 0.34465595 0.07728484
v -0.10132028 -0.00841042 0.16241151
v 0.35667588 -0.61240447 -0.21158768
v 0.35663684 -0.61865109 -0.21510140
v 0.34743887 -0.58582316 -0.24288719
v 0.21964917 0.18284220 -0.02046798
v 0.21027925 0.16250744 -0.05582114
v 0.20330165 0.17034893 -0.06804854
v 0.33188879 -0.56176705 -0.25491524
v 0.33906576 -0.56203288 -0.24321946
v 0.18529282 -0.00940724 0.19962535
v 0.34504654 -0.59506017 -0.26767427
v 0.33826832 -0.57897846 -0.26335480
v -0.14365103 -0.31303236 0.10220481
v -0.16345412 -0.34599319 0.09602464
v 0.21978207 0.09877875 -0.01103160
v 0.07238865 0.45922150 -0.15364039
v -0.11062374 -0.02688443 0.17277820
v -0.12491120 -0.03053938 0.18374299
v -0.12258534 -0.04097252 0.18068614
v 0.33414819 -0.59094006 -0.28076557
v 0.18529282 -0.00934076 0.19955890
v 0.19911510 0.10150336 -0.05170104
v 0.35251228 -0.61865109 -0.23538899
v 0.35052244 -0.61865109 -0.24940006
v 0.08288827 0.45470262 -0.15496946
v -0.15660942 0.43310525 0.02485318
v -0.14092645 0.44220942 0.02917265
v -0.13029392 -0.33642391 0.11383412
v 0.12707972 0.10602217 -0.13144499
v 0.10621338 0.45649689 -0.12951784
v -0.20571841 -0.37649526 0.05562105
v -0.19661432 -0.34393312 0.05123511
v 0.18529282 -0.00940724 0.19942598
v 0.17552418 0.11957861 -0.07489324
v -0.07925778 -0.04123838 0.12360277
v 0.18496054 -0.00993883 0.19789757
v -0.10324743 -0.06090853 0.12785579
v -0.09062129 -0.06303500 0.12473246
v -0.17355502 0.44533266 -0.01222777
v -0.17807385 -0.35124300 0.08472759
v 0.09205883 0.44121266 -0.15636498
v -0.16106180 0.44699409 0.02013499
v -0.10058929 -0.04256741 0.12679252
v -0.10490876 -0.04881402 0.13137782
v 0.19207105 -0.00581877 0.21251728
v 0.19153942 -0.00681553 0.21112176
v 0.19213750 -0.00615098 0.21218500
v 0.14322787 0.09492448 -0.11157545
v 0.10787471 0.46294287 -0.11842014
v 0.19220395 -0.00595167 0.21231793
v 0.11186191 0.45217739 -0.12021438
v -0.10517457 -0.06788616 0.13164361
v -0.09872860 -0.06695575 0.12526411
v -0.17767512 0.08608617 -0.06392844
v -0.23382816 -0.37343841 -0.12745780
v 0.19572597 0.12290129 -0.06293165
v 0.34411620 -0.61705620 -0.27996813
v -0.10670299 -0.05266834 0.14978538
v 0.33165988 -0.61865109 -0.29631768
v -0.16538127 0.42220694 0.01515099
v 0.34092645 -0.61865109 -0.28468700
v -0.18677923 0.08209894 -0.05097005
v 0.19127361 -0.00568581 0.21052370
v 0.18648897 -0.00369223 0.20401127
v 0.18974518 -0.00236320 0.21457734
v -0.21189856 -0.34645836 -0.09217109
v -0.25077375 -0.40746250 -0.11881887
v -0.26067530 -0.45238494 -0.09429761
v -0.25429577 -0.44600541 -0.08446252
v 0.16768268 0.10303177 -0.08027595
v -0.17574797 0.41190676 -0.00956964
v -0.17495053 0.42420058 -0.00591470
v -0.24213483 -0.42467389 -0.04272985
v 0.11365615 0.44127908 -0.12513192
v -0.17063108 0.41908370 0.00684432
v 0.20031125 0.08641844 -0.04266338
v 0.19120716 0.07777951 -0.04472344
v 0.18422956 -0.02801415 0.20102087
v 0.35215703 -0.59000972 -0.18573735
v 0.18721995 -0.02249851 0.20427706
v 0.18941291 -0.00827752 0.20733392
v 0.18761867 -0.00914139 0.20401127
v 0.35590340 -0.61865109 -0.17851658
v 0.35724841 -0.61865109 -0.20516727
v 0.17964428 0.09412704 -0.05907735
v 0.12641518 0.42964968 -0.12772360
v 0.30454072 -0.61865109 -0.38239114
v 0.30597600 -0.61865109 -0.37997412
v -0.25881460 -0.45623921 -0.06552333
v -0.27429821 -0.48634256 -0.04585315
v -0.26120692 -0.46408070 -0.02943919
v 0.30700879 -0.61865109 -0.37828949
v 0.31047561 -0.61865109 -0.37367728
v 0.18103980 0.06967222 -0.04465698
v 0.17525837 0.07399166 -0.05522306
v 0.24126850 -0.61865109 -0.43262238
v 0.32948520 -0.61865109 -0.30444049
v -0.27084266 -0.43397735 -0.13317279
v 0.11126383 0.42712457 -0.14134653
v -0.11348123 -0.05240249 0.16766132
v 0.34654516 -0.61865109 -0.27018806
v 0.34457332 -0.61865109 -0.27861706
v 0.34434203 -0.61865109 -0.27891523
v -0.23861280 -0.40639923 -0.02186351
v 0.34251224 -0.61865109 -0.28195832
v 0.33070048 -0.61865109 -0.29774328
v -0.10630428 -0.07127525 0.14314002
v 0.05989543 0.47231271 -0.14858994
v 0.35725671 -0.61865109 -0.20820137
v -0.24778336 -0.41656661 0.01508452
v -0.22957514 -0.40114942 0.04518787
v 0.23865481 -0.52973657 -0.40902044
v -0.15913465 0.40373293 0.01734395
v -0.14617626 0.40041031 0.01787558
v 0.13239599 0.07890922 -0.12061311
v 0.10740954 0.35083613 -0.17603516
v 0.10421978 0.13811910 -0.15244424
v -0.17036525 0.39157194 -0.00817411
v -0.13673989 -0.04103900 0.16154761
v -0.13534436 -0.07227207 0.15084862
v -0.13394885 -0.05652261 0.15769332
v -0.12776869 -0.06303500 0.17012007
v -0.13295205 -0.04688691 0.16221213
v -0.12637317 -0.06695575 0.17198076
v 0.18057462 -0.02163465 0.18414171
v 0.18050818 -0.02103652 0.18434109
v -0.18897219 -0.37337196 0.08187010
v -0.19468717 -0.36240716 0.06319671
v 0.17691969 -0.02535602 0.18095197
v 0.16070509 0.46958823 -0.01149677
v -0.12424667 -0.06117432 0.17370854
v -0.12683835 -0.05904784 0.17563571
v -0.12125627 -0.05147214 0.17736349
v -0.12617382 -0.05313352 0.17796156
v -0.23622048 -0.44361308 0.05841207
v 0.24749310 -0.53644836 -0.39214131
v 0.16176834 0.46540156 0.00624626
v 0.17984364 -0.02894449 0.19118576
v 0.21081087 0.13566035 0.03674831
v 0.21626004 0.13639131 0.01820784
v -0.15999854 0.37741743 -0.01754403
v -0.15753977 0.37741743 -0.01103160
v 0.16695170 0.45370586 -0.01123096
v -0.16292248 0.38499313 -0.00152879
v -0.12225307 -0.07041133 0.17284465
v 0.20011189 0.15446663 0.04066906
v -0.16345412 0.39442951 0.00757532
v 0.16396130 0.45098126 0.00677788
v 0.16688524 0.45091484 -0.00192751
v 0.19379882 0.15905193 0.04924153
v 0.25201193 -0.56263095 -0.40662812
v 0.18090690 -0.02243210 0.18361010
v 0.18097335 -0.02455858 0.18068614
v -0.18445336 -0.41437365 0.10885013
v -0.17249176 -0.41550334 0.11529611
v -0.12717061 -0.06908229 0.16606643
v -0.13879994 -0.32652238 0.10639135
v -0.15448292 0.38486017 0.00837275
v -0.13308496 -0.06715513 0.15430419
v -0.15381839 -0.38819105 0.11137536
v 0.26716327 -0.59393046 -0.40961853
v 0.18070754 -0.02229914 0.18387592
v 0.21393419 0.16729211 0.00677788
v 0.22290538 0.13253705 -0.00073134
v 0.22038015 0.16569722 -0.00631343
v 0.25314163 -0.60143968 -0.42064977
v 0.18283403 -0.02017266 0.18241393
v 0.24098460 -0.61865109 -0.43281481
v 0.24096125 -0.61865109 -0.43283015
v 0.17113826 0.42273865 -0.00711085
v 0.24092260 -0.61865109 -0.43286859
v -0.11627227 -0.06230404 0.17025297
v -0.15222350 0.37755039 0.00166098
v -0.25755198 -0.45311591 0.03767864
v -0.15521390 0.37848073 -0.00199396
v 0.15970830 0.44021578 0.01661297
v -0.15886884 0.36931014 -0.02113251
v -0.15155897 0.37077207 -0.01249358
v 0.22263956 0.11798379 -0.00824057
v 0.14880995 0.44526624 0.02870746
v -0.12378150 -0.02190045 0.18533788
v 0.12388996 0.46659782 0.04126714
v 0.13465539 0.45995247 0.03668187
v -0.12717061 -0.01997328 0.18713212
v 0.13412378 0.44938636 0.03203014
v -0.15062863 0.38951200 0.01329030
v -0.12823386 -0.02575471 0.18454044
v 0.17040726 0.43729192 -0.00750958
v -0.12896485 -0.03446013 0.18108486
v -0.13840122 -0.01631839 0.17397437
v -0.12564219 -0.03725115 0.18221458
v -0.22080331 -0.44314790 0.07535767
v -0.20219639 -0.43610386 0.10340096
v 0.21340255 0.13320153 0.05382681
v 0.19472918 0.15054589 0.06013988
v 0.17186924 0.40446389 -0.01993635
v 0.17034081 0.39595785 -0.02399001
v -0.24439423 -0.45976123 0.05807981
v 0.15977474 0.38798353 0.00106289
v 0.17253377 0.41263772 -0.01561688
v 0.18376439 0.17912076 0.05063706
v 0.16894530 0.41569454 0.00053128
v 0.15452493 0.41695710 0.02033435
v 0.17658743 0.17998469 0.05462426
v -0.01373483 0.14044496 0.10971403
v -0.01134251 0.16496625 0.11748907
v 0.18589088 -0.04635526 0.20048925
v -0.23103712 -0.47889979 0.08054103
v -0.12437957 -0.04715271 0.18022097
v -0.02828810 -0.22903539 -0.26548131
v -0.03054751 -0.27807792 -0.28156300
v 0.19519435 -0.03632081 0.20055569
v 0.19187169 -0.01764743 0.20773264
v -0.16970072 0.35768087 -0.01893956
v 0.14083555 0.41748881 0.02099888
v -0.12823386 -0.04090611 0.18022097
v 0.13917422 0.19938904 0.07695256
v -0.18405464 -0.45145457 0.12533056
v -0.24884660 -0.51538265 0.07735127
v -0.25589066 -0.54435630 0.09595819
v -0.23781536 0.05658089 0.15383902
v -0.24166966 0.02581305 0.14632980
v -0.10583910 -0.27335973 -0.27883842
v -0.23887861 0.03863853 0.16161406
v -0.31782513 -0.52255961 -0.12699263
v -0.29410131 -0.47657393 -0.12812233
v -0.30267377 -0.47139057 -0.16859240
v -0.29150963 -0.49856996 -0.09383243
v 0.16475874 0.39017642 -0.00591470
v -0.12517701 -0.22484882 -0.24076068
v -0.13421466 -0.28791300 -0.27644610
v 0.15392685 0.37575612 -0.01687950
v -0.02895263 -0.26286011 0.12360277
v -0.00801984 -0.31203557 0.13775731
v 0.15631917 0.36818042 -0.02305965
v 0.13757933 0.16283971 0.05774756
v 0.14588600 0.15665959 0.06246575
v -0.16358701 0.34744697 -0.00139587
v -0.06497032 -0.23514910 0.13609598
v 0.15811340 0.16775728 0.05947534
v -0.03805674 -0.23973436 0.12380212
v -0.23422689 0.05950487 0.17470536
v -0.23588821 0.04621416 0.17204724
v 0.13771225 0.17712718 0.05449134
v 0.14475629 0.36964235 -0.00797475
v -0.12916421 0.17134575 0.05940889
v -0.13474629 0.17420326 0.05535524
v -0.13640762 0.16915279 0.05502298
v -0.15162543 0.35395937 0.00019900
v -0.23914442 0.03039828 0.13450112
v -0.24226772 0.00959842 0.16918973
v -0.11647163 -0.23036446 0.13124489
v -0.09580466 -0.26764475 0.13337140
v -0.10657009 -0.22205779 0.13729214
v -0.12982874 0.16722563 0.05641849
v -0.11846523 -0.28000506 0.12373567
v -0.03034815 -0.32339908 -0.30083447
v -0.23867925 0.02767374 0.17550278
v -0.23482495 0.04947042 0.18228103
v 0.14542083 0.37841419 0.00598043
v -0.09666855 -0.32107320 -0.30708108
v -0.11866459 -0.32851597 -0.30927404
v -0.08450759 -0.34492995 -0.32077045
v -0.24552394 0.00182341 0.14726014
v 0.15140163 0.39197069 0.01329030
v -0.23223327 -0.01711577 0.17816094
v -0.22904352 -0.00834394 0.18427464
v 0.19313429 -0.00448968 0.21397924
v 0.12927268 0.17799111 0.05774756
v 0.13040238 0.17420326 0.05535524
v 0.13691480 0.18297509 0.05422553
v -0.23442623 0.00640864 0.18274620
v 0.13591801 0.19068369 0.05701657
v 0.12482031 0.17134575 0.05940889
v -0.24166966 -0.01133434 0.16912328
v -0.24412842 -0.04522554 0.11556190
v 0.14336078 0.40539424 0.01913820
v 0.14628472 0.38951200 0.01329030
v 0.14169944 0.37622129 0.00930311
v -0.12790160 0.17367161 0.08339854
v 0.17751777 -0.03917832 0.18706567
v -0.04443625 -0.35383468 0.13343785
v -0.12650608 0.17699429 0.09529367
v -0.12025947 0.18596550 0.11370122
v -0.01758912 -0.39164662 0.14699432
v -0.06955560 -0.34931586 0.13038099
v -0.06709683 -0.27821082 0.13084616
v 0.16190125 0.34671601 -0.00212687
v -0.06065086 -0.34247116 -0.31638454
v 0.18602380 -0.06855064 0.19384389
v 0.19419755 -0.05658909 0.19304648
v 0.14349368 0.36106990 0.00106289
v 0.13924067 0.35382654 0.00617979
v -0.12690480 -0.30432698 0.11642580
v -0.11567419 -0.31456077 0.12194143
v -0.14770469 0.04787553 0.21098887
v -0.15554618 0.05491958 0.21557413
v -0.14039481 0.05624861 0.20221703
v -0.13700570 0.05026787 0.20281510
v -0.13853413 0.03112931 0.20487516
v -0.15195769 -0.33556001 -0.30063510
v -0.13487919 0.05731191 0.20268220
v 0.20609270 0.14051144 0.08373080
v 0.18416310 0.15719118 0.06439290
v 0.19958027 0.14556190 0.08658829
v 0.15877794 0.35621881 -0.00943673
v 0.14714861 0.36645270 -0.01236067
v -0.12504410 0.16456750 0.06073796
v -0.12597446 0.16018158 0.05748175
v -0.12152208 0.15778931 0.06146894
v 0.15332877 0.35090255 -0.00086425
v -0.13208816 0.16217523 0.05601977
v -0.11786715 0.16051386 0.07947779
v -0.18358947 -0.20923232 -0.16354194
v -0.17654542 -0.21853574 -0.19597115
v -0.20173122 -0.28040378 -0.18447473
v -0.12830032 0.06821023 0.20500806
v -0.19947181 -0.27502107 -0.16845949
v -0.10743398 0.14469798 0.08027522
v -0.14032837 0.14715673 0.06465871
v -0.14192324 0.16283971 0.05774756
v 0.06640785 0.01936707 0.11815359
v 0.07617649 -0.01372668 0.12154271
v -0.16265667 0.03664495 0.22202011
v -0.08909287 -0.30326370 0.12965003
v -0.18378883 0.04648002 0.22800092
v -0.17647896 -0.23774078 -0.20912890
v 0.09053040 0.05186270 0.14094706
v -0.13501210 0.14675804 0.06273156
v -0.20246220 0.05199566 0.22886481
v -0.19787692 0.01757281 0.22461179
v -0.14750532 0.00800353 0.19783112
v -0.14511300 0.00295306 0.18985670
v -0.13009455 0.14283729 0.06665230
v -0.16983363 -0.27023643 -0.23384953
v -0.19209549 -0.28173284 -0.22009370
v -0.15687524 -0.00116700 0.19178386
v -0.15508101 0.00866807 0.20613778
v -0.16026435 0.00109238 0.19995760
v 0.17233441 0.15513118 0.06911107
v -0.15800495 -0.28485614 -0.25079512
v -0.11826587 0.13639131 0.07356345
v -0.11906331 0.14283729 0.06572196
v -0.17807385 0.00534540 0.21278310
v 0.12867460 0.34990579 0.01209414
v 0.09538150 0.02368651 0.13310560
v 0.15930957 0.15214078 0.06990852
v 0.16269868 0.14689094 0.07841454
v 0.13565219 0.34080162 0.01561617
v -0.16651097 -0.30977613 -0.26421869
v -0.19521879 -0.33808525 -0.26063021
v 0.09817253 0.00501312 0.14573170
v 0.09578021 0.00461443 0.16447154
v -0.17501699 -0.33888269 -0.28036684
v 0.12621583 0.44539920 0.03933999
v -0.09341234 0.14316957 0.09536012
v -0.09520657 0.13904944 0.09177165
v -0.09055485 0.13599262 0.09429687
v -0.20850945 -0.32758562 -0.23351726
v 0.12913977 0.14104303 0.06917753
v 0.17897975 0.14828645 0.08725282
v 0.09930223 0.03943597 0.15443709
v 0.18210305 0.13918234 0.11469801
v 0.19120716 0.14881810 0.09117357
v -0.09102002 0.14702383 0.10180610
v -0.09806406 0.15267237 0.10180610
v -0.20804428 -0.31529177 -0.21922981
v 0.19785248 0.13911592 0.10825206
v -0.08895996 0.13958110 0.09635693
v 0.20715595 0.13725524 0.09217037
v -0.02569642 0.60754517 0.12061240
v 0.21964917 0.11878117 0.03109978
v 0.22144341 0.10575638 0.01827430
v -0.08184946 0.13399898 0.09768599
v -0.02662677 0.60076698 0.12672611
v -0.08683346 0.12569232 0.10200546
v -0.22485697 -0.35589474 -0.16267805
v -0.21037014 -0.32565849 -0.16048509
v -0.21216439 -0.31987703 -0.17703196
v -0.16730840 0.01996514 0.21996005
v 0.22237375 0.09864585 0.02744486
v -0.17853902 0.02448396 0.22447889
v -0.19747820 -0.00448968 0.21397924
v -0.18631404 0.00640864 0.21564058
v -0.21163275 -0.31396270 -0.19517372
v 0.22297183 0.10462666 0.00544881
v 0.11930468 0.43131111 0.04100133
v -0.06789427 0.58455241 0.12207436
v -0.05533459 0.59292548 0.12386860
v -0.04377172 0.58528337 0.13576376
v -0.11268379 -0.40493727 -0.36622451
v -0.12059173 -0.36094517 -0.33140299
v 0.06826854 0.43808930 0.08844899
v 0.08368572 0.44559858 0.07987652
v -0.08570375 0.15034651 0.11071082
v -0.06390707 0.55537933 0.13769087
v -0.19408909 -0.00236320 0.21457734
v -0.01393419 0.58548275 0.13955158
v -0.05081577 -0.41623433 0.14486781
v -0.03931935 0.57079652 0.14413684
v -0.07540349 0.14835293 0.11390060
v -0.07546995 0.13845138 0.10213836
v -0.04157876 0.55245547 0.14945310
v -0.04988542 0.56408475 0.14267485
v -0.23628693 0.04986911 0.18945797
v -0.13707215 -0.36366978 0.11323605
v -0.10843078 0.11957861 0.10393261
v -0.10663654 0.13499580 0.08213592
v -0.04829054 -0.40633278 -0.35731977
v -0.23210038 0.03259124 0.19357810
v -0.00217195 0.56375254 0.14393747
v -0.01526325 0.54873411 0.14413684
v -0.00217195 0.55059479 0.14121289
v 0.10069776 0.00348471 0.13789021
v 0.09983386 0.00155755 0.12945065
v 0.09950160 -0.00189803 0.14088061
v -0.02476608 0.55989821 0.14925373
v -0.02370282 0.54441461 0.14407040
v -0.21203148 0.05651447 0.22607375
v -0.21548705 0.04880587 0.22540923
v -0.12996165 -0.39151369 0.12313760
v -0.11407931 -0.36852087 0.12559635
v -0.21468961 0.03272420 0.22374790
v -0.10225063 0.13107506 0.08898061
v -0.00682368 -0.43623679 -0.37858483
v 0.21134251 0.12981244 0.09748663
v -0.11088956 0.16038096 0.09542659
v -0.22558795 0.04036632 0.21683675
v -0.07267890 -0.40533599 0.13901993
v -0.11188635 -0.40367465 0.13377012
v -0.08729863 -0.42460745 0.14413684
v -0.00469718 0.57405272 0.14480136
v 0.21572842 0.12303419 0.08745218
v 0.09352080 0.04162893 0.14201033
v -0.07865970 0.55265485 0.12812159
v 0.10036549 0.01079455 0.13197588
v -0.05154675 -0.46035933 -0.40729265
v -0.08497277 -0.43849619 -0.39147677
v 0.22210794 0.10735120 0.09449623
v 0.22450026 0.10210143 0.10532811
v 0.09930223 0.02222458 0.14639625
v -0.06171411 0.53557636 0.14307357
v -0.07287827 0.52800066 0.13662763
v 0.09930223 0.02249037 0.15270930
v 0.21825364 0.11864827 0.11469801
v -0.10544038 0.15712476 0.09874925
v 0.12103247 0.46832555 0.04505498
v 0.12495321 0.47198050 0.04359301
v 0.22908554 0.08847850 0.11396705
v 0.00327722 0.52527605 0.15064927
v -0.18558306 -0.36014776 -0.28501857
v -0.16511544 -0.38785877 -0.33997546
v -0.22784736 -0.41264586 -0.29963831
v 0.09910288 -0.00688201 0.14247550
v -0.10570619 0.15187492 0.08957869
v -0.15468228 -0.41257938 -0.36808521
v -0.05015124 0.51504228 0.14121289
v -0.04164521 0.52793411 0.14340585
v -0.04244265 0.52361474 0.14294068
v 0.09837189 0.42692519 0.04870991
v 0.11485231 0.41310289 0.03455536
v -0.14285360 -0.44181884 -0.39798920
v -0.00868438 0.11731924 0.10240419
v -0.02004789 0.10868030 0.10127447
v -0.01459872 0.09273152 0.09343299
v -0.01832011 -0.44268273 0.15902238
v 0.14734797 0.12715431 0.12307115
v 0.10608047 0.39635661 0.02850812
v 0.08534705 0.41137504 0.04292847
v 0.09491632 0.40978015 0.03794448
v -0.11208572 -0.45338173 0.15091506
v 0.12482031 0.19327534 0.10891658
v 0.12129828 0.21155003 0.11682452
v 0.13206371 0.16915279 0.05502298
v -0.02596224 0.09990847 0.10080929
v 0.07910044 0.42685865 0.06386126
v 0.07637585 0.41217255 0.04392527
v -0.18259266 -0.47079250 -0.41679548
v -0.19488653 -0.45650503 -0.39333746
v -0.06357480 -0.46009350 0.15616488
v 0.12834233 0.18018407 0.08133848
v -0.14172388 -0.49345307 0.15417129
v -0.21774646 -0.45650503 -0.36649032
v -0.22259755 -0.45152105 -0.34954474
v 0.09445115 0.01444951 0.16872456
v 0.09458405 0.01571212 0.17530343
v 0.10847279 0.43184270 0.04897572
v -0.03054751 0.12522715 0.10100866
v -0.03606314 0.10615507 0.10585973
v -0.02523125 0.11924634 0.10266999
v 0.06713884 0.42114376 0.05987407
v -0.01858592 0.12848341 0.10080929
v 0.06089223 -0.02894449 0.12041299
v -0.00217195 0.12994534 0.10300225
v -0.24333098 -0.43430962 -0.30508749
v 0.11352325 0.16051386 0.07947779
v 0.06580977 0.41522937 0.04346010
v 0.12548484 0.16722563 0.05641849
v -0.23867925 -0.47418160 -0.35100672
v -0.03958516 0.12157226 0.10233772
v -0.17946936 -0.48049468 0.13828893
v -0.14929956 -0.41650013 0.11835296
v -0.14484720 -0.39955456 0.11682452
v -0.02469962 0.51470995 0.15157961
v -0.22950870 0.05418861 0.21623868
v 0.12774425 0.16217523 0.05601977
v 0.11784271 0.15167561 0.05994051
v 0.12163055 0.16018158 0.05748175
v -0.06344190 0.12868272 0.10732172
v -0.05247710 0.11911344 0.10579328
v -0.04961961 0.13379967 0.10878368
v -0.06463806 0.48613501 0.11961558
v -0.05859080 0.49510622 0.12991582
v -0.22984097 0.03019897 0.20892881
v -0.04961961 0.14655866 0.11217281
v 0.11717818 0.15778931 0.06146894
v 0.11245999 0.15094458 0.06598777
v 0.04906354 0.42665940 0.10911596
v 0.04407954 0.43875385 0.12320405
v -0.21369282 -0.47471325 0.11250505
v 0.12070020 0.16456750 0.06073796
v 0.11564975 0.15991579 0.07143694
v -0.26379860 -0.42979081 -0.25763982
v -0.21947425 -0.35788832 -0.24654211
v -0.03606314 0.08721589 0.09914797
v -0.05028414 0.08502293 0.11117599
v -0.06151475 0.49437525 0.12692542
v -0.05380617 0.50633687 0.13968448
v -0.22485697 0.00900035 0.20839719
v -0.21296182 -0.00043603 0.21098887
v -0.22492342 -0.00522064 0.19530588
v -0.25967849 -0.41410782 -0.21218576
v -0.22525569 -0.34898359 -0.20514171
v -0.30021502 -0.51950276 -0.07190285
v -0.25575775 -0.40752895 -0.16227933
v -0.27343431 -0.48953232 0.03801091
v -0.26639028 -0.50514884 0.05874435
v -0.23681855 -0.37603009 -0.17683260
v -0.03699348 0.50540652 0.14825693
v -0.28998119 -0.57213378 0.07462669
v -0.27988029 -0.58396246 0.09044257
v -0.30433511 -0.55771341 0.04007096
v -0.02915199 0.48101812 0.14327295
v -0.22100267 -0.34107565 -0.18327858
v 0.05737021 0.41243835 0.05076996
v 0.06009479 0.41323573 0.04591887
v -0.22731574 -0.49777254 0.10805269
v -0.01911754 0.08695009 0.09110712
v 0.10973541 0.14569480 0.06931043
v 0.10727663 0.14024558 0.07369635
v 0.11392196 0.13639131 0.07356345
v -0.25103956 -0.55831149 0.12991582
v -0.22977451 -0.52176216 0.12632735
v 0.03663677 0.40027735 0.08592376
v 0.04208595 0.39908122 0.06844654
v -0.27090911 -0.43264828 -0.19337948
v -0.30686034 -0.55000483 0.01142959
v 0.04886418 0.40399872 0.05847855
v 0.10415333 0.04368899 0.19696722
v 0.10787471 0.13406546 0.07794937
v 0.11990276 0.40333417 0.02930554
v -0.28466493 -0.46401425 -0.26202574
v 0.10229264 0.13499580 0.08213592
v -0.28792116 -0.51259162 -0.03409092
v 0.09239109 0.14124240 0.09124003
v -0.28506365 -0.45251784 -0.20009126
v -0.30107891 -0.47278608 -0.20015771
v -0.22884416 0.01172496 0.19417616
v 0.13033593 0.04176183 0.20467579
v 0.12096602 0.38273369 0.02239441
v 0.11518458 0.04907167 0.20653647
v 0.12382351 0.04840712 0.20573906
v 0.12455449 0.06389079 0.20514096
v -0.29602845 -0.49498149 -0.29279362
v -0.30041436 -0.48866843 -0.24514660
v -0.02356992 -0.58289921 -0.57302720
v -0.02609514 -0.60011062 -0.57468851
v -0.05094868 -0.59319947 -0.57302720
v -0.02031370 -0.56708333 -0.56711284
v -0.05373972 -0.61360064 -0.57010324
v -0.08663410 0.50627045 0.12041299
v -0.08304562 0.52388053 0.12865321
v -0.30539838 -0.54634989 -0.02558490
v -0.07613448 0.51484291 0.13177651
v -0.10331387 0.11339849 0.11217281
v -0.08191592 0.11393008 0.11483094
v 0.09438469 0.38838228 0.02771067
v 0.08707483 0.36891139 0.01873948
v 0.10933668 0.35389295 0.01282513
v -0.09367815 0.13154023 0.09376525
v 0.06202194 0.38319886 0.04020389
v 0.07491387 0.37323089 0.02764422
v 0.07424934 0.39662240 0.03362501
v -0.02097824 -0.53272697 -0.52664280
v -0.02788938 -0.52142991 -0.49986209
v -0.34055216 -0.59844928 -0.03043598
v -0.32526790 -0.56974146 -0.03335993
v -0.32692924 -0.56196641 -0.05867864
v -0.06450515 -0.50162682 -0.45686682
v -0.15827076 -0.02356175 0.16925618
v -0.16146052 -0.01126793 0.17689832
v -0.16970072 -0.01611902 0.17630022
v -0.05128094 -0.55997282 -0.55674612
v -0.14345167 -0.02442568 0.16653160
v -0.14677434 -0.00728070 0.17649960
v -0.17421955 -0.06436410 0.16506964
v -0.15175833 -0.02987483 0.16473736
v -0.17402019 -0.04775078 0.16985428
v -0.17242531 -0.03093807 0.17317692
v -0.07626738 -0.52116410 -0.48318232
v -0.08065330 -0.53830904 -0.50870041
v 0.10382106 0.15247299 0.08585731
v -0.33324229 -0.57193441 -0.09403179
v -0.34958982 -0.60748694 -0.09908225
v -0.35398325 -0.61865109 -0.07380492
v -0.22013878 0.16536495 0.00451847
v -0.19953826 0.16217523 0.04432400
v -0.35307075 -0.61865109 -0.04622519
v -0.21841099 0.14376764 0.01887237
v -0.22558795 0.11685407 0.01395484
v -0.33709659 -0.56402647 -0.12719199
v -0.00429846 0.46619907 0.14254195
v -0.01612715 0.45377228 0.13848831
v 0.12415577 0.35010517 0.01348966
v 0.11538394 0.35382654 0.01382192
v -0.22578731 0.14888452 -0.02080024
v 0.08933424 0.13154023 0.09376525
v 0.07112604 0.13845138 0.10213836
v -0.35923829 -0.61865109 -0.13499551
v -0.35886720 -0.61865109 -0.13319321
v -0.35827306 -0.61865109 -0.12852972
v 0.11073221 0.35070317 0.01348966
v 0.11604847 0.36545581 0.01966982
v 0.09790672 0.13107506 0.08898061
v -0.10411132 -0.49624411 -0.44915823
v -0.35082553 -0.61865109 -0.09678123
v -0.35145485 -0.61865109 -0.09162209
v -0.01672523 0.40705567 0.12134337
v -0.34999976 -0.61865109 -0.10048972
v 0.11232709 0.00906677 0.19670140
v 0.12023503 0.02016452 0.20221703
v -0.34061861 -0.54860930 -0.17995591
v -0.35650094 -0.59000972 -0.18573735
v -0.10676945 -0.53558446 -0.49414711
v -0.19282647 0.16190937 0.05528879
v -0.18751021 0.19148113 0.04744730
v -0.00655787 0.49012230 0.14892148
v 0.06554396 0.13379967 0.10353389
v 0.04527570 0.13379967 0.10878368
v 0.12754489 0.01617729 0.19969180
v 0.12747844 0.01684184 0.19975825
v 0.09843835 0.35495626 0.01289158
v 0.07318609 0.31661272 -0.21251802
v 0.12820942 0.01345268 0.19796401
v 0.12854169 0.01212365 0.19916018
v 0.08335344 0.30166071 -0.20494234
v 0.07617649 0.30126195 -0.21165413
v -0.29343676 -0.52508484 -0.02292677
v 0.12741199 0.01664246 0.19962535
v 0.12674745 0.01624377 0.19942598
v 0.01424201 0.12848341 0.10080929
v 0.03524126 0.12157226 0.10233772
v 0.08840390 0.34897545 0.01873948
v 0.08129340 0.34645022 0.02319184
v 0.05949671 0.35887700 0.03747931
v 0.12953849 0.00208920 0.19032187
v 0.12940558 0.00614284 0.19271420
v 0.12774425 -0.00302768 0.19258131
v 0.12993721 -0.00196444 0.18726502
v -0.13959738 -0.00568581 0.17836028
v 0.09690992 0.11532559 0.10971403
v 0.12993721 0.00959842 0.19583750
v 0.13073465 0.00222210 0.18859408
v -0.31563217 -0.58150369 0.03475470
v 0.12920622 -0.00169865 0.18580305
v -0.16823876 0.16848825 0.05960826
v 0.12794361 -0.00143286 0.18606888
v -0.31829030 -0.57957655 -0.00006682
v -0.31370504 -0.55983992 -0.02212932
v -0.10171900 -0.56854529 -0.54378774
v -0.12338277 -0.58522508 -0.55149631
v -0.07666611 -0.58449408 -0.56638184
v -0.09181745 -0.60921472 -0.56638184
v 0.06195548 0.29448370 -0.21637231
v -0.35178867 -0.61865109 -0.03812622
v -0.34079942 -0.61865109 -0.01245926
v 0.13133273 -0.00422388 0.18214813
v 0.08986587 0.33555190 -0.19557243
v 0.12947203 -0.00242961 0.18427464
v -0.32174588 -0.59100651 0.01940399
v -0.14378394 -0.60256938 -0.54976852
v -0.13143638 -0.61865109 -0.55330353
v -0.11441396 -0.61865109 -0.55880738
v -0.13740443 -0.57279831 -0.53302230
v 0.06720530 0.11991089 0.11037857
v -0.18265912 -0.02794767 0.17736349
v -0.17667832 -0.03452655 0.17769577
v -0.18206104 -0.03911184 0.17676539
v -0.14471428 0.20025297 0.06605422
v -0.32008454 -0.59339883 0.00292356
v -0.33538509 -0.61865109 0.00613093
v 0.05231975 0.40167287 0.04831119
v -0.33742886 -0.61619231 -0.00684506
v 0.09956805 0.32232761 -0.18680059
v 0.09591312 0.31641335 -0.19065488
v -0.33810637 -0.61865109 -0.00569764
v -0.33444454 -0.61865109 0.00105632
v -0.17840610 -0.05512710 0.17211368
v -0.17807385 -0.06190535 0.17862611
v 0.11917177 0.32804262 -0.17224732
v 0.11751044 0.31807465 -0.17523772
v 0.12136473 0.00700677 0.19902725
v -0.14431556 0.14243860 0.07343054
v -0.14843567 0.15420078 0.06339609
v -0.16431801 0.15081168 0.07150339
v -0.30852168 -0.61353418 0.08785089
v -0.16750776 -0.53757806 -0.48849858
v -0.19349100 -0.54409049 -0.48617272
v -0.23429334 -0.55890956 -0.45680037
v -0.23216683 -0.53651481 -0.44264580
v -0.21701548 -0.52993593 -0.45540486
v -0.17767512 0.14822003 0.08113912
v 0.05019325 0.37296509 0.05076996
v 0.04221885 0.37861356 0.06013988
v -0.31450245 -0.60256938 0.06678520
v 0.03789939 0.38778415 0.06592132
v 0.02806430 0.37416123 0.07422798
v 0.01922601 0.11519270 0.10320161
v 0.03484253 0.08655134 0.10180610
v 0.03723485 0.10183563 0.10778689
v -0.15893529 0.15692539 0.06452579
v -0.15082799 -0.56256450 -0.51740576
v 0.00679924 0.11333201 0.10187255
v -0.32410063 -0.61865109 0.07152071
v -0.31440384 -0.61865109 0.08532995
v -0.16119433 -0.61865109 -0.53875461
v -0.16166505 -0.61865109 -0.53858575
v -0.15807139 -0.58449408 -0.53335457
v -0.31171089 -0.61865109 0.09013294
v -0.30712547 -0.61865109 0.09495267
v -0.30461611 -0.61865109 0.10265859
v -0.30992293 -0.61865109 0.09145804
v 0.12727907 0.01285461 0.20028987
v -0.19561751 -0.58389601 -0.50889975
v -0.13720506 -0.08968278 0.14220968
v -0.17069753 -0.60230357 -0.53222485
v -0.36247100 -0.61865109 -0.16225591
v 0.00786249 0.10143688 0.09808472
v 0.02401065 0.08867788 0.09469559
v -0.16196887 -0.61865109 -0.53825281
v 0.11704527 0.30066388 -0.17470609
v 0.12468740 0.30511628 -0.16666524
v 0.02972563 0.39436309 0.07834809
v -0.24326453 -0.04695333 0.14965245
v -0.24598911 -0.01751453 0.14666208
v 0.10142874 -0.03558985 0.15184541
v -0.33428832 -0.61865109 0.03412217
v -0.33423816 -0.61865109 0.03469011
v -0.33351379 -0.61865109 0.03667876
v -0.15076154 -0.55060290 -0.50438094
v 0.03909555 0.40512844 0.10041057
v -0.23947670 -0.03791570 0.16533543
v -0.16050128 -0.61865109 -0.53934403
v -0.14461337 -0.61865109 -0.54732634
v 0.03411155 0.40187224 0.10473004
v -0.32777729 -0.61865109 0.05694464
v -0.19362392 0.15513118 0.06173477
v -0.18079842 0.15646021 0.06811428
v -0.20083570 -0.61865109 -0.49747882
v -0.20963916 -0.60030998 -0.49727041
v -0.15355258 -0.54203043 0.17271175
v -0.10716817 -0.51717689 0.18115131
v -0.19575043 -0.56522263 -0.50012792
v -0.21455671 -0.57107052 -0.48816634
v -0.18079842 -0.00794525 0.19158448
v -0.22459114 -0.56103607 -0.47181881
v -0.04051551 -0.60529398 0.22640602
v -0.02460445 -0.61865109 0.23514050
v -0.18869025 -0.61865109 -0.50957270
v 0.10441914 0.28996488 -0.18327857
v -0.05360681 -0.49298790 0.17271175
v -0.06324254 -0.53425540 0.19111931
v -0.19415554 0.14104303 0.10885013
v -0.18352302 0.14569480 0.09429687
v -0.19143096 0.14968196 0.08858189
v 0.09744154 -0.00907497 0.12945065
v 0.09072976 -0.00468905 0.12513118
v -0.23097067 -0.58642123 -0.46995812
v -0.16684323 0.13373319 0.11988137
v -0.14863503 0.12821755 0.11396705
v -0.07294472 -0.50641146 0.17709767
v -0.08882706 -0.53119855 0.18846118
v 0.08076177 0.27208894 -0.19823056
v 0.02573843 0.39403075 0.08386371
v 0.02959272 0.39668895 0.09755308
v 0.01590335 0.39097393 0.08878125
v -0.18844055 -0.01106855 0.19464134
v -0.18883928 -0.01066986 0.19650205
v -0.18704504 -0.01465702 0.19052124
v -0.22093622 -0.61399935 -0.47746734
v -0.23136938 -0.60855018 -0.46218308
v 0.09624538 -0.04256741 0.12679252
v -0.24107157 -0.59738602 -0.44935760
v -0.24366325 -0.57213378 -0.44483876
v -0.20299383 0.14722321 0.08319918
v -0.20020279 0.14649224 0.09197101
v 0.10136229 0.26504490 -0.17284540
v -0.21587999 -0.61865109 -0.48189844
v -0.20544348 -0.61865109 -0.49499279
v -0.18724440 -0.01339441 0.19018897
v -0.18764311 -0.01286282 0.19171741
v -0.05879017 -0.59120587 0.22055815
v -0.20193058 0.14901748 0.06751620
v -0.18126359 -0.01007173 0.18812891
v 0.04288338 0.32139727 -0.21019215
v 0.05371527 0.29953416 -0.21650522
v 0.01111871 0.07319421 0.09575885
v -0.22125982 -0.61865109 -0.47168303
v 0.01969118 0.39044234 0.08313271
v -0.22835684 -0.61865109 -0.45542701
v -0.04688957 -0.61865109 0.23050653
v -0.06100990 -0.61865109 0.23203868
v -0.21123403 0.13585966 0.09662274
v 0.01909310 0.39741991 0.11144181
v 0.02886174 0.40951436 0.11509673
v -0.07201437 -0.60934762 0.23085839
v -0.06052466 -0.61865109 -0.56682129
v -0.00389944 -0.61865109 -0.56397100
v -0.07363236 -0.61865109 0.23424996
v -0.08729424 -0.61865109 -0.56282047
v 0.04520925 0.28112663 -0.21404644
v 0.04062397 0.30152774 -0.21079023
v -0.07909185 -0.61865109 0.23573844
v -0.18564951 -0.01817908 0.18693277
v -0.22233174 0.12555942 0.04326074
v -0.22525569 0.12110709 0.06186766
v -0.13164261 -0.61865109 0.23430509
v -0.11224710 -0.61865109 0.23791150
v -0.11142118 -0.60708821 0.23464624
v -0.00262538 -0.61865109 -0.56382733
v -0.00279431 -0.61865109 -0.56384257
v -0.21608514 0.13233767 0.03993808
v -0.08091911 -0.58150369 0.21477668
v -0.09939314 -0.56788076 0.20793202
v -0.17970026 -0.61865109 -0.52140962
v 0.01018836 0.26424745 -0.21610650
v 0.09524858 -0.05313352 0.12579573
v 0.01763113 0.28637641 -0.21843236
v 0.02520681 0.38725256 0.07761709
v -0.11952848 -0.56269741 0.20414417
v 0.03052307 0.27674072 -0.21318255
v 0.03218440 0.29129398 -0.21318255
v -0.21908069 -0.61865109 -0.47553450
v 0.01377684 0.38585705 0.08253465
v 0.01371039 0.36877855 0.07941133
v -0.22680456 -0.61865109 -0.46037008
v -0.18545015 -0.00502133 0.20141959
v -0.19329164 -0.00874270 0.20573906
v -0.18970317 -0.00947366 0.19969180
v -0.23506188 -0.61865109 -0.44501925
v -0.18963672 -0.00947366 0.19955890
v -0.24524509 -0.61865109 -0.43292851
v 0.02866238 0.35362716 0.07741773
v 0.01424201 0.35409233 0.07961069
v -0.13029392 -0.53744515 0.18414171
v -0.14059418 -0.58622187 0.21251728
v -0.14949892 -0.60582560 0.22029232
v 0.03809875 0.22663488 -0.20720175
v -0.22399308 0.11499338 0.02658097
v -0.13773668 -0.56621943 0.19982470
v 0.04972808 0.24112173 -0.20966053
v 0.05896508 0.25919705 -0.20926181
v -0.22764800 -0.48667483 -0.38722375
v -0.16126116 -0.56874465 0.18527143
v -0.24293226 -0.53844195 -0.41952006
v -0.21721484 0.13346739 0.03196367
v -0.18604823 -0.00774587 0.19650205
v 0.00061909 0.38180334 0.08393016
v -0.29483228 -0.52674617 -0.34270005
v 0.08248956 0.23813133 -0.18062043
v 0.05092424 0.35402591 0.05276355
v -0.26492830 -0.52860687 -0.37360083
v -0.24977696 -0.53252761 -0.39280584
v 0.03417800 0.36020610 0.07343054
v -0.22286337 0.06900767 -0.00186104
v -0.15361903 -0.51292388 0.15357319
v 0.00885929 0.08336156 0.09183810
v 0.01477364 0.08695009 0.09110712
v 0.08773937 0.24358048 -0.16546908
v 0.08042950 0.22676778 -0.16938983
v -0.15481518 -0.48049468 0.14214323
v 0.12688036 -0.05472834 0.16134824
v 0.12462094 -0.03446013 0.18108486
v 0.00500500 0.35734853 0.07941133
v -0.22711638 0.09718386 0.02970427
v -0.22904352 0.09107015 0.04007098
v -0.25748554 -0.60143968 -0.42064977
v -0.26765288 -0.57764940 -0.40383708
v -0.25635583 -0.56263095 -0.40662812
v 0.09425179 0.24251724 0.12167561
v 0.10289071 0.22404324 0.12745707
v -0.22851189 0.11466111 0.04758021
v 0.05717085 0.23700161 -0.20640431
v -0.25044149 -0.57764940 -0.42756092
v 0.10913732 -0.05240249 0.16766132
v -0.19209549 -0.49876933 0.14201033
v 0.07604359 0.23048921 0.13715925
v 0.09099557 0.20948997 0.13509918
v -0.24526651 -0.61865109 -0.43286859
v -0.24530515 -0.61865109 -0.43283015
v 0.02308030 0.23088790 -0.20454362
v 0.11990276 -0.06117432 0.17370854
v 0.11133028 -0.04854822 0.17237948
v 0.05371527 0.20869253 -0.19397755
v -0.25881926 -0.61865109 -0.42547658
v -0.25920355 -0.61865109 -0.42277387
v -0.26988311 -0.61865109 -0.41766274
v -0.23309717 0.08143446 0.10486294
v -0.22724929 0.10402859 0.07622158
v 0.00646698 0.20204717 -0.20255002
v 0.07079377 0.21660043 0.14147871
v -0.18963672 -0.00947366 0.19962535
v 0.12874105 -0.06715513 0.15430419
v 0.12202926 -0.06695575 0.17198076
v -0.30307249 -0.52136346 -0.31751424
v 0.06660721 0.55032887 0.13436819
v 0.07750555 0.52321599 0.12971648
v -0.27795316 -0.55266296 -0.38210686
v -0.29290514 -0.54515373 -0.36423091
v 0.10335589 -0.05492772 0.15191189
v -0.30533190 -0.56216577 -0.36363283
v -0.31490118 -0.55977345 -0.34223487
v 0.02454227 0.21533782 -0.19902800
v 0.05192103 0.59837470 0.11921689
v 0.04853192 0.59186218 0.12619449
v 0.12960495 -0.05652261 0.15769332
v 0.04846546 0.60541869 0.11223929
v 0.03617160 0.20862605 -0.19656922
v -0.00509590 0.26006091 0.12592863
v 0.01636852 0.25268459 0.12891903
v 0.06089223 0.21533782 -0.19464208
v 0.05730375 0.22391034 -0.20168613
v -0.19608268 -0.00728070 0.21078949
v -0.19641496 -0.00581877 0.21251728
v -0.19654786 -0.00661615 0.21178628
v -0.22372727 -0.53511929 0.14407040
v -0.27476341 -0.60781919 -0.41347281
v -0.30087953 -0.60828437 -0.39287229
v -0.31203100 -0.61865109 -0.37560820
v -0.31603090 -0.60237002 -0.36968009
v -0.29164253 -0.59718668 -0.39772338
v -0.17435246 -0.54980547 0.16586705
v 0.12249444 -0.05904784 0.17563571
v 0.12342478 -0.06303500 0.17012007
v 0.00327722 0.21606885 0.13835541
v 0.01690014 0.21008804 0.13935220
v 0.02872883 0.22949239 0.13941865
v 0.02514035 0.20244592 -0.19318011
v 0.03922846 0.23281507 0.13968448
v 0.06554396 0.57996711 0.12333698
v 0.04746866 0.20563564 -0.19364528
v 0.05723730 0.57850518 0.13011523
v -0.27794809 -0.61865109 -0.41115310
v -0.28735351 -0.61865109 -0.40323746
v 0.12182991 -0.05313352 0.17796156
v 0.12003567 -0.04715271 0.18022097
v 0.03962717 0.60521931 0.11881817
v 0.03570643 0.59837470 0.12672611
v 0.06547751 0.21155003 -0.18719931
v 0.06049351 0.18895590 -0.18281339
v 0.11824143 -0.04097252 0.18068614
v 0.04687058 0.57245783 0.13895348
v -0.18770957 -0.58090561 0.17929063
v -0.20691458 -0.55040354 0.16267730
v -0.21754710 -0.58017463 0.17530343
v 0.11790916 -0.07041133 0.17284465
v 0.03258312 0.58867253 0.13636183
v 0.12282671 -0.06908229 0.16606643
v -0.01659232 0.23653644 0.13662763
v -0.02257312 0.22783108 0.13875410
v -0.32666341 -0.59751894 -0.34004191
v -0.31915420 -0.58728512 -0.35864885
v -0.32531711 -0.61865109 -0.34489670
v -0.32629375 -0.61865109 -0.34219825
v -0.32669212 -0.61865109 -0.33969835
v 0.11192837 -0.06230404 0.17025297
v -0.24691947 -0.57990880 0.15556681
v -0.31975227 -0.55392558 -0.30621719
v -0.03965162 0.21985670 0.14267485
v -0.06722973 0.23460927 0.13775731
v -0.07002078 0.21274617 0.14267485
v -0.28253842 -0.61732203 0.14466846
v 0.19094133 0.13253705 0.16686387
v 0.17625516 0.13306864 0.16088307
v 0.16867949 0.13572677 0.16533543
v 0.00015391 0.59591589 0.13124492
v 0.20183968 0.13306864 0.11994782
v -0.00097579 0.57717608 0.14333943
v 0.00394175 0.57950194 0.14274136
v 0.18210305 0.13552745 0.13576373
v 0.19386529 0.13233767 0.13862121
v 0.02062153 0.57870443 0.14347233
v -0.19621560 -0.01764743 0.20773264
v 0.06567687 0.16496625 -0.17650033
v -0.32793392 -0.61865109 -0.31657501
v -0.32808196 -0.61865109 -0.31634661
v -0.32978672 -0.60662304 -0.32037173
v -0.26678900 -0.60682240 0.15702877
v -0.19083287 -0.00369223 0.20401127
v -0.19561751 -0.00568581 0.21052370
v 0.00859348 0.56886942 0.14699432
v 0.01670079 0.56361958 0.14865566
v -0.26751999 -0.58250048 0.12320405
v 0.01284649 -0.04137128 0.11675807
v 0.00434047 0.57212562 0.14573170
v -0.23176810 -0.58642123 0.17264530
v -0.24392906 -0.59306657 0.16918973
v -0.21070241 -0.59206976 0.18427464
v -0.31762579 -0.53551800 -0.26016505
v -0.33530235 -0.53153081 -0.21763493
v -0.32201170 -0.51392069 -0.22487834
v 0.00766314 0.18330737 -0.19550597
v 0.17180279 0.13645780 0.12845386
v -0.26013612 -0.61865109 0.17141910
v -0.26940231 -0.61865109 0.16266805
v 0.01643497 0.15121044 -0.18706641
v -0.27316643 -0.61865109 0.15882823
v 0.05590823 0.54906632 0.14181096
v 0.00181524 -0.03067228 0.11489739
v 0.17000856 0.13220478 0.13935220
v 0.03776648 0.18337378 -0.18254758
v -0.32606535 -0.57060535 -0.27551576
v -0.32114781 -0.50009839 -0.19105361
v 0.22297183 0.10987644 0.11835296
v 0.03291539 0.56461634 0.14726014
v -0.11720261 0.22224897 0.12154271
v 0.04853192 0.19094948 -0.18493990
v 0.03544061 0.19307596 -0.18427537
v -0.33038482 -0.52236025 -0.18287986
v 0.04673768 0.51696939 0.14127934
v 0.06049351 0.53072527 0.14134579
v -0.19674722 -0.00608457 0.21218500
v 0.03949426 0.16144420 -0.18254758
v -0.17104713 -0.61865109 0.21247032
v -0.15589575 -0.61865109 0.22341118
v -0.20126605 -0.58409537 0.18135069
v -0.18438691 -0.59592406 0.18912573
v 0.05570887 0.14376764 -0.17809521
v -0.20153186 -0.60163904 0.19224903
v 0.00341012 0.54142420 0.14520008
v 0.06747110 0.10402859 -0.17503836
v 0.04188658 0.12050895 -0.18035462
v 0.01131807 0.56315441 0.14759242
v -0.18385528 -0.02415988 0.18447399
v -0.21621803 -0.61419871 0.19623623
v -0.21310303 -0.61865109 0.19940107
v 0.08906843 0.09140243 -0.16420647
v 0.03517480 -0.04814947 0.11549546
v -0.18525080 -0.02243210 0.18361010
v -0.18505144 -0.02229914 0.18387592
v 0.03723485 0.55245547 0.14945310
v -0.18485208 -0.02103652 0.18434109
v -0.21958003 -0.61865109 0.19718121
v -0.23338624 -0.61865109 0.19004815
v -0.18485208 -0.02103652 0.18440754
v 0.02281449 -0.06629127 0.11948265
v -0.09666855 0.19746188 0.13323850
v -0.10723462 0.22404324 0.12745707
v 0.00247978 -0.06609189 0.12287178
v -0.13281914 -0.61672394 0.23351652
v -0.13336448 -0.61865109 0.23399215
v 0.01331167 0.54541136 0.14400392
v 0.02301385 0.54262034 0.14400392
v 0.01842857 0.56042980 0.14938665
v -0.10034009 -0.61865109 0.23830781
v -0.13646379 -0.61865109 0.23270212
v -0.13392124 -0.61865109 0.23369007
v -0.25043247 -0.61865109 0.17876329
v 0.21220640 0.12183805 0.13815604
v 0.21007989 0.11253457 0.15476936
v 0.21878528 0.10774996 0.15244351
v -0.24313384 -0.61865109 0.18210539
v -0.28255683 -0.61865109 0.14583656
v -0.08351079 0.23015694 0.13616246
v 0.02354547 0.56348675 0.14925373
v -0.09301361 0.21540430 0.13622890
v 0.13452248 -0.06243694 -0.16699751
v -0.18541995 -0.61865109 0.20966513
v -0.18729608 -0.61865109 0.20943828
v 0.12123183 -0.00874270 0.19118576
v -0.19791826 -0.61865109 0.20259703
v 0.12276025 -0.01292924 0.18972380
v 0.12395641 -0.01671708 0.18812891
v -0.18126359 -0.02535602 0.18095197
v -0.21668748 -0.61865109 0.19789395
v 0.10255845 0.02069611 -0.16500391
v 0.08660965 0.00122534 -0.18527217
v 0.08953360 0.02700919 -0.17417447
v 0.06747110 0.52334895 0.13682697
v 0.07252155 0.01365206 -0.18606961
v -0.29197480 -0.61473034 0.11363477
v -0.29304568 -0.61865109 0.11917908
v 0.21360191 0.12150578 0.17244593
v 0.22204149 0.10236722 0.16706322
v 0.21692458 0.10954416 0.16460447
v 0.11943759 -0.02190045 0.18533788
v -0.28398061 -0.61865109 0.14363631
v 0.08175857 0.50766596 0.12167561
v 0.22622804 0.08861140 0.17284465
v 0.06933180 0.03923660 -0.18028817
v -0.03792383 0.18118083 0.13636180
v -0.02011434 0.19108238 0.13430174
v 0.45834941 -0.61865109 -0.35206996
v 0.48665853 -0.61865109 -0.25857017
v 0.49629425 -0.61865109 -0.16134899
v 0.05477853 0.49550497 0.12971648
v -0.19289292 -0.61865109 -0.62187035
v -0.09939314 -0.61865109 -0.65017947
v 0.20456427 0.11492690 0.15536743
v 0.12056729 -0.03053938 0.18374299
v 0.12129828 -0.03725115 0.18221458
v 0.27473894 -0.61865109 -0.57575178
v 0.18854901 -0.61865109 -0.62187035
v 0.09504923 -0.61865109 -0.65017947
v 0.20828565 0.11399656 0.15835783
v 0.01364393 0.04495161 -0.17669969
v 0.00952383 -0.00269541 -0.18673414
v -0.02004789 0.17692781 0.12599508
v 0.02135252 0.00906677 -0.18420892
v -0.00542816 0.17792463 0.12187499
v -0.00217195 -0.61865109 -0.65981519
v 0.23313918 0.08874430 0.19045480
v 0.03710195 0.52600701 0.14314002
v 0.03869683 0.06355852 -0.18062044
v 0.06222129 -0.01199889 -0.19577179
v 0.05212039 0.04329024 -0.18221532
v -0.34261222 -0.57897846 -0.26335480
v -0.35470670 -0.60157259 -0.25345327
v -0.35164985 -0.57778231 -0.23418180
v 0.12388996 -0.04090611 0.18022097
v 0.23360437 0.08389321 0.14719370
v -0.33623269 -0.56176705 -0.25491524
v 0.35029635 -0.61865109 -0.51381729
v 0.23194303 0.07319421 0.16075017
v -0.04815764 0.19407278 0.14287423
v 0.41223084 -0.61865109 -0.43825988
v -0.34527035 -0.61865109 -0.28468700
v -0.34846010 -0.61705620 -0.27996813
v -0.34148250 -0.59785121 -0.28162946
v -0.07148274 0.17220968 0.13323850
v 0.21785493 -0.09220801 0.15702877
v 0.09690992 -0.04655464 -0.19603761
v -0.06789427 0.19055079 0.14081417
v -0.33668668 -0.61865109 -0.29574751
v 0.21380128 -0.12443790 0.14127934
v -0.33277712 -0.59765185 -0.29212909
v 0.22117760 -0.10862202 0.14579818
v 0.22323764 -0.11985261 0.13363722
v 0.10966895 -0.07021201 -0.19032262
v -0.33390658 -0.61865109 -0.30517093
v -0.02529770 0.16616239 0.12107754
v -0.04184457 0.15307112 0.11695745
v 0.20004544 -0.08217356 0.16872456
v -0.18531725 -0.02455858 0.18068614
v -0.07128338 0.16164358 0.12685897
v 0.03583934 -0.02289727 -0.19823056
v -0.05925534 0.14456508 0.11124247
v 0.01623561 -0.02615347 -0.19769894
v -0.18717794 -0.02017266 0.18241393
v 0.03205150 0.51816552 0.14765887
v 0.03025726 0.53192140 0.14373812
v 0.02314676 0.52434571 0.14865566
v 0.01796340 0.54016152 0.14433619
v -0.36068751 -0.61492971 -0.21922981
v -0.36148496 -0.60994570 -0.20394555
v -0.10623782 0.16921927 0.11336895
v -0.27908285 -0.61865109 -0.57575178
v -0.35722043 -0.61865109 -0.24179651
v -0.35464025 -0.61865109 -0.51381729
v -0.36361926 -0.61865109 -0.16881035
v 0.22376928 0.09585482 0.16021855
v -0.36363035 -0.61865109 -0.18018110
v 0.16761624 -0.07991419 0.15928818
v -0.19953826 -0.03632081 0.20055569
v -0.20817718 -0.01585322 0.20334672
v -0.30112492 -0.61865109 -0.39238156
v 0.20070997 -0.09805592 0.16121534
v -0.08703282 0.16602949 0.12346984
v -0.18790893 -0.06004466 0.19616978
v -0.19023479 -0.04635526 0.20048925
v -0.31804210 -0.61865109 -0.36637599
v 0.00620116 0.50514073 0.15197834
v 0.22629449 0.08595327 0.16533543
v 0.02048862 0.51351381 0.15177896
v -0.41657474 -0.61865109 -0.43825988
v 0.19253622 -0.10323928 0.16958845
v 0.19472918 -0.09001505 0.17311047
v 0.03869683 0.48952416 0.14161161
v -0.46269332 -0.61865109 -0.35206996
v 0.18416310 -0.10343866 0.17862611
v -0.34868594 -0.61865109 -0.27891523
v -0.34842750 -0.61865109 -0.27952526
v -0.34815914 -0.61865109 -0.27992548
v -0.34685615 -0.61865109 -0.28195832
v -0.33504438 -0.61865109 -0.29774328
v -0.34913967 -0.61865109 -0.27694479
v 0.04800029 0.49058747 0.13596308
v -0.36077826 -0.61865109 -0.21954749
v 0.13963940 0.11937930 0.14632980
v -0.36148496 -0.61865109 -0.20812168
v -0.36215033 -0.61865109 -0.19905224
v -0.06570131 0.10402859 0.11635935
v -0.49100243 -0.61865109 -0.25857017
v -0.50063816 -0.61865109 -0.16134899
v -0.07912488 0.07372586 0.12546346
v -0.49100243 -0.61865109 -0.06412781
v 0.13917422 -0.08808795 -0.16713042
v 0.05750311 0.48261302 0.12160916
v -0.10730108 0.09944330 0.13277333
v -0.10896241 0.10861382 0.12121044
v 0.15432557 -0.13281098 -0.16766204
v 0.48665853 -0.61865109 -0.06412781
v 0.45834941 -0.61865109 0.02937198
v 0.14967385 0.12416391 0.14181096
v 0.18396375 -0.24186087 -0.14579891
v -0.12418021 0.10456018 0.14885503
v 0.18283403 0.13147375 0.14367167
v 0.19306784 -0.23468393 -0.02711332
v 0.18868193 -0.25555024 -0.05575469
v 0.17991009 -0.22704178 -0.09901578
v 0.18688769 -0.26698020 -0.10326880
v 0.35029635 -0.61865109 0.19111931
v 0.41223084 -0.61865109 0.11556190
v -0.09746599 0.10562342 0.11861876
v 0.18496054 0.12502783 0.15430419
v 0.17326477 0.12735369 0.15151316
v 0.19778603 0.11864827 0.15337385
v -0.21030369 -0.02495727 0.19424261
v -0.08729863 0.10030716 0.12067882
v 0.19918155 0.13014471 0.16905683
v 0.21406708 0.11904702 0.18866056
v 0.17878039 0.13034409 0.18686629
v -0.09314652 0.09731675 0.12307115
v -0.12444603 0.11492690 0.16207923
v -0.06523614 -0.10682776 0.13629535
v -0.05300873 -0.10868844 0.13124489
v 0.20004544 -0.31382981 -0.11137610
v 0.19805184 -0.31608921 -0.10001259
v 0.27473894 -0.61865109 0.25305380
v 0.13671544 0.12788528 0.16752839
v 0.18854901 -0.61865109 0.29917238
v -0.13009455 0.12057543 0.17118334
v 0.18815031 -0.28631814 -0.09104139
v 0.19499499 -0.29741583 -0.10320235
v 0.15831277 0.13492932 0.16453799
v 0.16748332 0.12801824 0.14965245
v 0.15485719 0.12808465 0.15018410
v 0.20270357 -0.32758562 -0.06957697
v 0.14615182 0.13134085 0.16892390
v 0.20522880 -0.33529422 -0.04937517
v 0.09504923 -0.61865109 0.32748149
v 0.19200459 -0.28811237 -0.03056888
v 0.20230485 -0.33496194 -0.03256249
v -0.09035548 0.08409259 0.12865321
v -0.00217195 -0.61865109 0.33711722
v 0.19406465 -0.29296346 -0.06100450
v -0.09899441 0.07877633 0.14068127
v -0.10517457 0.08834561 0.14220968
v -0.46269332 -0.61865109 0.02937198
v -0.10603846 -0.07991419 0.13151071
v -0.09540593 -0.07944902 0.12499829
v -0.41657474 -0.61865109 0.11556190
v 0.22543060 0.10595569 0.19038835
v 0.23433535 0.08708299 0.19636912
v 0.22356992 0.10256660 0.19955890
v 0.19552661 -0.23647816 0.02678031
v -0.11992720 0.11034161 0.17337630
v -0.10916177 0.09612062 0.17071817
v -0.10510812 -0.09087898 0.12692542
v -0.12411376 0.10967712 0.18248038
v -0.10803207 0.08183315 0.15908883
v -0.09939314 -0.61865109 0.32748149
v 0.19652342 0.12236970 0.19783112
v -0.10278225 0.07485558 0.16892390
v -0.10949403 -0.11187822 0.13224171
v 0.19153942 -0.26113232 0.03980515
v -0.11215216 -0.08609431 0.15430419
v 0.19685568 -0.24657906 0.04073549
v -0.11859813 -0.10091343 0.16168051
v 0.23147786 0.07711496 0.20839719
v -0.11374705 0.09200050 0.15157961
v -0.19289292 -0.61865109 0.29917238
v -0.13055973 -0.09499910 0.14081417
v 0.21413355 0.08528872 0.21896326
v -0.35464025 -0.61865109 0.19111931
v 0.23646186 0.07027029 0.18626822
v -0.27908285 -0.61865109 0.25305380
v -0.10411132 0.07897564 0.18414171
v -0.12437957 -0.10383735 0.15490226
v -0.12657253 -0.08582851 0.15669649
v 0.19433046 -0.25382245 0.05362743
v -0.49100243 -0.75142478 -0.25857017
v -0.50063816 -0.75142478 -0.16134899
v -0.46269332 -0.75142478 -0.35206996
v -0.41657474 -0.75142478 -0.43825988
v -0.35464025 -0.75142478 -0.51381729
v -0.11547483 0.08482355 0.19477426
v -0.27908285 -0.75142478 -0.57575178
v -0.19289292 -0.75142477 -0.62187035
v -0.09939314 -0.75142477 -0.65017947
v -0.00217195 -0.75142477 -0.65981519
v 0.09504923 -0.75142477 -0.65017947
v 0.18854901 -0.75142477 -0.62187035
v 0.27473894 -0.75142478 -0.57575178
v 0.35029635 -0.75142478 -0.51381729
v 0.41223084 -0.75142478 -0.43825988
v 0.45834941 -0.75142478 -0.35206996
v -0.12690480 -0.07320242 0.16859166
v 0.48665853 -0.75142478 -0.25857017
v -0.11368059 0.07053608 0.19902725
v 0.49629425 -0.75142478 -0.16134899
v 0.20556106 0.10216784 0.21218500
v -0.11859813 -0.08150908 0.16792711
v -0.11753488 -0.08489817 0.16526898
v -0.11520902 -0.07579406 0.16533543
v 0.48665853 -0.75142478 -0.06412781
v 0.45834941 -0.75142478 0.02937198
v 0.41223084 -0.75142478 0.11556190
v 0.35029635 -0.75142478 0.19111931
v 0.27473894 -0.75142479 0.25305380
v 0.18854901 -0.75142479 0.29917238
v 0.09504923 -0.75142479 0.32748149
v -0.00217195 -0.75142479 0.33711722
v -0.09939314 -0.75142479 0.32748149
v -0.19289292 -0.75142479 0.29917238
v -0.27908285 -0.75142479 0.25305380
v -0.35464025 -0.75142478 0.19111931
v -0.41657474 -0.75142478 0.11556190
v -0.46269332 -0.75142478 0.02937198
v -0.49100243 -0.75142478 -0.06412781
v -0.12770224 0.09718386 0.19716657
v 0.19393174 -0.25209466 0.06857944
v -0.12384795 -0.07772123 0.17031945
v -0.12570864 -0.08556272 0.16593353
v -0.12072464 -0.08968278 0.16666450
v 0.19599180 0.10721831 0.20946043
v 0.18874837 0.11911344 0.20281510
v 0.13824387 -0.27156550 0.10399904
v -0.18053261 0.13778683 0.12473246
v 0.18090690 0.12137288 0.19975825
v 0.17964428 0.10449376 0.19955890
v -0.12271824 -0.09473325 0.16440509
v -0.18697858 0.13632490 0.13436819
v -0.19388973 0.13745455 0.12373567
v -0.10497521 -0.11260919 0.12486539
v -0.10670299 -0.10377094 0.12679252
f 1 2 3
f 4 5 6
f 5 7 6
f 8 9 10
f 11 12 13
f 12 14 13
f 15 16 17
f 16 15 18
f 11 14 12
f 4 6 19
f 11 13 20
f 21 22 23
f 24 25 26
f 27 11 20
f 28 29 30
f 31 15 17
f 31 32 15
f 33 34 11
f 11 27 35
f 36 37 38
f 30 29 39
f 40 41 42
f 17 16 43
f 38 37 10
f 13 44 20
f 45 27 20
f 46 40 42
f 38 10 9
f 18 15 32
f 47 40 48
f 18 32 49
f 50 51 52
f 53 51 50
f 54 55 56
f 49 32 31
f 57 58 24
f 18 49 59
f 60 61 62
f 63 62 61
f 64 65 66
f 67 68 64
f 60 69 61
f 66 65 70
f 71 72 73
f 74 75 54
f 71 76 77
f 25 71 77
f 78 79 63
f 80 81 82
f 26 25 77
f 62 63 83
f 63 84 83
f 62 83 60
f 56 85 86
f 87 88 89
f 75 55 54
f 90 91 92
f 77 93 26
f 76 71 94
f 95 90 92
f 96 28 97
f 76 98 93
f 93 77 76
f 99 100 101
f 101 102 99
f 103 104 85
f 104 103 105
f 94 71 73
f 106 107 108
f 79 84 63
f 109 110 111
f 89 88 26
f 109 111 112
f 113 96 81
f 114 66 115
f 116 115 66
f 117 118 119
f 30 120 28
f 66 114 64
f 28 96 29
f 121 122 123
f 73 124 94
f 125 124 73
f 115 126 114
f 126 115 127
f 113 39 29
f 113 29 96
f 128 129 130
f 56 123 85
f 131 132 133
f 120 97 28
f 129 134 135
f 135 130 129
f 124 136 137
f 128 138 129
f 139 140 141
f 129 138 134
f 142 143 132
f 21 23 117
f 144 145 103
f 120 140 139
f 85 144 103
f 134 146 135
f 147 110 109
f 67 64 114
f 123 122 144
f 108 148 119
f 144 85 123
f 23 106 117
f 70 100 66
f 110 149 150
f 151 128 130
f 66 100 116
f 152 49 31
f 152 31 110
f 120 139 153
f 33 121 123
f 120 153 97
f 149 110 31
f 152 110 147
f 154 152 147
f 34 55 75
f 152 154 155
f 156 22 21
f 55 123 56
f 21 117 156
f 34 33 123
f 115 116 157
f 34 123 55
f 152 155 49
f 158 159 146
f 160 115 157
f 141 140 161
f 119 162 156
f 163 164 133
f 124 98 94
f 124 165 98
f 117 108 118
f 156 117 119
f 98 76 94
f 52 161 140
f 119 118 108
f 93 98 165
f 165 166 93
f 160 127 115
f 106 108 117
f 26 93 89
f 157 116 100
f 166 89 93
f 167 168 95
f 99 157 100
f 169 60 83
f 83 84 169
f 170 171 172
f 84 42 169
f 173 170 172
f 92 167 95
f 174 87 89
f 42 175 169
f 167 92 91
f 176 154 177
f 148 162 119
f 154 176 91
f 137 165 124
f 91 90 155
f 53 178 179
f 137 180 165
f 165 180 181
f 154 91 155
f 174 166 165
f 182 69 183
f 184 133 185
f 51 53 186
f 187 188 189
f 163 133 184
f 174 89 166
f 190 189 188
f 50 191 53
f 165 181 174
f 192 187 189
f 193 194 195
f 196 141 197
f 99 198 157
f 199 200 201
f 193 173 172
f 202 203 204
f 205 37 36
f 175 206 207
f 208 190 188
f 42 41 175
f 209 210 127
f 211 193 172
f 38 212 36
f 213 24 26
f 203 200 204
f 212 163 36
f 184 205 36
f 214 200 199
f 26 88 213
f 88 215 213
f 200 216 201
f 193 217 194
f 175 218 169
f 214 204 200
f 133 132 185
f 189 190 219
f 163 184 36
f 87 215 88
f 210 126 127
f 132 143 185
f 160 209 127
f 220 185 143
f 221 222 197
f 198 223 209
f 223 224 209
f 222 225 197
f 198 209 160
f 51 226 52
f 193 195 173
f 198 160 157
f 227 161 226
f 228 24 213
f 99 229 198
f 230 227 226
f 175 231 206
f 210 232 126
f 226 161 52
f 107 189 219
f 233 226 186
f 51 186 226
f 234 235 236
f 226 233 230
f 213 215 228
f 237 238 210
f 228 235 234
f 219 239 240
f 230 233 221
f 241 242 142
f 243 244 245
f 243 246 244
f 247 219 248
f 141 227 197
f 218 249 250
f 247 239 219
f 161 227 141
f 251 252 253
f 227 254 197
f 221 197 254
f 255 256 251
f 230 254 227
f 218 257 169
f 254 230 221
f 255 251 237
f 175 207 218
f 251 253 237
f 60 169 257
f 236 235 258
f 215 259 228
f 218 250 260
f 258 261 236
f 218 260 257
f 262 263 179
f 264 195 265
f 159 183 266
f 263 186 53
f 267 268 243
f 186 263 269
f 209 224 255
f 243 245 267
f 53 179 263
f 270 269 263
f 257 260 271
f 272 273 258
f 274 260 250
f 261 258 273
f 262 270 263
f 264 265 275
f 271 260 274
f 255 237 210
f 215 87 276
f 277 271 278
f 209 255 210
f 2 1 279
f 280 235 228
f 281 282 283
f 259 280 228
f 284 2 279
f 198 229 285
f 235 280 286
f 223 287 224
f 288 256 255
f 244 246 281
f 170 173 264
f 255 289 288
f 277 266 183
f 277 183 69
f 215 276 290
f 291 292 262
f 2 293 3
f 257 271 60
f 244 281 294
f 277 69 271
f 271 69 60
f 295 296 297
f 280 259 298
f 299 222 300
f 222 221 300
f 215 290 298
f 300 221 233
f 301 302 303
f 304 305 306
f 269 233 186
f 201 267 301
f 298 259 215
f 307 146 308
f 245 301 267
f 300 233 269
f 309 244 310
f 306 293 311
f 307 135 146
f 312 313 314
f 301 244 302
f 276 315 211
f 284 293 2
f 135 307 130
f 315 316 211
f 303 199 301
f 284 279 311
f 264 173 195
f 280 317 286
f 293 284 311
f 287 289 255
f 269 318 300
f 199 201 301
f 255 224 287
f 276 211 319
f 211 217 193
f 245 244 301
f 320 321 289
f 276 319 290
f 171 280 298
f 306 305 293
f 270 318 269
f 322 310 294
f 285 223 198
f 244 294 310
f 293 323 3
f 323 293 324
f 300 318 299
f 280 171 170
f 314 325 312
f 324 326 327
f 319 171 290
f 287 223 285
f 324 327 323
f 319 172 171
f 328 80 82
f 324 293 326
f 171 298 290
f 172 319 211
f 329 275 265
f 274 250 249
f 329 265 330
f 148 3 323
f 274 249 331
f 249 218 332
f 253 333 237
f 323 162 148
f 334 333 253
f 218 207 332
f 335 249 332
f 327 326 156
f 336 330 265
f 323 327 156
f 335 332 206
f 156 162 323
f 80 337 338
f 339 340 341
f 332 207 206
f 253 252 334
f 273 342 261
f 343 344 345
f 80 346 347
f 286 317 348
f 345 349 343
f 325 350 351
f 80 328 346
f 352 353 340
f 280 170 317
f 354 355 334
f 170 264 317
f 348 317 275
f 275 329 348
f 325 351 356
f 264 275 317
f 357 80 347
f 286 348 358
f 354 359 360
f 252 354 334
f 273 358 361
f 362 340 353
f 350 325 363
f 251 256 354
f 358 272 286
f 350 363 329
f 305 304 364
f 273 361 342
f 293 305 364
f 365 351 350
f 364 326 293
f 358 348 361
f 156 326 364
f 354 252 251
f 272 358 273
f 354 366 367
f 367 355 354
f 353 368 369
f 367 370 355
f 356 312 325
f 371 156 364
f 335 372 331
f 354 360 366
f 371 364 373
f 373 364 374
f 272 258 235
f 335 331 249
f 266 308 146
f 366 375 367
f 354 376 377
f 377 378 354
f 266 146 159
f 354 378 359
f 356 379 312
f 380 80 381
f 382 383 369
f 384 364 304
f 278 271 274
f 384 304 385
f 266 277 278
f 80 380 81
f 274 266 278
f 368 386 369
f 375 366 387
f 386 368 388
f 389 336 194
f 359 366 360
f 390 391 392
f 361 393 394
f 306 311 304
f 311 385 304
f 390 395 396
f 388 397 386
f 375 398 399
f 400 401 389
f 389 402 336
f 376 354 403
f 372 335 404
f 405 388 368
f 385 406 407
f 314 394 393
f 385 407 408
f 288 409 403
f 369 386 382
f 354 256 403
f 403 256 288
f 389 194 400
f 400 194 217
f 286 272 235
f 386 410 382
f 195 194 336
f 336 265 195
f 363 361 348
f 329 363 348
f 383 382 410
f 393 361 363
f 386 411 410
f 363 325 393
f 411 386 412
f 314 393 325
f 413 414 415
f 352 416 417
f 416 418 417
f 419 402 389
f 418 420 417
f 413 421 414
f 422 421 413
f 421 422 423
f 424 425 426
f 427 331 372
f 428 429 414
f 430 431 432
f 419 401 400
f 353 352 417
f 428 414 421
f 419 389 401
f 423 428 421
f 414 433 415
f 417 420 434
f 417 434 435
f 430 436 437
f 427 266 331
f 438 439 440
f 400 217 441
f 266 274 331
f 442 426 443
f 439 444 445
f 446 68 67
f 442 446 67
f 67 426 442
f 447 448 449
f 436 450 438
f 438 450 439
f 447 451 448
f 405 452 412
f 451 453 448
f 450 444 439
f 454 425 424
f 415 453 413
f 415 455 453
f 454 424 456
f 452 457 412
f 419 400 458
f 451 459 460
f 441 458 400
f 461 459 451
f 458 441 462
f 463 349 345
f 67 464 426
f 465 466 467
f 464 424 426
f 345 468 463
f 456 469 470
f 419 471 402
f 456 464 469
f 402 471 472
f 448 473 449
f 396 395 474
f 474 395 475
f 473 448 476
f 474 475 468
f 477 478 479
f 468 345 474
f 126 480 481
f 474 295 396
f 295 297 396
f 419 482 471
f 474 345 295
f 413 65 422
f 483 484 485
f 486 469 464
f 456 424 464
f 461 451 447
f 419 458 482
f 487 479 488
f 464 114 481
f 353 435 368
f 65 451 460
f 489 490 472
f 413 451 65
f 126 481 114
f 482 491 472
f 65 460 459
f 482 472 471
f 64 422 65
f 70 65 459
f 67 114 464
f 461 101 459
f 405 397 388
f 492 493 494
f 64 68 422
f 405 386 397
f 459 101 100
f 405 412 386
f 368 435 405
f 459 100 70
f 365 495 496
f 417 435 353
f 405 435 497
f 498 478 499
f 497 500 405
f 501 101 461
f 502 498 499
f 503 497 435
f 499 504 502
f 405 500 505
f 506 285 229
f 434 503 435
f 506 229 507
f 478 498 479
f 508 509 510
f 495 511 496
f 498 502 479
f 229 512 507
f 504 499 513
f 514 101 501
f 461 447 501
f 515 516 517
f 516 518 517
f 470 516 515
f 511 519 490
f 479 502 520
f 484 521 522
f 514 102 101
f 523 43 411
f 229 524 525
f 472 490 519
f 524 229 99
f 486 516 470
f 43 31 17
f 439 513 499
f 524 102 514
f 411 526 523
f 514 501 524
f 486 481 480
f 513 439 445
f 501 447 449
f 527 365 496
f 501 449 473
f 329 330 528
f 480 232 529
f 530 526 531
f 532 480 529
f 526 533 531
f 534 41 40
f 528 330 336
f 469 486 470
f 488 535 487
f 528 350 329
f 126 232 480
f 536 537 538
f 488 520 504
f 539 483 485
f 525 524 538
f 504 520 502
f 539 540 483
f 484 483 521
f 504 535 488
f 481 486 464
f 511 495 528
f 537 536 541
f 479 520 488
f 527 351 365
f 542 543 544
f 524 99 102
f 480 542 544
f 519 402 472
f 516 544 518
f 538 501 545
f 546 10 485
f 538 524 501
f 528 495 350
f 516 486 544
f 547 535 548
f 523 526 530
f 350 495 365
f 473 476 501
f 530 43 523
f 531 150 530
f 402 528 336
f 480 544 486
f 519 528 402
f 43 530 150
f 210 238 529
f 465 467 328
f 210 529 232
f 346 328 467
f 47 549 534
f 110 150 531
f 47 550 549
f 444 450 551
f 149 43 150
f 551 450 436
f 532 552 542
f 47 534 40
f 553 554 543
f 544 543 554
f 412 526 411
f 483 540 521
f 229 525 512
f 533 526 412
f 525 537 512
f 412 457 533
f 544 554 518
f 346 555 347
f 525 538 537
f 537 541 512
f 551 556 445
f 531 557 111
f 444 551 445
f 542 480 532
f 467 555 346
f 529 552 532
f 110 531 111
f 529 333 552
f 558 559 521
f 560 467 466
f 521 561 558
f 149 31 43
f 562 563 448
f 564 279 565
f 37 205 539
f 563 566 448
f 205 540 539
f 205 521 567
f 205 567 540
f 540 567 521
f 568 569 570
f 333 529 238
f 571 552 333
f 547 564 565
f 184 572 205
f 237 333 238
f 334 355 333
f 453 455 573
f 184 185 572
f 552 571 542
f 574 575 576
f 553 577 578
f 576 579 580
f 581 582 553
f 583 445 556
f 220 584 185
f 553 582 577
f 413 453 451
f 430 551 436
f 581 585 582
f 432 586 551
f 455 415 433
f 572 185 584
f 587 588 589
f 578 590 553
f 591 551 586
f 429 433 414
f 432 592 586
f 357 580 80
f 593 588 587
f 594 574 576
f 542 581 543
f 593 587 595
f 455 596 573
f 597 598 584
f 551 430 432
f 543 581 553
f 599 600 591
f 597 601 598
f 571 585 581
f 580 337 80
f 586 599 591
f 571 333 585
f 579 602 580
f 370 585 333
f 580 357 594
f 220 597 584
f 580 594 576
f 455 603 596
f 571 581 542
f 604 579 576
f 604 576 575
f 551 591 605
f 606 600 599
f 582 607 577
f 575 579 604
f 598 608 572
f 609 448 610
f 556 551 605
f 453 573 611
f 612 607 582
f 613 569 568
f 594 357 347
f 521 608 561
f 608 205 572
f 572 584 598
f 521 205 608
f 528 519 511
f 220 143 597
f 337 580 602
f 614 472 615
f 611 573 596
f 546 485 391
f 610 448 611
f 555 574 594
f 485 484 391
f 611 609 610
f 453 611 448
f 587 589 616
f 429 617 433
f 618 619 548
f 617 455 433
f 455 617 603
f 616 595 587
f 620 621 555
f 603 617 622
f 613 623 595
f 624 522 625
f 613 626 623
f 467 620 555
f 484 522 627
f 620 467 560
f 522 624 627
f 628 624 625
f 462 629 630
f 347 555 594
f 504 513 618
f 441 629 462
f 631 618 513
f 391 484 627
f 458 462 630
f 535 618 548
f 627 392 391
f 632 392 627
f 619 564 548
f 574 633 634
f 535 504 618
f 547 548 564
f 635 482 458
f 636 583 556
f 637 638 639
f 640 641 491
f 640 491 482
f 642 448 566
f 625 522 521
f 635 640 482
f 643 637 639
f 445 583 513
f 624 644 627
f 559 625 521
f 491 615 472
f 638 621 639
f 625 559 628
f 448 642 476
f 638 633 621
f 624 628 559
f 630 640 635
f 558 561 559
f 645 616 589
f 574 555 633
f 555 621 633
f 631 513 583
f 589 588 645
f 621 643 639
f 646 448 609
f 643 621 647
f 645 648 616
f 621 620 647
f 644 624 559
f 631 583 649
f 448 646 562
f 609 650 646
f 649 619 631
f 560 647 620
f 651 492 494
f 618 631 619
f 652 653 651
f 654 655 656
f 656 653 652
f 657 466 196
f 652 651 494
f 466 657 560
f 658 562 646
f 569 659 660
f 661 662 657
f 654 656 652
f 650 609 663
f 664 665 666
f 585 612 582
f 370 333 355
f 566 563 658
f 569 667 659
f 585 370 612
f 646 650 658
f 562 658 563
f 668 612 669
f 370 669 612
f 661 657 225
f 367 375 370
f 670 664 666
f 669 370 399
f 384 671 374
f 370 375 399
f 662 672 657
f 569 613 673
f 674 675 676
f 384 677 671
f 458 630 635
f 673 667 569
f 674 676 670
f 670 666 674
f 384 374 364
f 642 678 476
f 659 679 660
f 491 641 615
f 384 385 677
f 642 566 678
f 606 592 680
f 658 678 566
f 656 681 653
f 682 679 667
f 676 675 592
f 630 629 683
f 673 682 667
f 667 679 659
f 476 678 545
f 684 373 685
f 550 686 687
f 592 675 680
f 606 599 592
f 675 688 680
f 689 690 691
f 640 630 683
f 599 586 592
f 677 385 408
f 683 641 640
f 685 677 692
f 686 681 687
f 686 653 681
f 686 651 653
f 670 676 693
f 492 651 686
f 685 373 374
f 225 657 196
f 694 695 407
f 225 222 299
f 696 697 698
f 695 408 407
f 196 197 225
f 699 700 701
f 701 702 699
f 703 279 564
f 605 704 556
f 696 705 706
f 657 643 560
f 560 643 647
f 707 708 709
f 704 636 556
f 710 711 712
f 713 714 715
f 706 673 613
f 643 716 637
f 717 718 719
f 643 720 716
f 706 613 595
f 713 715 545
f 682 673 706
f 545 715 536
f 721 719 718
f 489 472 614
f 706 595 696
f 616 722 696
f 697 696 722
f 538 545 536
f 616 696 595
f 661 723 662
f 299 723 225
f 723 661 225
f 536 724 541
f 725 695 726
f 724 715 727
f 643 657 672
f 728 408 729
f 730 643 672
f 408 695 729
f 731 730 672
f 729 695 241
f 695 725 241
f 732 724 727
f 720 730 731
f 729 241 142
f 672 662 731
f 715 724 536
f 701 711 733
f 732 734 724
f 541 724 689
f 725 735 241
f 678 713 545
f 501 476 545
f 731 723 736
f 720 643 730
f 731 662 723
f 737 738 733
f 725 739 740
f 734 689 724
f 741 742 743
f 701 733 738
f 744 569 660
f 733 711 710
f 733 710 745
f 744 570 569
f 746 570 744
f 747 746 744
f 718 717 654
f 738 702 701
f 738 737 748
f 568 570 749
f 750 708 751
f 752 753 754
f 755 570 756
f 751 717 750
f 757 758 759
f 750 717 719
f 760 754 753
f 761 762 683
f 636 763 764
f 717 751 654
f 765 619 649
f 752 754 766
f 767 768 769
f 769 770 767
f 707 751 708
f 771 754 760
f 754 771 766
f 564 772 773
f 707 654 751
f 615 767 770
f 774 707 709
f 564 773 703
f 741 743 767
f 641 742 741
f 765 564 619
f 654 707 775
f 654 775 655
f 776 763 636
f 641 683 762
f 615 641 741
f 741 767 615
f 771 777 778
f 771 760 777
f 704 776 636
f 779 780 781
f 279 703 782
f 714 783 784
f 773 785 782
f 786 787 788
f 714 789 715
f 782 703 773
f 782 311 279
f 787 790 791
f 766 771 792
f 793 794 779
f 789 727 715
f 789 795 727
f 771 778 792
f 796 648 645
f 772 564 765
f 773 772 797
f 798 492 799
f 648 800 801
f 802 422 443
f 422 442 443
f 801 722 616
f 446 442 422
f 802 803 422
f 801 616 648
f 804 422 805
f 773 797 785
f 804 806 422
f 807 808 809
f 772 810 797
f 811 812 757
f 811 757 759
f 813 814 763
f 815 816 807
f 817 818 819
f 818 820 819
f 241 735 242
f 818 800 820
f 821 822 802
f 735 823 242
f 824 808 807
f 807 816 824
f 824 816 825
f 798 493 492
f 799 492 826
f 791 821 787
f 827 776 704
f 689 734 732
f 799 826 828
f 827 813 776
f 727 795 732
f 793 829 794
f 822 803 802
f 718 654 830
f 780 779 794
f 822 422 803
f 830 831 718
f 827 832 813
f 793 779 833
f 834 494 493
f 827 704 605
f 714 784 789
f 792 778 809
f 422 806 423
f 652 494 834
f 798 834 493
f 822 805 422
f 830 834 798
f 779 835 768
f 834 830 652
f 783 714 713
f 763 776 813
f 652 830 654
f 815 836 825
f 784 837 838
f 742 779 743
f 799 830 798
f 784 838 789
f 429 428 806
f 839 837 784
f 840 826 492
f 806 428 423
f 841 842 813
f 816 815 825
f 813 842 814
f 689 732 690
f 492 686 840
f 807 809 843
f 743 768 767
f 809 778 843
f 789 838 795
f 832 841 813
f 833 779 742
f 807 844 815
f 845 822 821
f 807 846 844
f 845 821 791
f 847 848 821
f 842 810 772
f 842 772 814
f 848 849 850
f 764 814 772
f 851 242 823
f 795 838 839
f 793 833 852
f 853 777 760
f 641 762 833
f 839 784 854
f 454 855 850
f 833 742 641
f 856 855 454
f 454 456 856
f 600 739 857
f 858 454 849
f 859 860 861
f 454 850 849
f 857 591 600
f 777 862 863
f 779 781 835
f 740 864 725
f 865 860 859
f 866 856 515
f 867 777 863
f 866 868 869
f 857 870 832
f 871 507 872
f 869 873 855
f 811 864 740
f 872 874 871
f 735 725 864
f 859 861 760
f 864 823 735
f 850 855 873
f 859 753 769
f 851 823 864
f 753 859 760
f 591 857 827
f 875 862 777
f 848 850 873
f 876 758 877
f 591 827 605
f 743 779 768
f 759 864 811
f 768 781 865
f 832 827 857
f 876 878 759
f 583 636 764
f 879 872 512
f 835 781 768
f 512 541 879
f 760 861 853
f 759 878 864
f 777 853 875
f 512 872 507
f 765 649 583
f 866 869 856
f 880 864 878
f 881 868 866
f 506 871 285
f 876 759 758
f 768 865 859
f 765 583 764
f 769 768 859
f 772 765 764
f 285 871 287
f 597 143 882
f 507 871 506
f 871 874 287
f 883 608 598
f 856 869 855
f 763 814 764
f 289 287 874
f 872 884 885
f 882 601 597
f 879 884 872
f 385 785 406
f 872 886 320
f 782 385 311
f 385 782 785
f 470 515 856
f 321 409 288
f 598 887 883
f 780 888 889
f 844 890 815
f 406 785 797
f 456 470 856
f 887 598 601
f 821 848 787
f 289 321 288
f 815 890 836
f 289 872 320
f 780 889 781
f 777 843 778
f 807 843 846
f 843 777 867
f 843 867 846
f 888 891 892
f 889 888 892
f 818 893 894
f 780 794 888
f 851 882 242
f 846 890 844
f 143 242 882
f 648 820 800
f 818 895 893
f 892 896 781
f 897 846 898
f 889 892 781
f 899 873 869
f 900 901 902
f 903 882 851
f 143 142 242
f 841 904 797
f 781 896 905
f 906 900 907
f 908 882 903
f 905 909 781
f 910 725 726
f 781 860 865
f 900 906 895
f 911 900 895
f 909 860 781
f 873 787 848
f 907 900 902
f 873 788 787
f 912 860 909
f 872 289 874
f 858 848 847
f 321 320 886
f 847 821 858
f 910 726 870
f 858 821 913
f 905 912 909
f 726 904 914
f 861 860 853
f 858 849 848
f 901 900 915
f 802 913 821
f 841 914 904
f 321 886 916
f 858 426 425
f 858 425 454
f 917 918 919
f 841 797 810
f 920 921 922
f 802 426 913
f 913 426 858
f 872 885 886
f 917 923 918
f 917 924 923
f 884 879 925
f 802 443 426
f 175 921 231
f 422 68 446
f 810 842 841
f 926 927 924
f 928 922 549
f 689 691 925
f 929 930 922
f 917 919 931
f 932 933 917
f 931 932 917
f 914 870 726
f 934 885 935
f 726 695 694
f 407 406 694
f 904 694 797
f 549 922 921
f 923 919 918
f 694 406 797
f 786 936 790
f 937 938 923
f 923 938 919
f 726 694 904
f 790 787 786
f 175 41 921
f 534 549 921
f 939 886 885
f 832 914 841
f 914 832 870
f 925 885 884
f 836 940 825
f 939 941 916
f 942 943 944
f 41 534 921
f 939 916 886
f 879 541 925
f 206 231 921
f 606 740 739
f 945 944 943
f 811 740 606
f 541 689 925
f 857 910 870
f 206 921 946
f 786 947 948
f 857 739 725
f 943 949 945
f 857 725 910
f 950 951 880
f 907 952 906
f 891 105 892
f 948 947 953
f 892 954 896
f 955 951 950
f 956 957 958
f 957 956 947
f 757 674 959
f 377 960 378
f 758 959 128
f 880 903 851
f 811 606 812
f 959 674 666
f 961 962 895
f 963 964 965
f 911 895 966
f 951 967 880
f 895 962 966
f 688 812 606
f 968 969 800
f 864 880 851
f 969 801 800
f 697 722 801
f 801 969 697
f 758 757 959
f 968 970 969
f 971 972 973
f 757 688 674
f 376 963 377
f 800 818 968
f 688 757 812
f 894 968 818
f 606 680 688
f 963 974 377
f 971 975 788
f 971 973 975
f 894 970 968
f 892 976 954
f 963 376 403
f 977 964 963
f 977 916 964
f 403 977 963
f 945 949 978
f 916 941 964
f 975 973 979
f 916 977 321
f 980 894 893
f 836 981 940
f 906 952 893
f 982 979 973
f 893 895 906
f 943 983 949
f 321 977 409
f 958 957 786
f 977 403 409
f 893 952 980
f 984 985 986
f 987 941 939
f 984 986 988
f 981 989 983
f 990 991 960
f 981 983 942
f 786 948 936
f 992 912 993
f 957 947 786
f 952 994 995
f 786 982 958
f 975 979 786
f 974 996 990
f 786 979 982
f 975 786 788
f 988 912 992
f 57 997 998
f 804 998 806
f 999 1000 1001
f 993 954 976
f 681 928 687
f 1002 805 822
f 928 550 687
f 905 993 912
f 994 952 907
f 984 988 992
f 549 550 928
f 994 907 1003
f 908 1004 1005
f 983 943 942
f 1005 601 908
f 974 965 996
f 990 960 377
f 974 990 377
f 988 860 912
f 929 922 928
f 1000 1006 994
f 993 976 1007
f 1008 929 928
f 1001 1009 999
f 845 791 1010
f 1008 656 929
f 954 993 896
f 896 993 905
f 1008 928 681
f 1011 845 1010
f 655 929 656
f 948 1010 936
f 681 656 1008
f 791 790 1010
f 1010 790 936
f 901 1003 902
f 1001 1003 901
f 1002 1011 1012
f 1003 1001 1000
f 775 929 655
f 1012 1011 1013
f 1011 1010 1013
f 1003 1000 994
f 739 600 606
f 688 675 674
f 908 903 880
f 845 1011 1002
f 908 880 1004
f 1014 1000 999
f 822 845 1002
f 1014 999 1006
f 967 951 955
f 1000 1014 1006
f 1012 57 998
f 902 1003 907
f 880 967 1004
f 805 998 804
f 351 527 356
f 1012 998 1002
f 805 1002 998
f 806 998 429
f 967 955 1015
f 997 429 998
f 993 1016 992
f 601 882 908
f 57 1012 1017
f 1016 1018 1019
f 1016 1019 984
f 1016 984 992
f 1020 1016 1021
f 1013 1017 1012
f 312 379 313
f 379 1022 313
f 993 1021 1016
f 379 356 527
f 58 57 1017
f 993 1007 1021
f 1017 1023 58
f 976 1024 1007
f 1021 1007 1024
f 976 892 1024
f 1013 1010 948
f 392 632 1025
f 892 105 1024
f 1013 1023 1017
f 974 963 965
f 984 1019 985
f 1018 985 1019
f 1026 1024 1027
f 987 1028 941
f 965 964 996
f 1029 980 1030
f 941 996 964
f 1031 1024 105
f 1032 995 1006
f 1033 1034 1035
f 980 995 1030
f 475 1034 1033
f 1033 1035 468
f 980 952 995
f 614 1036 1037
f 1006 995 994
f 925 1038 885
f 985 1018 1039
f 475 1033 468
f 1040 1030 1032
f 1041 496 511
f 995 1032 1030
f 490 489 1037
f 885 1038 1042
f 691 1042 1038
f 999 1032 1006
f 1043 920 1044
f 1032 999 1040
f 690 1042 691
f 1045 1041 1046
f 920 922 930
f 885 1047 939
f 1039 1048 985
f 920 946 921
f 1043 946 920
f 1049 1050 1051
f 1034 1052 1053
f 1040 999 1054
f 1009 1054 999
f 1034 1025 1052
f 945 1055 1056
f 511 1037 1041
f 489 614 1037
f 1057 1058 1053
f 1059 1040 1054
f 24 228 596
f 490 1037 511
f 1049 1060 1050
f 527 1041 379
f 1061 1057 1053
f 997 617 429
f 622 57 24
f 496 1041 527
f 1056 1062 945
f 1063 1030 1040
f 1064 1065 1066
f 1041 1045 1022
f 1064 1053 1065
f 1041 1022 379
f 57 622 617
f 1009 1067 1054
f 1068 1044 920
f 997 57 617
f 1069 1029 1063
f 1029 1030 1063
f 925 691 1038
f 939 1047 987
f 1070 1071 1072
f 1064 1070 1072
f 1052 1061 1053
f 1028 990 996
f 941 1028 996
f 1073 1065 1053
f 1064 1074 1035
f 1075 1076 1077
f 1076 990 1077
f 1078 1079 1080
f 1034 1053 1064
f 1034 1064 1035
f 24 58 1023
f 603 622 24
f 1064 1072 1074
f 24 596 603
f 1080 1081 1082
f 1013 948 1083
f 948 953 1083
f 1084 1085 1086
f 1082 1087 1088
f 1086 1085 1089
f 1013 1083 953
f 924 1082 923
f 873 899 971
f 923 1082 1088
f 971 899 1090
f 1025 1084 1086
f 1052 1025 1086
f 1091 1092 1086
f 1093 206 946
f 1052 1086 1092
f 1094 1093 946
f 1025 1085 1084
f 1025 632 1085
f 1095 1096 1097
f 1098 1099 1089
f 1050 1060 262
f 1097 1096 1100
f 1089 1085 1098
f 1096 1078 1080
f 1101 1089 1099
f 1100 1082 927
f 1102 1103 1062
f 1062 1104 1102
f 1096 1080 1082
f 1103 1060 1062
f 1078 1096 1095
f 1096 1082 1100
f 1089 1105 1091
f 944 945 1062
f 1082 924 927
f 1068 920 930
f 930 929 1068
f 1106 1068 929
f 1107 1108 1109
f 1079 1095 1110
f 1091 1086 1089
f 1111 1109 1108
f 1062 1049 944
f 899 1112 1090
f 335 1093 1094
f 1049 1062 1060
f 1095 1079 1078
f 1056 1104 1062
f 335 206 1093
f 1112 899 1109
f 404 335 1094
f 989 981 836
f 1105 1089 1101
f 873 971 788
f 927 1113 1100
f 775 707 774
f 890 989 836
f 774 1106 775
f 989 890 1114
f 1106 929 775
f 1039 1115 1048
f 1106 774 1116
f 1039 1117 1115
f 1118 1114 890
f 1106 1116 1068
f 1105 1101 1119
f 1119 1101 1120
f 1107 1109 1121
f 1122 1120 1101
f 1108 1107 1111
f 1101 1123 1124
f 774 709 1125
f 1101 1124 1126
f 1127 1128 1129
f 1130 1092 1131
f 1105 1119 1131
f 1132 972 971
f 1119 1133 1131
f 1091 1105 1131
f 1091 1131 1092
f 1061 1092 1057
f 1128 1134 1129
f 1132 971 1090
f 1061 1052 1092
f 1129 1134 679
f 1135 985 1048
f 1092 1130 1136
f 712 745 710
f 712 1109 745
f 1092 1137 1057
f 1112 711 701
f 1128 660 1134
f 1138 1028 987
f 1128 1127 660
f 712 1112 1109
f 1135 1048 1115
f 1138 987 1047
f 1127 1139 660
f 1134 660 679
f 1140 1138 1047
f 1124 1141 1142
f 660 1139 744
f 1129 679 682
f 986 985 1135
f 1143 1124 1144
f 744 1145 1146
f 1139 1147 744
f 1124 1142 1144
f 1022 1045 1148
f 986 1135 988
f 706 1129 682
f 706 705 1129
f 1112 712 711
f 1028 1149 990
f 701 1150 1112
f 1151 1148 1152
f 1143 1144 1153
f 1111 733 745
f 990 1149 1154
f 1155 1152 1148
f 1111 745 1109
f 1156 1143 1157
f 1149 1158 1159
f 1112 1160 1132
f 1160 1112 1150
f 1132 1161 972
f 1126 1162 1163
f 1163 1101 1126
f 1164 1165 1166
f 1129 1167 1168
f 1112 1132 1090
f 1164 1166 1169
f 1166 1170 1169
f 1143 1171 1126
f 1126 1124 1143
f 1168 1127 1129
f 313 1022 1151
f 1154 1077 990
f 1117 1172 1115
f 1145 1147 1173
f 1149 1028 1138
f 945 1174 1055
f 1145 744 1147
f 1139 1175 1147
f 1176 1076 1075
f 1103 1102 1177
f 1178 1179 1180
f 1127 1175 1139
f 1115 1172 1181
f 35 1182 11
f 1183 11 1182
f 1167 1129 1184
f 1174 945 978
f 1185 1179 1178
f 1179 1155 1045
f 705 696 1186
f 1187 1188 1182
f 1055 1174 1056
f 1189 1190 1191
f 1140 1158 1149
f 1186 1184 705
f 1056 1174 1192
f 1056 1192 1104
f 11 1183 33
f 1158 1193 1194
f 44 1195 45
f 1158 934 1196
f 1197 1154 1149
f 1198 1102 1104
f 1198 1199 1102
f 1177 1199 1198
f 1200 1201 1202
f 696 698 1186
f 20 44 45
f 1203 1204 1186
f 1184 1186 1204
f 35 1205 1182
f 1202 1201 1206
f 1207 1060 1103
f 1199 1177 1102
f 1208 1205 35
f 1208 35 27
f 1177 1209 1103
f 1177 1210 1209
f 1184 1129 705
f 1205 1208 1211
f 1208 27 45
f 1174 1212 1192
f 44 1213 1195
f 1192 1198 1104
f 1214 1215 1216
f 44 1175 1127
f 1179 1152 1155
f 1194 1200 1202
f 1168 1217 1218
f 1177 1198 1219
f 1202 1158 1194
f 1220 1219 1198
f 1192 1220 1198
f 1202 1159 1158
f 1177 1219 1210
f 44 1127 1168
f 1202 1206 1159
f 1221 1222 1223
f 44 1168 1218
f 1216 1215 1187
f 1197 1149 1159
f 44 13 1175
f 1218 1224 1225
f 1218 1225 44
f 1219 1226 1210
f 1215 1188 1187
f 1182 1205 1216
f 1227 1221 1223
f 1211 1214 1216
f 1223 1228 1227
f 1212 1220 1192
f 1205 1211 1216
f 1229 1230 1231
f 1232 1233 1230
f 1234 1220 1212
f 1235 1236 737
f 737 733 1235
f 1171 1143 1156
f 1152 1179 1185
f 1155 1148 1045
f 1071 1070 1237
f 1187 1182 1216
f 1237 1070 1238
f 1174 978 1212
f 1238 1070 1239
f 1168 1204 1217
f 1072 1240 1074
f 1241 1242 1211
f 1243 1074 1240
f 1244 1245 1243
f 1234 1246 1220
f 1070 1064 1066
f 1206 1197 1159
f 1218 1247 1224
f 1058 1057 1248
f 1249 1221 1250
f 1073 1053 1058
f 1197 1077 1154
f 1204 1218 1217
f 1249 1222 1221
f 1197 1075 1077
f 1066 1239 1070
f 1221 1227 1250
f 1251 1252 1253
f 1254 1255 1256
f 1241 1257 1253
f 1122 1101 1163
f 1189 1191 1258
f 1256 1259 875
f 1241 1253 1260
f 1261 1262 1263
f 1185 1178 1258
f 1258 1178 1189
f 1264 935 885
f 1190 1265 1191
f 1229 1232 1230
f 1231 1266 1229
f 1130 1131 1133
f 1259 897 1267
f 1119 1120 1133
f 1137 1092 1136
f 875 1259 1267
f 1057 1137 1268
f 1057 1268 1248
f 1256 897 1259
f 1143 1153 1269
f 1269 1157 1143
f 875 1267 862
f 1267 863 862
f 1162 1126 1171
f 1251 1253 45
f 1265 1190 1270
f 1267 867 863
f 1264 1196 935
f 1025 390 392
f 1271 1265 1270
f 1167 1184 1204
f 395 390 1025
f 885 934 1047
f 1272 1267 897
f 1265 1271 1273
f 934 1140 1047
f 1098 627 644
f 935 1196 934
f 1098 1085 627
f 1254 1256 1274
f 1098 644 1099
f 1251 45 1195
f 1274 875 853
f 1204 1168 1167
f 1208 45 1257
f 988 1135 1274
f 1241 1260 1242
f 1264 1275 1196
f 1274 860 988
f 559 1276 644
f 853 860 1274
f 1260 1277 1242
f 1278 561 608
f 1274 1135 1254
f 1279 1276 559
f 1279 559 561
f 561 1278 1279
f 45 1253 1257
f 1135 1255 1254
f 1241 1208 1257
f 1190 1189 1280
f 1281 1276 1279
f 1211 1208 1241
f 1149 1138 1140
f 1256 875 1274
f 1158 1140 934
f 1229 1282 1232
f 1278 1281 1279
f 1275 1264 885
f 1283 1284 1280
f 1042 1275 885
f 1204 1203 1285
f 1286 1276 1281
f 1280 1270 1190
f 663 611 234
f 1031 103 145
f 234 236 663
f 596 234 611
f 228 234 596
f 611 663 609
f 1031 105 103
f 1287 1284 1283
f 1288 650 663
f 1141 1289 1142
f 663 236 1288
f 1280 1284 1270
f 261 1288 236
f 1290 1291 1292
f 1293 1203 1294
f 1286 1289 1141
f 1285 1203 1293
f 1286 1281 1289
f 1182 1188 1295
f 1218 1285 1247
f 121 1182 1295
f 1141 644 1286
f 1285 1293 1247
f 658 1290 1292
f 1141 1124 644
f 122 1296 144
f 846 897 1297
f 658 1298 1290
f 644 1276 1286
f 1295 1299 121
f 1300 1301 846
f 122 121 1296
f 1218 1204 1285
f 1301 890 846
f 145 144 1296
f 970 1302 969
f 846 1297 1300
f 1296 121 1299
f 1101 1099 644
f 1183 1182 121
f 1284 1271 1270
f 644 1123 1101
f 1302 1303 1304
f 658 650 1298
f 1287 1271 1284
f 890 1301 1118
f 1124 1123 644
f 1302 1186 698
f 1305 1271 1287
f 678 1306 783
f 121 33 1183
f 1302 698 697
f 1302 697 969
f 784 783 1307
f 1045 1046 1308
f 1297 1309 1300
f 1309 1310 1301
f 970 1303 1302
f 1307 1311 784
f 1301 1300 1309
f 1153 1144 1142
f 1142 1312 1153
f 1296 1299 145
f 1180 1308 1313
f 1297 897 1314
f 1315 1311 1306
f 1272 898 846
f 1316 1317 1318
f 1272 846 867
f 1179 1308 1180
f 1319 145 1299
f 1320 1282 1229
f 1269 1153 1321
f 1322 1031 145
f 1272 897 898
f 1153 1312 1317
f 1229 1323 1320
f 867 1267 1272
f 1321 1153 1324
f 1313 1325 1180
f 1307 1306 1311
f 1322 1319 1326
f 1325 1178 1180
f 1153 1317 1324
f 1316 1324 1317
f 1322 145 1319
f 1306 1307 783
f 897 1256 1327
f 1325 1280 1189
f 1031 1322 1328
f 1256 1255 1327
f 1325 1313 1329
f 1322 1330 1328
f 1327 1314 897
f 1229 1331 1323
f 1189 1178 1325
f 1332 1326 1319
f 1308 1179 1045
f 1188 1333 1334
f 1335 1281 1336
f 713 678 783
f 1281 1278 1336
f 1336 883 1337
f 1292 1306 678
f 1292 678 658
f 1278 883 1336
f 1338 1311 1315
f 887 601 1339
f 1338 1340 1311
f 1339 601 1341
f 1280 1329 1342
f 1295 1334 1319
f 1295 1319 1299
f 1334 1333 1319
f 1309 1297 1343
f 1295 1188 1334
f 1344 1345 1346
f 1345 1291 1346
f 1309 1347 1348
f 1349 1303 1350
f 1288 1298 650
f 261 342 1298
f 1298 1288 261
f 1280 1342 1351
f 1349 1352 1304
f 1350 1303 1353
f 1314 1343 1297
f 1303 970 1353
f 1354 1315 1306
f 1355 1356 1357
f 1349 1304 1303
f 1345 1315 1354
f 1353 970 894
f 1309 1343 1347
f 1354 1292 1291
f 1357 1358 1359
f 1314 1327 1343
f 1291 1345 1354
f 1360 1351 1361
f 1342 1361 1351
f 1280 1325 1329
f 1255 1181 1327
f 1362 1291 1298
f 1363 1329 1313
f 1302 1304 1352
f 1298 1291 1290
f 1354 1306 1292
f 1364 1355 1365
f 1302 1352 1203
f 1298 342 1362
f 1327 1181 1366
f 1349 1367 1352
f 1343 1327 1366
f 1291 1362 1346
f 1181 1368 1366
f 1362 342 1346
f 342 361 1346
f 1329 1361 1342
f 1344 1346 394
f 1283 1369 1370
f 1266 1331 1229
f 1302 1203 1186
f 361 394 1346
f 1283 1370 1287
f 1359 1371 1357
f 1355 1357 1371
f 1372 1360 1373
f 1372 1374 1360
f 1375 784 1311
f 1365 1355 1371
f 1376 1365 1371
f 1377 1378 1379
f 1379 1380 1377
f 1365 1376 1381
f 1381 1382 1383
f 1283 1372 1369
f 554 1380 1379
f 1283 1280 1384
f 1381 1364 1365
f 1372 1283 1374
f 1378 1385 1379
f 1370 1369 1372
f 1385 517 1379
f 1386 1387 1388
f 518 554 1379
f 517 518 1379
f 1389 1390 1059
f 1345 1391 1338
f 1054 1389 1059
f 1384 1360 1374
f 1392 1393 881
f 1373 1361 1394
f 1385 1393 1392
f 1283 1384 1374
f 1392 517 1385
f 1059 1390 1395
f 1396 1376 1386
f 1338 1315 1345
f 1371 1359 1386
f 1386 1376 1371
f 1384 1280 1360
f 1340 1375 1311
f 1360 1361 1373
f 1397 784 1375
f 1351 1360 1280
f 517 866 515
f 1398 1355 1364
f 866 517 881
f 1399 1249 1400
f 517 1392 881
f 1399 1401 1402
f 1403 1404 1405
f 1326 1406 1407
f 1408 1409 1121
f 1402 1405 1399
f 1326 1332 1406
f 1404 1249 1399
f 1121 1109 899
f 1404 1403 1249
f 1249 1250 1400
f 854 784 1397
f 1410 1411 1412
f 1410 1413 1411
f 1414 1375 1415
f 1121 899 869
f 868 1121 869
f 1375 1416 1415
f 1355 1398 1417
f 1418 1408 1385
f 1417 1332 1319
f 1414 1419 839
f 1357 1333 1188
f 1356 1333 1357
f 795 839 1419
f 1121 1393 1408
f 1414 1415 1419
f 894 980 1420
f 1121 881 1393
f 1421 1412 1411
f 732 1419 1422
f 1059 1395 1423
f 1417 1319 1333
f 868 881 1121
f 1422 1419 1415
f 1356 1355 1417
f 1063 1059 1423
f 1356 1417 1333
f 1393 1385 1408
f 1406 1332 1417
f 1406 1417 1398
f 1059 1063 1040
f 732 795 1419
f 1420 1350 1353
f 1424 887 1339
f 1415 1425 1422
f 839 838 837
f 1410 1412 1426
f 1422 690 732
f 1422 1042 690
f 1420 1353 894
f 1427 1403 1405
f 1278 608 883
f 839 854 1428
f 1429 1430 1431
f 1414 839 1428
f 1249 1403 1432
f 1428 1375 1414
f 1289 1281 1312
f 1281 1335 1312
f 1312 1142 1289
f 1433 1337 1434
f 1435 1433 1434
f 1429 1406 1398
f 1423 1395 1420
f 1430 1429 1364
f 1434 1436 1437
f 1390 1438 1395
f 1364 1429 1398
f 1069 980 1029
f 1395 1439 1420
f 1420 980 1069
f 1423 1420 1069
f 1063 1423 1069
f 1437 1440 1441
f 1434 1437 1435
f 1437 1433 1435
f 1437 1441 1433
f 1442 1443 1444
f 1357 1215 1358
f 1357 1188 1215
f 854 1397 1428
f 1390 1445 1438
f 1400 1446 1399
f 1375 1428 1397
f 1358 1387 1386
f 1447 1395 1438
f 1336 1337 1433
f 1358 1448 1387
f 1335 1336 1433
f 1358 1386 1359
f 1433 1441 1335
f 1389 1445 1390
f 1214 1358 1215
f 1335 1441 1312
f 1449 1214 1211
f 1317 1312 1441
f 1387 1448 1449
f 1415 1450 1425
f 1448 1358 1449
f 1337 883 887
f 1449 1358 1214
f 1172 1368 1181
f 1255 1115 1181
f 1449 1242 1277
f 1422 1425 1451
f 1449 1211 1242
f 1420 1439 1350
f 1277 1452 1449
f 1401 1446 1453
f 1450 1415 1416
f 1399 1446 1401
f 1454 463 1455
f 1255 1135 1115
f 1449 1452 1387
f 1456 1391 1345
f 1457 1458 1459
f 1453 1460 1461
f 1459 978 1457
f 1462 1463 1447
f 1464 1462 1447
f 1344 1456 1345
f 1455 1277 1454
f 1465 978 1459
f 1439 1349 1350
f 1277 1253 1454
f 1466 1467 1468
f 1260 1253 1277
f 1469 1439 1395
f 1456 1467 1470
f 1395 1447 1469
f 1340 1470 1467
f 1446 1400 1471
f 1456 1468 1467
f 1169 1277 1164
f 1472 1203 1352
f 1367 1472 1352
f 1473 1410 1474
f 1442 1460 1475
f 1475 1476 1442
f 1413 1410 1473
f 1467 1466 1416
f 1477 1473 1478
f 1203 1472 1294
f 1470 1340 1338
f 1479 1458 1457
f 1470 1391 1456
f 1479 1457 1309
f 1480 1294 1472
f 1402 1481 1482
f 1309 1348 1483
f 1467 1416 1375
f 1472 1484 1480
f 1483 1479 1309
f 1482 1481 1485
f 1338 1391 1470
f 1337 887 1424
f 1340 1467 1375
f 1367 1484 1472
f 1349 1469 1486
f 1367 1349 1486
f 1487 394 314
f 1344 394 1487
f 314 313 1487
f 1488 1318 1441
f 1317 1441 1318
f 1484 1367 1486
f 1488 1441 1440
f 313 1151 1487
f 1489 1484 1486
f 1490 1491 1492
f 1439 1469 1349
f 1022 1148 1151
f 1491 1493 1492
f 1494 1185 1468
f 1453 1461 1444
f 1447 1463 1469
f 1424 1495 1496
f 1151 1494 1468
f 1152 1185 1494
f 1401 1453 1444
f 1447 1438 1497
f 1151 1152 1494
f 1498 1495 1424
f 1444 1461 1460
f 1341 1498 1424
f 1445 1497 1438
f 1424 1339 1341
f 1487 1456 1344
f 1444 1402 1401
f 1424 1496 1499
f 1402 1444 1481
f 1456 1151 1468
f 1499 1337 1424
f 1481 1444 1443
f 1452 1277 1169
f 1500 1501 1502
f 1455 1164 1277
f 1444 1460 1442
f 1487 1151 1456
f 1503 1486 1469
f 1387 1452 1170
f 1387 1170 1504
f 1497 1464 1447
f 1399 1405 1404
f 1505 1506 1405
f 1507 1508 1509
f 1510 1511 1405
f 1457 1310 1309
f 1170 1452 1169
f 1512 1513 1514
f 1310 1118 1301
f 1450 1507 1509
f 989 1457 983
f 1457 949 983
f 1405 1506 1515
f 1462 1464 1516
f 989 1114 1457
f 1310 1457 1118
f 1517 1518 1514
f 1405 1515 1427
f 1519 1509 1520
f 1513 1517 1514
f 1118 1457 1114
f 949 1457 978
f 1462 1521 1463
f 1522 1443 1442
f 1523 1524 1525
f 1503 1469 1463
f 1524 1516 1464
f 1497 1445 1524
f 1468 1185 1450
f 1525 1524 1445
f 1497 1524 1464
f 1526 708 1527
f 1466 1468 1450
f 1466 1450 1416
f 1528 1522 1476
f 1529 1512 1493
f 1530 1531 1532
f 1376 1532 1531
f 1522 1533 1534
f 1535 1536 1537
f 373 684 1524
f 1538 1539 1531
f 1538 1531 1530
f 1540 1425 1519
f 1541 1383 1542
f 1542 1543 1541
f 1537 1234 1535
f 1542 1544 1543
f 1521 1516 684
f 1465 1535 1234
f 1521 684 1545
f 1517 1513 1546
f 1547 1246 1537
f 1546 1518 1517
f 1536 1547 1537
f 1536 1548 1547
f 1523 373 1524
f 1509 1425 1450
f 1537 1246 1234
f 1524 684 1516
f 1540 1451 1425
f 1513 1549 1550
f 1542 1551 1544
f 1509 1519 1425
f 1550 1549 1546
f 1465 1459 1535
f 1459 1458 1535
f 1513 1550 1546
f 1542 1552 1551
f 1191 1553 1258
f 1534 1533 1554
f 1555 1556 1544
f 1547 1219 1220
f 1534 1554 1557
f 1265 1273 1558
f 1554 1485 1557
f 1558 1191 1265
f 1558 1553 1191
f 1559 1560 1561
f 1551 1562 1544
f 1555 1544 1562
f 1507 1258 1553
f 1476 1563 1528
f 1561 1495 1564
f 1258 1507 1450
f 1508 1507 1553
f 1476 1522 1442
f 1543 1565 1541
f 1557 1481 1534
f 1481 1557 1485
f 1566 1567 1568
f 1569 1570 1571
f 1527 1226 1547
f 1226 1219 1547
f 1547 1526 1527
f 1554 1533 1572
f 1573 1569 1571
f 1574 1570 1569
f 1246 1547 1220
f 1485 1554 1572
f 1574 1571 1570
f 1575 1542 1576
f 1212 1465 1234
f 1450 1185 1258
f 1552 1542 1575
f 1465 1212 978
f 709 708 1526
f 1522 1534 1481
f 1443 1522 1481
f 1510 1572 1511
f 1526 1577 709
f 1548 1577 1526
f 1574 1578 1579
f 1377 1580 1581
f 1578 1574 1582
f 1583 1405 1511
f 1530 1584 1538
f 1418 1385 1378
f 1585 1548 1536
f 1548 1526 1547
f 1510 1485 1572
f 1581 1378 1377
f 1485 1510 1482
f 1585 1535 1586
f 1405 1402 1482
f 1587 1588 1589
f 1585 1586 1577
f 1405 1482 1510
f 1587 1590 1591
f 1585 1577 1548
f 1590 1592 1591
f 1434 1567 1436
f 1536 1535 1585
f 1567 1566 1436
f 1588 1587 1591
f 1566 1437 1436
f 1434 1337 1499
f 1593 1594 1595
f 1596 1597 1598
f 1499 1567 1434
f 1125 709 1577
f 1599 1600 1592
f 1590 1601 1592
f 1561 1560 1566
f 1566 1502 1437
f 1566 1560 1602
f 1566 1602 1502
f 1561 1496 1495
f 1603 1432 1604
f 1538 1584 1588
f 1499 1496 1568
f 1499 1568 1567
f 1588 1591 1538
f 1596 1603 1597
f 1568 1496 1561
f 1591 1539 1538
f 1458 1605 1606
f 1605 1607 1606
f 1591 1608 1539
f 1535 1458 1606
f 1223 1596 1609
f 1593 1610 1594
f 1561 1566 1568
f 1611 1609 1596
f 1591 1592 1608
f 1612 1535 1606
f 1015 1004 967
f 1483 1605 1458
f 1223 1603 1596
f 1483 1458 1479
f 1608 1613 1382
f 1271 1614 1615
f 1271 1616 1614
f 1005 1004 1617
f 1617 1618 1619
f 1615 1273 1271
f 1620 1540 1621
f 1519 1621 1540
f 1483 1622 1605
f 1539 1608 1382
f 1623 1509 1508
f 1539 1382 1531
f 1622 1607 1605
f 1624 1593 1595
f 1015 1618 1004
f 1623 1553 1558
f 1348 1347 1625
f 915 900 1626
f 1004 1618 1617
f 1546 1549 1627
f 1558 1273 1623
f 1529 1513 1512
f 1382 1613 1542
f 1628 1629 1630
f 1626 1593 915
f 1623 1508 1553
f 1624 915 1593
f 1615 1520 1509
f 1622 1628 1607
f 1382 1542 1383
f 1608 1542 1613
f 1622 1483 1348
f 1592 1542 1608
f 1631 1622 1348
f 1615 1509 1623
f 1498 1005 1617
f 1520 1615 1621
f 1592 1600 1542
f 1622 1629 1628
f 1632 1493 1491
f 1520 1621 1519
f 1632 1529 1493
f 1273 1615 1623
f 1633 1634 1635
f 1636 1637 1638
f 1628 1639 1607
f 1627 1632 1640
f 1639 1606 1607
f 1634 1641 1635
f 1632 1627 1529
f 1634 1642 1643
f 1612 1586 1535
f 1418 1581 1644
f 1645 1646 1418
f 1644 1645 1418
f 1642 1647 1648
f 1577 1586 1649
f 1418 1378 1581
f 1650 1647 1642
f 1643 1641 1634
f 1633 1642 1634
f 1612 1639 1586
f 1651 1638 1637
f 1652 1638 1651
f 1652 1651 1653
f 1418 1646 1408
f 1654 1655 1656
f 1657 1658 1659
f 1580 1377 1660
f 1549 1529 1627
f 1577 1649 1125
f 1661 1658 1657
f 1661 1662 1663
f 1661 1663 1658
f 1549 1513 1529
f 1664 1649 1586
f 1612 1606 1639
f 1653 1651 1579
f 1660 1665 553
f 1666 1656 1655
f 1432 1223 1222
f 1410 1426 1667
f 1432 1222 1249
f 1498 1617 1619
f 578 1668 1669
f 1670 1671 1672
f 1597 1603 1604
f 1341 601 1005
f 1596 1673 1611
f 1341 1005 1498
f 1654 1656 1674
f 1660 553 590
f 1675 1564 1676
f 1223 1432 1603
f 1474 1410 1667
f 1665 1377 1380
f 1677 1597 1604
f 1678 1598 1597
f 554 553 1665
f 1586 1639 1664
f 1679 1632 1491
f 1380 554 1665
f 1677 1678 1597
f 1665 1660 1377
f 1491 1474 1680
f 1116 774 1681
f 1682 1683 1684
f 1660 1581 1580
f 1491 1680 1679
f 1664 1125 1649
f 1427 1515 1403
f 1664 1681 774
f 1674 1685 1654
f 1664 1686 1681
f 1685 1670 1654
f 590 1687 1660
f 1403 1515 1432
f 1684 1688 1682
f 1664 774 1125
f 1674 1656 1689
f 590 1690 1687
f 1691 1688 1684
f 1664 1692 1686
f 1690 1660 1687
f 1639 1692 1664
f 1693 1690 590
f 1694 1695 1515
f 1694 1515 1696
f 1515 1695 1432
f 1697 1698 1669
f 1505 1515 1506
f 1670 1699 1671
f 1700 1697 1669
f 1695 1677 1432
f 1432 1677 1604
f 1698 1693 590
f 1695 1701 1702
f 919 1703 931
f 1693 1698 1704
f 578 1669 1698
f 1671 1699 1431
f 1668 1700 1669
f 1705 1702 1701
f 590 578 1698
f 1695 1702 1706
f 1695 1706 1677
f 932 931 1703
f 1677 1706 1678
f 1707 1682 1688
f 1703 933 932
f 1478 1474 1491
f 1708 1683 1682
f 1679 1709 1710
f 1478 1473 1474
f 1711 1712 1713
f 1495 1714 1564
f 1667 1679 1680
f 1715 1716 1714
f 1717 1718 1716
f 1474 1667 1680
f 1478 1491 1490
f 1719 1720 1717
f 1637 1636 1721
f 1200 1194 1659
f 1676 1716 1718
f 1564 1714 1716
f 1564 1716 1676
f 1659 1194 1193
f 1201 1200 1722
f 1723 1718 1717
f 1200 1724 1722
f 1637 1721 1725
f 577 1668 578
f 1699 1670 1685
f 1364 1671 1430
f 577 607 1668
f 1668 607 1726
f 1710 1709 1727
f 1715 1015 1719
f 1111 1728 733
f 1107 1728 1111
f 1729 1727 1709
f 1716 1715 1717
f 1674 1730 1731
f 1674 1731 1685
f 1715 1719 1717
f 1728 1107 1409
f 1699 1685 1731
f 1719 1732 1733
f 1431 1430 1671
f 1107 1121 1409
f 1723 1717 1720
f 1541 1672 1671
f 1408 1734 1409
f 1383 1541 1671
f 1364 1383 1671
f 1651 1571 1579
f 733 1734 1235
f 1735 1736 1015
f 1734 1728 1409
f 1579 1571 1574
f 1737 1563 1476
f 1565 1738 1739
f 1565 1543 1544
f 1670 1672 1740
f 1619 1618 1715
f 1618 1015 1715
f 1714 1619 1715
f 1670 1740 1654
f 1741 1742 1727
f 1743 1744 1745
f 1495 1619 1714
f 1498 1619 1495
f 1541 1740 1672
f 1571 1651 1745
f 1541 1565 1740
f 1563 1737 1746
f 1637 1745 1651
f 1709 1667 1729
f 1747 1739 1748
f 1437 1502 1501
f 1749 933 1703
f 1750 1440 1437
f 1501 1750 1437
f 1751 1502 1602
f 1500 1502 1751
f 1738 1748 1739
f 1739 1740 1565
f 1752 1753 1746
f 1561 1564 1754
f 1755 1561 1754
f 1756 1561 1755
f 1747 1740 1739
f 1745 1637 1743
f 1734 733 1728
f 1743 1757 1744
f 1667 1758 1759
f 1734 1230 1233
f 1559 1561 1756
f 1231 1230 1734
f 1667 1759 1729
f 1738 1565 1544
f 1760 1743 1637
f 1754 1564 1761
f 1235 1734 1233
f 1676 1762 1675
f 1266 1231 1644
f 1748 1738 1763
f 1764 1763 1738
f 1765 1762 1676
f 1743 1760 1766
f 1679 1667 1709
f 1765 1718 1767
f 1676 1718 1765
f 1644 1231 1734
f 177 1768 176
f 1734 1645 1644
f 1738 1769 1764
f 1718 1723 1767
f 1679 1770 1632
f 1675 1761 1564
f 1734 1408 1646
f 1646 1645 1734
f 1771 1719 1015
f 1689 1656 1772
f 1679 1710 1770
f 1740 1655 1654
f 1266 1644 1773
f 1771 1732 1719
f 1746 1774 1752
f 1775 1641 1772
f 1719 1733 1720
f 1641 1775 1635
f 1771 1015 1776
f 1581 1773 1644
f 1736 1776 1015
f 1528 1777 1522
f 1771 1776 1778
f 1633 1635 1775
f 1528 1779 1777
f 1778 1732 1771
f 112 147 109
f 1775 1772 1656
f 112 1780 147
f 1666 1775 1656
f 1781 1782 1777
f 1783 1784 1785
f 557 1780 112
f 1648 1786 1642
f 1779 1781 1777
f 1787 1412 1421
f 1777 1788 1572
f 1642 1633 1747
f 1789 1784 1783
f 1533 1777 1572
f 1533 1522 1777
f 557 112 111
f 1775 1666 1633
f 1783 1704 1789
f 1366 1790 1791
f 1642 1747 1748
f 1781 1563 1746
f 1792 1697 1793
f 1528 1563 1781
f 1740 1666 1655
f 1368 1790 1366
f 1779 1528 1781
f 1747 1633 1666
f 1794 1787 1795
f 1740 1747 1666
f 1787 1421 1795
f 1748 1650 1642
f 1704 1792 1789
f 1780 154 147
f 1562 1551 1552
f 1738 1544 1556
f 1792 1793 1796
f 1556 1769 1738
f 1693 1704 1783
f 1797 1798 177
f 1783 1660 1690
f 1581 1660 1783
f 1588 1584 1799
f 1587 1589 1800
f 1783 1266 1773
f 1801 1802 1803
f 1693 1783 1690
f 1599 1592 1601
f 1792 1698 1697
f 1590 1587 1804
f 1804 1587 1800
f 1804 1805 1590
f 1590 1805 1601
f 1797 177 154
f 1347 1343 1806
f 1589 1588 1807
f 1783 1773 1581
f 1797 154 1780
f 1807 1588 1799
f 1784 1789 1792
f 1542 1600 1576
f 1792 1796 1784
f 1808 1348 1625
f 1698 1792 1704
f 1803 1802 1809
f 1803 1810 1811
f 176 167 91
f 1794 1795 1812
f 1809 1810 1803
f 1813 1814 1815
f 1650 1748 1816
f 1748 1763 1816
f 167 176 1768
f 1768 1725 1721
f 1814 1817 1815
f 1818 1794 1616
f 1643 1642 1786
f 1813 1815 1819
f 1616 1794 1820
f 1798 1797 1780
f 1810 1749 1703
f 1810 1821 1749
f 1786 1822 1643
f 1820 1614 1616
f 1343 1366 1791
f 1823 1824 1331
f 1752 1825 1753
f 1821 1826 1749
f 1749 1826 1827
f 1825 1828 1753
f 1305 1818 1616
f 1829 1813 1819
f 1825 1752 1829
f 1752 1813 1829
f 1825 1829 1828
f 1830 1412 1831
f 1832 1781 1753
f 1833 1834 1835
f 1836 1412 1787
f 1331 1785 1823
f 1837 1790 1838
f 1823 1839 1840
f 1746 1753 1781
f 1839 1823 1785
f 1791 1806 1343
f 1794 1841 1836
f 1785 1840 1839
f 1787 1794 1836
f 1790 1837 1791
f 1837 1838 1806
f 1504 1835 1834
f 1842 1843 1844
f 1824 1845 1331
f 1791 1837 1806
f 1783 1785 1331
f 1331 1266 1783
f 1836 1841 1846
f 1847 1848 1849
f 1616 1271 1305
f 1200 1659 1724
f 1850 1851 1852
f 1193 1158 1657
f 1851 1853 1852
f 1848 1854 1849
f 1817 1855 1856
f 1854 1848 1857
f 1858 1859 1801
f 1849 1860 1847
f 1855 1817 1861
f 1193 1657 1659
f 1826 1821 1827
f 1809 1862 1827
f 1412 1836 1863
f 1724 1659 1864
f 1815 1817 1856
f 1865 1866 1824
f 1830 1758 1412
f 1860 1849 1854
f 1824 1866 1845
f 1848 1867 1868
f 1759 1830 1831
f 1847 1867 1848
f 1758 1426 1412
f 1819 1856 1855
f 1759 1758 1830
f 1864 1659 1869
f 1819 1815 1856
f 1865 1824 1823
f 1870 1871 1851
f 1758 1667 1426
f 1872 1873 1874
f 1844 1875 1855
f 1865 1823 1840
f 1855 1861 1844
f 1861 1876 1844
f 1818 1305 1877
f 1877 1878 1818
f 1879 1880 1881
f 1861 1817 1876
f 1817 1842 1876
f 1197 1882 1075
f 1883 1880 1884
f 1879 1884 1880
f 1722 1882 1201
f 1768 177 1885
f 1863 1846 1886
f 1784 1840 1785
f 1809 1859 1887
f 1888 1840 1784
f 1842 1844 1876
f 1888 1784 1796
f 1888 1889 1840
f 1841 1794 1846
f 1846 1794 1818
f 1875 1890 1855
f 1802 1801 1859
f 1889 1866 1865
f 1891 1892 1893
f 1836 1846 1863
f 1865 1840 1889
f 1725 1768 1885
f 1831 1412 1863
f 1809 1827 1821
f 1888 1796 1894
f 1637 1725 1760
f 1725 1885 1760
f 1875 1844 1895
f 1888 1894 1889
f 1885 1896 1760
f 1828 1829 1890
f 1877 1886 1878
f 1197 1206 1882
f 1879 1897 1898
f 1819 1855 1890
f 1886 1846 1878
f 1879 1898 1884
f 1724 1882 1722
f 1890 1829 1819
f 1370 1899 1877
f 1900 1901 1882
f 1902 1370 1877
f 1903 1889 1894
f 1880 1834 1881
f 1874 1891 1838
f 1882 1262 1900
f 1798 1780 1867
f 1075 1882 1901
f 1904 1890 1875
f 1810 1809 1821
f 1818 1878 1846
f 177 1798 1860
f 1834 1833 1881
f 1802 1859 1809
f 1798 1847 1860
f 1880 1853 1834
f 1867 1847 1798
f 1905 1906 1907
f 1881 1908 1879
f 1907 1909 1905
f 1875 1895 1904
f 1891 1909 1907
f 1882 1206 1201
f 1892 1891 1907
f 1907 1910 1893
f 1877 1911 1886
f 1912 1913 1843
f 1892 1907 1893
f 1914 1915 1691
f 1801 1916 1917
f 1911 1877 1899
f 1916 1918 1917
f 1874 1838 1790
f 1882 1724 1915
f 1917 1858 1801
f 1893 1910 1808
f 1919 1858 1917
f 1263 1262 1914
f 1893 1838 1891
f 1262 1882 1914
f 1843 1920 1912
f 1808 1625 1893
f 1882 1915 1914
f 1902 1287 1370
f 1263 1914 1691
f 1806 1838 1893
f 1921 1263 1691
f 1625 1347 1893
f 1370 1372 1922
f 1893 1347 1806
f 1287 1877 1305
f 1287 1902 1877
f 1910 1907 1923
f 1924 1925 1926
f 1926 1925 1917
f 1852 1853 1880
f 1833 1908 1881
f 1263 1921 1261
f 1927 1928 1929
f 1860 1885 177
f 1928 1927 1930
f 1930 1927 1931
f 1932 1759 1831
f 1624 1009 1001
f 901 915 1624
f 1933 1934 1935
f 1759 1936 1729
f 1937 1629 1631
f 1001 901 1624
f 1927 1929 1938
f 1915 1724 1864
f 1939 1940 1573
f 1864 1934 1915
f 1631 1629 1622
f 1573 1571 1939
f 1941 1067 1624
f 1942 1927 1943
f 1009 1624 1067
f 1863 1886 1944
f 1927 1942 1931
f 1691 1915 1688
f 1624 1595 1941
f 1915 1934 1933
f 1595 1573 1941
f 1831 1863 1944
f 1933 1688 1915
f 1594 1569 1595
f 1945 1630 1629
f 1946 1947 1928
f 1348 1808 1631
f 1631 1808 1937
f 1658 1948 1869
f 1940 1941 1573
f 1869 1659 1658
f 1949 1941 1940
f 1947 748 1950
f 1569 1573 1595
f 1946 700 1947
f 1630 1945 1951
f 1946 1931 700
f 1629 1952 1945
f 1711 1935 1953
f 700 1931 1150
f 1389 1054 1067
f 1711 1953 1712
f 1944 1932 1831
f 1808 1910 1937
f 1919 1917 1925
f 1954 1940 1939
f 1933 1935 1711
f 1940 1955 1949
f 1160 1942 1161
f 1956 1940 1954
f 1945 1952 1957
f 1958 1919 1925
f 1160 1161 1132
f 1959 1960 1961
f 1864 1948 1935
f 1629 1962 1952
f 1629 1937 1923
f 1942 1160 1931
f 1864 1869 1948
f 1923 1962 1629
f 1932 1936 1759
f 1931 1160 1150
f 1963 1964 1880
f 1947 700 702
f 1963 1880 1883
f 1711 1713 1933
f 699 702 700
f 1388 1834 1853
f 1923 1937 1910
f 701 700 1150
f 1935 1934 1864
f 1965 1966 1967
f 1967 1966 1968
f 1947 738 748
f 1969 1970 1835
f 1971 748 737
f 1835 1970 1833
f 1947 702 738
f 1170 1969 1835
f 1972 1973 1960
f 1961 1960 1973
f 1974 1975 1976
f 1961 1973 1977
f 1978 1967 1968
f 1977 1813 1752
f 1946 1930 1931
f 1978 1979 1967
f 1977 1752 1774
f 1930 1946 1928
f 1980 1981 1068
f 1692 1982 1980
f 1983 1813 1977
f 1984 1980 1982
f 1983 1977 1973
f 1973 1972 1983
f 748 1971 1950
f 737 1985 1971
f 1951 1945 1957
f 1932 1986 1936
f 1983 1817 1814
f 1987 1967 1979
f 1988 1729 1936
f 1989 1990 1991
f 1960 1992 1993
f 1991 1990 1994
f 1995 1996 1971
f 1997 1998 1990
f 1990 1998 1994
f 1999 2000 1988
f 1995 1971 1985
f 1974 1713 1712
f 1958 1965 2001
f 1729 1988 2000
f 2002 2003 1928
f 2004 1994 2005
f 1813 1983 1814
f 1960 2006 1972
f 1999 1988 2007
f 2008 1929 2009
f 1929 1928 2003
f 2007 1936 1986
f 2003 2009 1929
f 1936 2007 1988
f 1994 2010 2005
f 2011 2012 2013
f 2014 2012 2011
f 1984 2015 1980
f 2013 1969 2011
f 1969 1170 2016
f 1932 2017 1986
f 1170 1835 1504
f 1924 1958 1925
f 1969 2016 2011
f 2011 1166 2014
f 2004 2005 2010
f 1166 1165 2014
f 1924 1965 1958
f 1166 2016 1170
f 2018 2019 2007
f 2007 1986 2018
f 1919 2020 2021
f 2022 1957 2023
f 2018 1986 2017
f 2018 2017 2024
f 2025 2009 2003
f 2024 2019 2018
f 2026 1976 1975
f 1998 2027 1994
f 1932 1944 2017
f 1998 2028 2027
f 1974 2029 1975
f 1994 2027 2010
f 2010 2027 2030
f 2027 2031 2030
f 2006 2032 2033
f 2034 2008 2009
f 1944 1886 2035
f 2034 2009 2025
f 2036 2026 2037
f 1886 1911 2035
f 2029 2037 2026
f 1223 1609 2038
f 2029 2026 1975
f 1974 1712 2029
f 1729 1741 1727
f 2029 2039 2040
f 1948 2040 1935
f 2000 1741 1729
f 2038 1609 2034
f 2000 2041 1741
f 2039 1935 2040
f 2025 2042 2034
f 1228 1223 2038
f 2029 1712 1953
f 1953 1935 2039
f 2029 1953 2039
f 2041 2000 2043
f 2044 1939 1744
f 1999 2043 2000
f 2045 2041 2043
f 1757 2044 1744
f 1227 2042 1250
f 1745 1744 1939
f 2046 1663 1662
f 2047 2044 1757
f 2048 2049 2050
f 1227 1228 2042
f 2046 2051 1663
f 2032 2052 2033
f 2053 2054 2055
f 2015 2049 2048
f 2034 1228 2038
f 1041 1036 1046
f 2056 2057 2058
f 1939 1571 1745
f 1228 2034 2042
f 2059 1954 1939
f 2055 2054 2057
f 2060 770 769
f 2052 2032 2061
f 2060 615 770
f 2003 2042 2025
f 2006 1960 2062
f 2015 2048 1980
f 2044 2059 1939
f 2048 2050 2063
f 1663 2051 2064
f 2006 2062 2032
f 2003 1250 2042
f 1993 2065 2062
f 2050 2066 2063
f 2032 2062 2065
f 1037 1036 1041
f 2034 2067 2068
f 2040 1658 1663
f 1993 2062 1960
f 753 752 2060
f 2034 1609 2067
f 1663 2064 2040
f 2002 1250 2003
f 2040 1948 1658
f 1477 1478 2036
f 2060 769 753
f 1400 1250 2002
f 2054 2058 2057
f 1993 1992 2065
f 1478 1490 2069
f 2070 2058 2054
f 1951 2071 1639
f 2072 2065 2073
f 2036 1478 2069
f 1951 1639 1630
f 2060 1036 614
f 1954 2059 2074
f 2075 2065 1992
f 1957 2022 1951
f 2054 2056 2070
f 2044 2047 2074
f 2026 2036 2069
f 2060 2076 1036
f 2077 2076 2060
f 2044 2074 2059
f 1639 1628 1630
f 1982 1692 1639
f 1686 1980 1681
f 752 766 2060
f 1686 1692 1980
f 2078 2079 2037
f 2036 2037 2079
f 2060 614 615
f 1743 1766 1757
f 2056 2058 2070
f 2071 1982 1639
f 1980 1116 1681
f 1766 2047 1757
f 2029 2078 2037
f 2029 2040 2078
f 2080 1518 2081
f 1036 1308 1046
f 1313 1308 2082
f 2083 2084 1950
f 2081 2085 2080
f 1982 2071 2015
f 1313 2082 2086
f 1947 2084 2002
f 2083 2087 2084
f 2026 2069 1490
f 1982 2015 1984
f 2026 1490 1976
f 1947 1950 2084
f 1951 2022 2071
f 1947 2002 1928
f 2022 2015 2071
f 2086 1363 1313
f 1477 1413 1473
f 1477 2036 2079
f 2088 2021 2089
f 1036 2076 1308
f 2090 1477 2079
f 2089 2021 2020
f 1308 2076 2082
f 2091 1411 1477
f 2077 2082 2076
f 1411 1413 1477
f 2091 1477 2090
f 2053 2055 2089
f 2091 1421 1411
f 2092 2093 2094
f 2020 1919 1958
f 1373 1394 2095
f 2089 2096 2088
f 2091 2090 2097
f 2098 2094 2093
f 1962 2094 2098
f 1518 2080 2099
f 1329 1363 1394
f 1962 2100 2094
f 2078 2064 2079
f 1361 1329 1394
f 2064 2051 2097
f 1363 2086 1394
f 2097 2079 2064
f 2089 2001 2101
f 1971 2102 1950
f 2078 2040 2064
f 2103 1518 1546
f 2101 1967 2089
f 2093 2104 2098
f 1967 1987 2089
f 1996 2102 1971
f 2105 2106 2107
f 2090 2079 2097
f 1952 1962 2098
f 1987 2053 2089
f 2072 2081 2108
f 2107 2109 2110
f 2098 1957 1952
f 1518 2111 2081
f 2111 2108 2081
f 2023 1957 2098
f 2051 2046 2097
f 1967 2101 2001
f 1985 2112 1995
f 2020 1958 2089
f 2095 1394 2113
f 2001 2089 1958
f 1967 2001 1965
f 1995 2114 1996
f 1394 2115 2113
f 2111 1518 2103
f 2097 2046 2116
f 1987 1968 1966
f 2100 1962 1923
f 2109 2117 2118
f 2053 1987 1966
f 2083 1950 2102
f 2098 2104 2023
f 2108 2119 2072
f 2100 1923 1907
f 1979 1978 1987
f 1987 1978 1968
f 2119 2108 2120
f 2102 2121 2083
f 2100 1907 1906
f 2118 2122 2123
f 2118 2117 2122
f 1453 2124 1460
f 2065 2072 2125
f 2122 2126 2123
f 2119 2061 2072
f 2127 2128 2129
f 2124 2130 1460
f 2108 2111 2131
f 2086 2115 1394
f 924 917 926
f 2084 1471 1400
f 1373 2095 1372
f 1453 1446 2124
f 2132 2131 2111
f 1471 2084 2130
f 2133 2119 2120
f 2117 2134 2126
f 2094 2100 2092
f 1372 2095 2135
f 2095 2113 2136
f 1471 2124 1446
f 1974 2137 1713
f 2130 2124 1471
f 1906 2092 2100
f 2122 2117 2126
f 1400 2002 2084
f 2108 2131 2120
f 2123 2126 2118
f 2084 2087 2130
f 1933 2138 2139
f 2119 2133 2061
f 2138 1933 1713
f 2139 2138 2140
f 2141 2142 2139
f 2128 2143 2129
f 2139 2140 2141
f 2129 2143 2144
f 2115 2136 2113
f 2121 2130 2087
f 2138 1713 2137
f 2143 2145 2144
f 2146 2147 2148
f 2120 2131 2132
f 2132 2133 2120
f 2135 2149 2150
f 2061 2032 2125
f 926 917 2144
f 2032 2065 2125
f 926 2145 2151
f 2049 2015 2152
f 2072 2061 2125
f 917 2129 2144
f 2153 2109 2126
f 2154 2155 2156
f 2144 2145 926
f 2023 2157 2152
f 2049 2152 2157
f 2146 2049 2157
f 926 2151 927
f 2135 1922 1372
f 2049 2146 2148
f 2156 1476 1475
f 2049 2148 2050
f 2158 2127 2129
f 2015 2022 2152
f 2152 2022 2023
f 2159 2158 2160
f 2103 2132 2111
f 2077 2115 2086
f 1749 1827 2160
f 933 1749 2158
f 1546 2132 2103
f 2158 1749 2160
f 2082 2077 2086
f 1708 2161 2162
f 2147 2163 2164
f 2165 2060 766
f 2147 2164 2166
f 2167 2168 2107
f 2141 2169 2142
f 2006 1920 1842
f 2166 2164 2170
f 2077 2060 2165
f 2107 2168 2105
f 2154 2156 1475
f 2006 1842 1817
f 1707 2171 1682
f 2154 1475 1460
f 1682 2171 1708
f 2166 2170 2066
f 2158 2129 917
f 2171 2142 2169
f 2170 2164 2172
f 1920 1843 1842
f 2142 2171 1707
f 2158 917 933
f 2110 2109 2153
f 1920 2006 2173
f 2172 2174 2170
f 1862 2160 1827
f 2175 2167 2107
f 2166 2066 2050
f 2175 2107 2110
f 2176 2177 2178
f 2118 2126 2109
f 1165 1245 2014
f 2006 1817 1972
f 2171 2169 2179
f 2016 1166 2011
f 2006 2033 2173
f 2142 1707 2139
f 2033 2052 2173
f 1688 1933 1707
f 2148 2147 2166
f 2139 1707 1933
f 1920 2180 1912
f 2179 2169 2181
f 2182 2159 2160
f 2095 2136 2183
f 1708 2176 2178
f 2182 2160 2184
f 2185 2077 2186
f 1972 1817 1983
f 2187 2182 2184
f 2181 2176 2179
f 1708 2171 2176
f 2179 2176 2171
f 1492 1976 1490
f 2188 2052 2133
f 2189 1492 1493
f 2133 2052 2061
f 2190 2191 2192
f 2193 2194 2185
f 2192 2156 2190
f 2189 2195 2140
f 2190 2155 2196
f 2190 2156 2155
f 1976 1492 2138
f 2187 2184 1887
f 2190 2121 1996
f 2183 2185 2194
f 2102 1996 2121
f 2115 2185 2136
f 2136 2185 2183
f 2197 2198 2199
f 2189 2140 1492
f 2140 2138 1492
f 2190 2196 2121
f 2200 2197 2201
f 2202 2181 2195
f 1887 2184 1862
f 2202 2195 1514
f 2166 2050 2148
f 1493 1512 2189
f 2154 2121 2155
f 2203 2195 2189
f 1862 2184 2160
f 2154 1460 2130
f 2204 1887 1859
f 2130 2121 2154
f 2189 1512 2203
f 1514 2195 2203
f 2087 2083 2121
f 2196 2155 2121
f 2181 2169 2195
f 2205 2206 2207
f 1859 1858 2204
f 2114 2190 1996
f 1858 1919 2204
f 1777 2208 1788
f 1887 1862 1809
f 1572 1788 2209
f 2137 1974 1976
f 1976 2138 2137
f 2210 1572 2209
f 2211 2212 2207
f 2141 2140 2195
f 1511 1572 2210
f 2169 2141 2195
f 2201 2197 2213
f 2207 2214 2215
f 1583 1511 2210
f 1518 2202 1514
f 2216 2164 2217
f 1788 2218 2209
f 2163 2217 2164
f 73 72 2219
f 2213 2197 2199
f 2220 2221 2222
f 2213 2199 2198
f 1969 2223 1970
f 2215 2223 2211
f 1512 1514 2203
f 2198 2224 2213
f 2211 2207 2215
f 2223 2215 2214
f 2164 2216 2172
f 1518 2099 2202
f 2225 2209 2218
f 2226 2227 2207
f 2228 73 2219
f 947 2228 2219
f 2204 1919 2220
f 2185 2115 2077
f 1657 2229 2230
f 2165 766 792
f 2216 2231 2172
f 1515 1505 2232
f 956 958 2233
f 2234 2235 2104
f 1405 1583 1505
f 2236 2213 2224
f 1583 2237 1505
f 2146 2157 2104
f 2127 2158 2238
f 2229 1158 1196
f 2106 2239 2236
f 2146 2104 2235
f 2158 2240 2238
f 1661 1657 2230
f 956 2228 947
f 958 982 2233
f 2127 2238 2241
f 2147 2146 2163
f 1422 2242 1042
f 2243 2163 2146
f 1196 1275 2242
f 2244 2228 956
f 749 613 568
f 2104 2157 2023
f 1196 2242 2245
f 2159 2246 2158
f 2246 2247 2240
f 1042 2242 1275
f 2248 2249 2250
f 1942 1943 1161
f 2251 749 570
f 1422 1451 2242
f 749 2251 1505
f 972 2252 973
f 2158 2246 2240
f 2253 2248 2250
f 2205 2207 2212
f 792 809 2165
f 2254 972 1161
f 2240 2255 2256
f 2241 2240 2256
f 809 808 2257
f 2238 2240 2241
f 2258 1873 1872
f 2240 2247 2255
f 2259 2210 2209
f 2186 2077 2165
f 2209 2225 2259
f 2247 2246 2187
f 2165 809 2257
f 2246 2159 2182
f 2246 2182 2187
f 2214 2260 2223
f 2247 2187 2261
f 824 825 940
f 2262 1908 2223
f 1196 2245 2229
f 2245 2263 2229
f 2260 2264 2223
f 2262 2223 2264
f 2261 2255 2247
f 2265 824 940
f 2266 2267 2248
f 940 2194 2265
f 1909 1873 2258
f 2268 2249 2248
f 2265 2194 2193
f 1909 1891 2269
f 1909 2269 1873
f 2214 2207 2227
f 2237 2259 2225
f 1943 2254 1161
f 1909 2258 2270
f 2210 2259 2237
f 2271 2272 1909
f 2210 2237 1583
f 1505 2237 2273
f 2274 2275 1451
f 2223 1833 1970
f 1891 1874 2269
f 2212 2013 2012
f 1905 1909 2276
f 2254 2277 2252
f 2211 2013 2212
f 2261 2187 1887
f 2254 2252 972
f 2245 2242 2263
f 2211 2223 2013
f 2253 2266 2248
f 2242 2278 2263
f 2013 2223 1969
f 1874 1873 2269
f 2278 2242 2275
f 1833 2223 1908
f 2252 982 973
f 2279 2280 2225
f 2233 982 2252
f 2213 2236 2281
f 2275 2242 1451
f 2205 2212 2012
f 2233 2252 2277
f 2205 2012 2282
f 2283 2284 2285
f 1035 1074 1245
f 1662 1661 2230
f 1074 1243 1245
f 1244 2286 1245
f 2230 2229 1662
f 1245 2282 2012
f 749 626 613
f 2205 2282 2287
f 2280 2288 2225
f 796 645 588
f 2012 2014 1245
f 2226 2207 2206
f 2257 2186 2165
f 1943 1938 2289
f 2279 796 2280
f 2290 1850 2291
f 1909 2272 2292
f 1909 2292 2276
f 2290 1851 1850
f 2276 2293 2294
f 1943 2289 2254
f 2295 1850 2296
f 1943 1927 1938
f 2297 2288 2280
f 1850 1852 2296
f 1850 2295 2291
f 2288 2273 2237
f 2283 2285 2201
f 2297 593 2298
f 1964 2296 1852
f 2297 588 593
f 623 2298 595
f 2272 2271 2292
f 1852 1880 1964
f 593 595 2298
f 2283 2201 2213
f 623 626 2298
f 2289 2277 2254
f 1851 2290 1870
f 1851 1871 2299
f 2276 2292 2293
f 2298 2288 2297
f 2288 2298 2273
f 2300 1879 1908
f 2289 1938 1929
f 626 2273 2298
f 2034 2289 2008
f 2288 2237 2225
f 1897 1879 2300
f 1909 2270 2301
f 2289 1929 2008
f 2239 2281 2236
f 2289 2034 2068
f 2258 2301 2270
f 2297 2280 796
f 1854 2107 2200
f 956 2233 2302
f 648 796 820
f 2302 2068 125
f 1860 1854 2200
f 2068 124 125
f 2302 125 73
f 2303 2204 2220
f 2302 2244 956
f 796 588 2297
f 2200 2285 2284
f 2222 2303 2220
f 2289 2068 2277
f 2304 2305 2214
f 2305 2260 2214
f 2301 2271 1909
f 2261 1887 2303
f 2260 2305 2306
f 2307 1905 2276
f 2260 2306 2308
f 2239 2106 2105
f 2068 2302 2277
f 2303 1887 2204
f 2260 2308 2264
f 2233 2277 2302
f 2273 626 1505
f 73 2228 2244
f 626 749 1505
f 2106 2224 2198
f 2214 2227 2304
f 2244 2302 73
f 2198 2197 2106
f 2309 1908 2262
f 2310 2255 2261
f 25 24 1023
f 2300 1908 2309
f 2285 2200 2201
f 1694 1701 1695
f 2311 71 1023
f 2107 2106 2200
f 2282 1245 2286
f 72 71 2311
f 2286 2287 2282
f 71 25 1023
f 2106 2197 2200
f 2205 2287 2312
f 2200 2284 2249
f 2268 2200 2249
f 2206 2205 2312
f 2093 2313 2314
f 2236 2224 2106
f 1532 1396 2315
f 2219 72 2311
f 1023 1013 2311
f 2311 1013 953
f 2316 2317 1662
f 947 2311 953
f 2219 2311 947
f 2200 1885 1860
f 2318 2232 2251
f 2200 2268 1896
f 1885 2200 1896
f 2068 2319 124
f 1505 2251 2232
f 1376 1396 1532
f 1657 1158 2229
f 1364 1381 1383
f 2232 755 2320
f 2068 2067 2319
f 2320 1515 2232
f 2232 2318 755
f 1381 1531 1382
f 2321 2275 2274
f 2067 1609 1611
f 570 755 2318
f 2322 2323 2324
f 1381 1376 1531
f 1540 1620 1451
f 2324 2325 2326
f 2324 2327 2325
f 2109 2328 2329
f 2322 2324 2326
f 2278 2275 2321
f 2234 2330 2331
f 2251 570 2318
f 1235 1233 1236
f 2234 2331 2235
f 2109 2332 2328
f 1233 2333 1236
f 2334 2335 2325
f 2321 2274 1620
f 1387 1504 1388
f 2334 2336 2337
f 2338 2234 2314
f 1388 1504 1834
f 2303 2336 2334
f 1396 2339 2315
f 2340 1233 1232
f 2109 1991 2332
f 2334 2337 2335
f 2332 1991 1994
f 1994 2004 2332
f 2110 2153 2341
f 2234 2093 2314
f 2126 2341 2153
f 2342 2343 1832
f 1386 1388 2339
f 2344 2345 2321
f 2093 2234 2104
f 737 1236 2346
f 1386 2339 1396
f 2321 2345 2347
f 2325 2335 2337
f 2185 2186 2257
f 2325 2327 2334
f 2175 2110 2341
f 2327 2348 2334
f 2330 2243 2146
f 1832 2349 2342
f 2274 1451 1620
f 2347 2350 2321
f 2351 2333 1233
f 2351 1236 2333
f 2263 2278 2321
f 2185 2257 2193
f 2340 2351 1233
f 2316 2263 2321
f 2331 2330 2146
f 2350 2316 2321
f 2351 2352 2346
f 2257 2265 2193
f 2349 1832 2353
f 2146 2235 2331
f 2315 1584 1532
f 2354 2339 1388
f 2355 2332 2356
f 2257 808 2265
f 2357 2358 2217
f 1236 2351 2346
f 2327 2359 2348
f 2339 2354 1584
f 2360 2216 2217
f 808 824 2265
f 2339 1584 2315
f 2347 2361 2350
f 2324 2362 2359
f 2217 2358 2363
f 1853 2354 1388
f 2327 2324 2359
f 2346 1985 737
f 2194 940 2135
f 2344 2321 1620
f 2325 2322 2326
f 2364 2354 1851
f 2332 2355 2365
f 2366 2343 2367
f 1851 2354 1853
f 2135 2183 2194
f 2095 2183 2135
f 2134 2004 2341
f 2330 2357 2217
f 2368 2366 2367
f 2299 2364 1851
f 2354 2364 2369
f 1530 1532 1584
f 2356 2370 2355
f 2364 2371 2369
f 2217 2163 2243
f 2243 2330 2217
f 2354 2369 1584
f 2313 1906 1905
f 2372 2369 2371
f 2356 2004 2134
f 2313 2092 1906
f 2373 2352 2351
f 2092 2313 2093
f 2369 2372 1584
f 2374 1584 2372
f 2356 2332 2004
f 2374 1799 1584
f 1699 1429 1431
f 2307 2276 2294
f 2370 2356 2134
f 2375 2334 2348
f 2347 2376 2361
f 2340 1232 2351
f 2303 2334 2375
f 1782 2208 1777
f 2377 2314 2313
f 2378 2376 2347
f 2351 1232 2379
f 2368 2208 1782
f 1232 1282 2379
f 2134 2355 2370
f 2380 2344 1620
f 2134 2329 2328
f 2307 2313 1905
f 2381 2376 2378
f 2117 2329 2134
f 2371 2364 2299
f 2382 2368 2367
f 2366 1832 2343
f 1323 1331 1320
f 1282 1320 2383
f 1781 1832 1782
f 1832 2366 2368
f 1320 1331 1845
f 1832 2368 1782
f 1282 2383 2379
f 2347 2381 2378
f 2328 2332 2365
f 2221 2220 2384
f 2328 2365 2134
f 2347 2345 2381
f 1320 2385 2386
f 2380 2381 2344
f 2263 2316 2229
f 2096 2089 2055
f 2316 1662 2229
f 2096 2387 2384
f 2135 940 2149
f 2388 2383 2386
f 2316 2389 2317
f 2384 2390 2221
f 2383 1320 2386
f 2384 2387 2390
f 2096 2390 2387
f 2116 2317 2389
f 2391 2346 2352
f 2096 2056 2392
f 2046 1662 2317
f 2373 2346 2391
f 2056 2393 2392
f 2392 2394 2221
f 2330 2395 2396
f 2112 1985 2346
f 2397 2342 2398
f 2391 2352 2373
f 2365 2355 2134
f 2390 2392 2221
f 2393 2325 2392
f 2112 2346 2373
f 2126 2134 2341
f 2055 2056 2096
f 2398 2342 2349
f 2392 2390 2096
f 2112 2399 2400
f 2329 2117 2109
f 2377 2401 2338
f 2373 2402 2403
f 2403 2399 2112
f 2112 2373 2403
f 1828 2404 1753
f 2057 2056 2055
f 2404 1832 1753
f 1919 2021 2220
f 2405 2402 2373
f 2377 2338 2314
f 2239 2105 2281
f 2105 2168 2281
f 2220 2021 2088
f 2383 2406 2379
f 1832 2404 2353
f 2281 2283 2213
f 2384 2220 2088
f 2234 2338 2395
f 2373 2351 2406
f 2406 2351 2379
f 1828 2407 2404
f 2408 322 2409
f 2410 2283 2281
f 2411 2395 2338
f 2373 2406 2405
f 2401 2411 2338
f 2283 2249 2284
f 2350 2361 2389
f 2088 2096 2384
f 2350 2389 2316
f 2253 2250 2283
f 2222 2336 2303
f 2330 2234 2395
f 2222 2412 2336
f 2317 2116 2046
f 1027 2413 2414
f 2249 2283 2250
f 2396 2357 2330
f 2116 2389 2376
f 2415 1766 2416
f 2337 2336 2412
f 2389 2361 2376
f 2222 2221 2394
f 1031 1328 2413
f 2396 2395 2411
f 2417 2380 1614
f 2407 1828 1890
f 2392 2325 2337
f 1890 1904 2407
f 2414 2413 1328
f 2418 2383 2388
f 2392 2337 2419
f 2383 2418 2406
f 2116 2376 1812
f 1021 1024 1026
f 2394 2392 2419
f 2381 1812 2376
f 2419 2412 2222
f 2410 2415 2416
f 1844 2420 1895
f 2396 2421 2357
f 2419 2337 2412
f 2283 2410 2416
f 2419 2222 2394
f 2422 2423 2411
f 270 292 2424
f 1027 1024 2413
f 2112 2400 1995
f 2400 2114 1995
f 1031 2413 1024
f 1621 1615 2380
f 2425 2424 291
f 1614 2380 1615
f 1027 2426 1026
f 2427 2424 2425
f 2399 2403 2402
f 2428 2429 2430
f 2428 2431 2429
f 2432 2399 2402
f 2271 2301 2431
f 292 291 2424
f 2433 1020 2434
f 1020 1021 1026
f 1812 1421 2091
f 2399 2432 2435
f 2436 877 758
f 1020 1026 2434
f 128 2436 758
f 2426 2434 1026
f 877 2436 2437
f 1812 2091 2097
f 2400 2399 2435
f 2438 2400 2435
f 291 262 1060
f 2281 2167 2175
f 1904 2439 2440
f 2167 2281 2168
f 1794 1812 2441
f 2402 2405 2406
f 1820 1794 2441
f 262 292 270
f 130 2442 151
f 2443 2407 1904
f 2444 151 2442
f 2443 1904 2440
f 1421 1812 1795
f 299 318 2445
f 2444 2436 128
f 151 2444 128
f 2424 2427 2446
f 1904 2447 2439
f 2424 2446 270
f 2448 2435 2402
f 2449 2450 2451
f 2445 318 2446
f 2446 318 270
f 1020 2433 1016
f 2097 2116 1812
f 2441 1812 2452
f 1018 1016 2433
f 2425 291 2453
f 2434 1018 2433
f 2454 2446 2427
f 2019 2450 2449
f 2415 2047 1766
f 2417 1614 1820
f 2417 1820 2441
f 2455 2456 2457
f 1326 1330 1322
f 2449 2451 2458
f 2435 2432 2402
f 2455 2459 2456
f 1330 2460 2414
f 2461 2462 2446
f 2448 2402 2463
f 2464 2465 2426
f 2426 2466 2464
f 2457 308 266
f 372 2457 427
f 1854 1857 1991
f 2455 372 404
f 2454 2427 2425
f 1857 1989 1991
f 2425 2467 2454
f 2406 2468 2402
f 266 427 2457
f 2457 372 2455
f 2109 1854 1991
f 2107 1854 2109
f 2442 308 2457
f 2457 2456 2442
f 2469 2470 2454
f 2455 404 2459
f 1896 2268 2471
f 2447 2472 2473
f 2446 2454 2461
f 2471 2268 2267
f 2447 2474 2472
f 2461 2454 2475
f 1904 1895 2476
f 1760 1896 2471
f 2471 2267 2266
f 2442 307 308
f 2420 2477 2476
f 2454 2478 2469
f 2442 130 307
f 1904 2476 2474
f 2267 2268 2248
f 2266 2253 2471
f 2474 2476 2472
f 1103 1209 1207
f 2447 1904 2474
f 2479 2425 2453
f 2283 2471 2253
f 2420 2476 1895
f 291 1207 2453
f 2471 2416 1766
f 2468 2480 2481
f 1843 1913 2420
f 2471 2283 2416
f 1060 1207 291
f 1766 1760 2471
f 2425 2479 2467
f 2468 2418 2480
f 2045 2043 2449
f 2463 2481 2482
f 1844 1843 2420
f 2449 2483 2045
f 2484 2341 2004
f 2010 2030 2484
f 2437 2436 2485
f 876 877 2437
f 2437 950 880
f 247 2484 2030
f 2418 2468 2406
f 2437 878 876
f 239 247 2030
f 2486 2487 2041
f 2481 2463 2468
f 2484 2004 2010
f 2463 2402 2468
f 2437 880 878
f 2341 247 2175
f 2437 2488 950
f 2341 2484 247
f 2485 2436 2489
f 2041 2045 2486
f 2442 2490 2444
f 2175 247 2281
f 1746 2156 2491
f 1737 1476 2156
f 2156 1746 1737
f 2460 2492 2426
f 2489 2436 2444
f 2493 208 2494
f 2045 2483 2486
f 2495 2482 2496
f 1330 2414 1328
f 248 2493 2494
f 2074 2415 2494
f 2497 2231 2498
f 2360 2217 2231
f 2074 2494 208
f 2074 208 188
f 2493 219 190
f 2414 2460 2426
f 2426 2492 2466
f 2499 574 2500
f 2191 2438 2192
f 2493 190 208
f 574 2499 575
f 248 219 2493
f 2414 2426 1027
f 2499 2501 575
f 2415 2074 2047
f 2501 2499 2502
f 2499 2503 2502
f 1746 2491 1774
f 2504 2434 2465
f 2505 2503 1924
f 2397 2398 2506
f 2507 2404 2407
f 2426 2465 2434
f 2508 2398 2507
f 2505 2502 2503
f 2410 2281 247
f 2506 2398 2508
f 2509 2192 2510
f 1924 2503 1965
f 248 2410 247
f 2509 2491 2192
f 2511 2449 2458
f 2353 2404 2507
f 2507 2398 2353
f 2410 248 2494
f 2511 2512 2513
f 2502 2505 2501
f 2509 2514 2491
f 2410 2494 2415
f 2398 2349 2353
f 2511 2458 2515
f 2513 2516 2511
f 2360 2231 2216
f 2517 2518 2519
f 2505 2520 575
f 2498 2459 2497
f 2495 2496 2514
f 575 2501 2505
f 2231 2497 2172
f 2520 579 575
f 2172 2497 2459
f 2482 2495 2463
f 1790 2519 2521
f 2514 2509 2510
f 2513 2522 2516
f 2456 2459 2498
f 2523 2513 2524
f 2521 1874 1790
f 574 634 2500
f 2512 2511 2515
f 633 638 634
f 2458 2451 2515
f 1368 1172 2517
f 420 2525 2526
f 2438 2435 2510
f 634 2527 2500
f 2490 2456 2528
f 2527 2499 2500
f 2435 2448 2510
f 2517 2519 1790
f 2527 2503 2499
f 2528 2489 2490
f 1790 1368 2517
f 2515 2524 2513
f 638 2529 634
f 2495 2448 2463
f 2518 1039 2530
f 2490 2442 2456
f 2495 2514 2510
f 434 2531 503
f 2518 1117 1039
f 2529 2527 634
f 2515 2513 2512
f 2513 2523 2532
f 2438 2510 2192
f 2529 638 637
f 2518 2517 1117
f 2528 2456 2498
f 1172 1117 2517
f 2491 2156 2192
f 2533 2529 637
f 1980 1068 1116
f 2496 1774 2514
f 2172 404 2174
f 2514 1774 2491
f 2534 2529 2533
f 2503 2535 2536
f 2172 2459 404
f 1044 1068 1981
f 2537 2513 2532
f 1980 2048 1981
f 2530 2538 2539
f 2510 2448 2495
f 2063 1981 2048
f 2540 2541 2542
f 2443 2543 2507
f 2544 1018 2434
f 2537 2545 2546
f 2400 2438 2114
f 2190 2114 2438
f 2537 2546 2513
f 2538 1018 2544
f 1018 2530 1039
f 2191 2190 2438
f 2542 2541 2547
f 2548 2496 2482
f 2549 420 2526
f 2407 2443 2507
f 2524 2515 2451
f 2530 1018 2538
f 2550 2551 2543
f 2552 1774 2548
f 2552 1977 1774
f 2536 2535 2540
f 2548 1774 2496
f 2443 2440 2550
f 2540 2535 2541
f 2550 2543 2443
f 2538 2553 2554
f 2538 2544 2553
f 2555 2556 500
f 2557 2554 2553
f 2385 2558 2388
f 2503 2541 2535
f 2553 2504 2557
f 2503 2536 2053
f 2553 2434 2504
f 2544 2434 2553
f 2054 2053 2536
f 2056 2054 2536
f 2559 2560 2561
f 2503 2053 1966
f 503 2531 497
f 2503 1966 1965
f 2562 2539 2554
f 2550 2563 2551
f 2551 2564 2543
f 2531 2565 497
f 2564 2566 2567
f 2519 2518 2530
f 2507 2564 2567
f 2568 2569 2559
f 2564 2507 2543
f 2539 2570 2519
f 2571 2567 2566
f 1620 1621 2380
f 2452 1812 2381
f 2559 2561 2572
f 2345 2344 2381
f 2539 2562 2570
f 2567 2573 2508
f 2573 2506 2508
f 2452 2381 2441
f 2417 2381 2380
f 2417 2441 2381
f 2530 2539 2519
f 2572 2568 2559
f 2508 2507 2567
f 398 375 387
f 2538 2554 2539
f 2574 398 387
f 2343 2575 2576
f 2577 2572 2561
f 399 398 2578
f 2577 2561 2579
f 2343 2342 2575
f 2575 2342 962
f 387 2578 2574
f 2580 2581 2582
f 2547 2541 2583
f 2575 962 2584
f 2527 2585 2583
f 2342 2397 962
f 2582 2521 2519
f 2534 2586 2587
f 366 359 387
f 1043 1044 1981
f 359 378 387
f 2575 2584 2576
f 378 960 387
f 1094 946 2174
f 946 1043 1981
f 2588 2582 2519
f 1981 2174 946
f 2418 2388 2558
f 2218 2279 2225
f 2367 2589 2382
f 2590 2418 2558
f 2570 2588 2519
f 404 1094 2174
f 2386 2385 2388
f 2521 1872 1874
f 2521 2581 1872
f 2382 2589 2218
f 2578 398 2574
f 2581 2521 2582
f 1981 2063 2066
f 2591 2592 387
f 2170 2174 2066
f 2174 1981 2066
f 2368 2382 2218
f 2592 2593 2578
f 2594 2595 2466
f 2596 2597 1903
f 2577 2598 2568
f 2568 2598 2569
f 2592 2578 387
f 1903 2597 1889
f 2218 2208 2368
f 2589 2367 2343
f 2592 2599 2593
f 2589 2343 2576
f 2600 2587 2586
f 796 2218 820
f 2593 2601 2578
f 2587 2583 2585
f 796 2279 2218
f 2585 2534 2587
f 2488 2437 2485
f 2208 2218 1788
f 2602 2488 2485
f 2547 2583 2587
f 955 950 2488
f 820 817 819
f 2444 2490 2489
f 2503 2583 2541
f 2465 2466 2595
f 2503 2527 2583
f 2527 2529 2585
f 2603 2601 2593
f 2604 2577 2605
f 2534 2585 2529
f 817 2576 2584
f 2576 817 2589
f 723 299 2445
f 2606 2607 2599
f 2568 2572 2577
f 723 2445 2462
f 723 2462 2608
f 2464 2466 2465
f 2609 2498 2231
f 2446 2462 2445
f 2462 2461 2475
f 2610 2611 2545
f 723 2608 736
f 818 817 2584
f 2589 817 820
f 2612 2466 2492
f 2613 2608 2462
f 2614 2615 2616
f 2460 2612 2492
f 1407 1330 1326
f 2617 2618 2619
f 818 2584 961
f 2620 2621 2615
f 2612 2460 1407
f 2549 434 420
f 2620 2606 2621
f 2603 2593 2607
f 637 716 2622
f 2218 2589 820
f 2611 2513 2546
f 2615 2601 2620
f 2584 962 961
f 2533 637 2622
f 2611 2522 2513
f 2545 2611 2546
f 1407 2460 1330
f 2593 2599 2607
f 2504 2465 2595
f 2449 2511 2516
f 2623 2533 2622
f 2624 2625 2609
f 2498 2625 2528
f 2601 2603 2620
f 2623 2626 2533
f 2603 2607 2620
f 2522 2611 2627
f 2534 2533 2626
f 2625 2489 2528
f 1699 2628 1429
f 2607 2606 2620
f 1406 1429 2628
f 2567 2629 2573
f 2498 2609 2625
f 2522 2630 2516
f 2623 2631 2626
f 2632 2633 2634
f 1407 2628 2612
f 2516 2483 2449
f 2635 2601 2615
f 2571 2629 2567
f 1407 1406 2628
f 2615 2614 2635
f 2591 387 960
f 2629 2636 2573
f 2531 2549 2637
f 1076 991 990
f 2506 2573 2636
f 434 2549 2531
f 2397 2506 962
f 2506 2636 962
f 2591 960 2638
f 2639 2618 2617
f 2612 2640 2641
f 2638 2592 2591
f 2628 1699 1731
f 2642 2629 2643
f 960 991 2638
f 2628 1731 1730
f 2638 2599 2592
f 1176 2638 991
f 2637 2644 2531
f 2628 2640 2612
f 2638 2645 2599
f 2638 2646 2645
f 500 2647 2555
f 2571 2648 2629
f 2559 2569 2649
f 2612 2641 2466
f 1176 991 1076
f 2629 2642 2636
f 2650 1866 1889
f 2385 1320 2651
f 2489 2632 2485
f 2641 2594 2466
f 1845 1866 2651
f 2486 2630 2487
f 1866 2650 2651
f 2599 2645 2606
f 2640 2628 1730
f 1889 2558 2650
f 2652 1626 900
f 2615 2621 2653
f 2650 2385 2651
f 2650 2558 2385
f 966 2636 2642
f 2636 966 962
f 2555 2639 2617
f 2651 1320 1845
f 2654 2655 2656
f 2555 2619 2657
f 2522 2658 2630
f 2557 2655 2654
f 2516 2630 2483
f 2655 2557 2504
f 2652 900 911
f 2625 2633 2632
f 2627 2658 2522
f 2659 2595 2594
f 2625 2624 2633
f 2645 2660 2661
f 2655 2595 2659
f 2658 2560 2559
f 2661 2660 2662
f 2595 2655 2504
f 2625 2632 2489
f 961 895 818
f 2630 2658 2649
f 2483 2630 2486
f 911 966 2642
f 2658 2559 2649
f 2663 2664 2590
f 2647 2639 2555
f 2659 2594 2665
f 2666 2667 2668
f 2555 2617 2619
f 2488 2602 2669
f 2670 2551 340
f 2644 2639 2647
f 2663 2671 2664
f 2663 2672 2673
f 2663 2673 2671
f 2549 2639 2644
f 2647 2565 2531
f 2633 2624 2674
f 2675 2676 202
f 2531 2644 2647
f 2644 2637 2549
f 2677 2439 2447
f 2668 2667 2678
f 2647 497 2565
f 2679 2680 2672
f 2681 2682 2665
f 2674 2683 2633
f 497 2647 500
f 2655 2659 2682
f 2684 2420 1913
f 2685 2674 2624
f 2686 2687 2682
f 500 2556 2688
f 2684 2477 2420
f 2683 2634 2633
f 2688 2689 500
f 2690 2663 2590
f 2690 1889 2597
f 2556 2689 2688
f 2691 2692 2693
f 2692 2678 2693
f 2596 2694 2597
f 2473 2472 2477
f 2659 2665 2682
f 2602 2632 2683
f 2683 2669 2602
f 1912 2684 1913
f 2683 2632 2634
f 2663 2690 2597
f 2667 2666 2695
f 2632 2602 2485
f 2684 1912 2180
f 1889 2690 2558
f 2693 2667 2695
f 1080 1079 420
f 2558 2690 2590
f 2684 2180 2675
f 2679 2672 2597
f 2672 2663 2597
f 2669 1015 955
f 2693 2678 2667
f 1110 1095 2696
f 955 2488 2669
f 2687 2655 2682
f 2666 2697 2695
f 2684 2675 202
f 202 204 2684
f 2655 2687 2698
f 204 2699 2684
f 2679 2597 2694
f 2473 2477 2677
f 420 1079 2525
f 2691 2693 2695
f 2694 2680 2679
f 1110 2525 1079
f 2700 2680 2694
f 2477 2701 2677
f 2686 2702 2687
f 2677 2447 2473
f 2645 2661 2606
f 2655 2698 2656
f 2695 2697 2408
f 2408 2703 2691
f 2704 2705 2421
f 2476 2477 2472
f 2408 2691 2695
f 716 2623 2622
f 2703 2692 2691
f 2624 2706 2705
f 2707 2661 2662
f 2621 2606 2661
f 2621 2661 2707
f 2358 2357 2421
f 716 2708 2631
f 2439 2709 2710
f 2709 2711 2710
f 2358 2421 2705
f 731 2708 716
f 2363 2358 2705
f 731 716 720
f 716 2631 2623
f 2712 2713 2714
f 2715 1921 2716
f 2708 2717 2631
f 2713 2692 2703
f 2703 2714 2713
f 2712 2714 2718
f 2554 2654 2656
f 2719 2720 2710
f 2719 2710 2711
f 19 2721 2722
f 2396 2411 2723
f 2719 2711 2724
f 2408 2714 2703
f 2725 2719 2724
f 2654 2554 2557
f 2421 2396 2723
f 2726 2727 2554
f 2363 2705 2706
f 2562 2554 2727
f 2706 2624 2363
f 2725 2720 2719
f 2728 2729 919
f 2217 2363 2609
f 2624 2609 2363
f 2716 2730 2715
f 2231 2217 2609
f 2645 2731 2660
f 2662 2660 2731
f 2684 2699 2724
f 2626 2732 2733
f 418 509 1080
f 2717 2734 2732
f 1080 420 418
f 2727 2735 2736
f 2570 2727 2736
f 2709 2724 2711
f 2724 2701 2477
f 2292 2737 2293
f 2588 2570 2736
f 2724 2477 2684
f 2696 2525 1110
f 2677 2709 2439
f 457 452 405
f 2709 2677 2701
f 2580 2738 2258
f 505 457 405
f 2724 2709 2701
f 500 457 505
f 2739 2740 2401
f 2741 2738 2580
f 2731 2742 2662
f 2738 2301 2258
f 2580 2258 1872
f 2740 2743 2744
f 2745 2743 2740
f 2746 2742 2716
f 2731 2730 2716
f 2740 2739 2745
f 937 923 1087
f 2747 2580 2582
f 1088 1087 923
f 1921 2746 2716
f 2700 2748 2749
f 2741 2580 2736
f 2423 2750 2411
f 1903 2722 2721
f 2736 2580 2747
f 2570 2562 2727
f 2751 937 1087
f 2752 2753 2754
f 2721 2596 1903
f 2580 1872 2581
f 2423 2755 2756
f 2756 2750 2423
f 2582 2588 2736
f 2728 2751 2678
f 2747 2582 2736
f 2678 2692 2728
f 2751 2728 938
f 2754 2720 2752
f 2752 2720 2725
f 2694 2757 2758
f 2728 919 938
f 2377 2739 2401
f 2716 2742 2731
f 2738 2759 2430
f 1087 2668 2751
f 2710 2754 2563
f 2377 2760 2739
f 2430 2301 2738
f 2550 2440 2563
f 2377 2313 2760
f 2759 2741 2735
f 2751 938 937
f 2422 2411 2401
f 2668 2678 2751
f 2759 2738 2741
f 2596 2721 2757
f 2736 2735 2741
f 2401 2740 2422
f 2440 2439 2563
f 2694 2758 2761
f 2720 2754 2710
f 2742 2746 2707
f 2694 2761 2748
f 2735 2727 2726
f 2710 2563 2439
f 2750 2723 2411
f 340 2563 2754
f 2700 2694 2748
f 2554 2656 2726
f 2726 2656 2698
f 2762 500 2689
f 2763 2754 2753
f 2744 2423 2422
f 2744 2422 2740
f 2596 2757 2694
f 2717 731 736
f 457 500 2762
f 2664 2764 2590
f 2418 2590 2764
f 2726 2698 2765
f 2699 2725 2724
f 2766 2753 2752
f 2418 2764 2480
f 2293 2737 2767
f 2752 2768 2766
f 2769 2770 2430
f 2613 2771 2717
f 2763 2753 2766
f 2772 1868 1867
f 2773 2481 2480
f 2734 2717 2771
f 736 2608 2717
f 2717 2608 2613
f 2769 2430 2759
f 2482 2773 2548
f 2480 2764 2773
f 2717 2708 731
f 2430 2429 2301
f 2774 2775 2776
f 2611 2610 2627
f 2737 2292 2271
f 2475 2734 2771
f 2774 2776 531
f 2454 2470 2475
f 2271 2431 2737
f 2707 2662 2742
f 2765 2735 2726
f 2777 2778 2765
f 2778 2735 2765
f 1075 1901 1176
f 2779 2780 2781
f 2781 2782 2779
f 2780 2783 2781
f 2717 2626 2631
f 1641 2780 2779
f 2784 2785 1176
f 2767 2737 2786
f 2671 2773 2764
f 2646 2787 2645
f 2610 2788 2579
f 2731 2645 2787
f 2787 2785 2784
f 2579 2627 2610
f 2301 2429 2431
f 2462 2475 2613
f 2785 2787 2646
f 2712 2579 2789
f 2790 2791 2792
f 2792 2671 2790
f 2771 2613 2475
f 2673 2672 2790
f 2626 2717 2732
f 2577 2579 2712
f 2784 1176 1901
f 2579 2561 2793
f 2794 2795 2796
f 2627 2579 2793
f 2784 1901 1900
f 2796 2791 2672
f 2797 1674 1689
f 2560 2793 2561
f 2627 2793 2560
f 2791 2790 2672
f 1674 2797 2798
f 2658 2627 2560
f 2784 2715 2787
f 2577 2712 2605
f 2730 2787 2715
f 2799 2800 2801
f 2673 2790 2671
f 2796 2700 2794
f 2798 2802 1674
f 2431 2801 2737
f 2803 2804 2805
f 2806 2797 1689
f 2795 2791 2796
f 2796 2672 2680
f 2801 2800 2786
f 2807 2808 2803
f 2809 2810 2811
f 2803 2812 2810
f 2813 2806 2814
f 2752 2725 2699
f 2810 2812 2811
f 2801 2786 2737
f 2764 2664 2671
f 2815 2752 2699
f 2787 2730 2731
f 531 533 2774
f 2815 2768 2752
f 2816 2801 2431
f 1261 2715 2784
f 1262 2784 1900
f 204 2768 2815
f 1262 1261 2784
f 204 214 2768
f 2801 2817 2818
f 2817 2801 2816
f 2482 2481 2773
f 1911 1899 2819
f 204 2815 2699
f 2700 2796 2680
f 2819 2820 1911
f 2646 2638 2785
f 2801 2821 2799
f 2785 2638 1176
f 1921 2715 1261
f 2822 2150 2823
f 2428 2824 2816
f 2825 2826 7
f 1922 2819 1899
f 6 7 2826
f 1922 1899 1370
f 1961 2827 2828
f 2431 2428 2816
f 1959 1961 2828
f 1780 2772 1867
f 2819 2150 2822
f 2829 2150 2819
f 2830 2768 2831
f 2829 2135 2150
f 557 2776 2775
f 2798 2797 2806
f 1922 2829 2819
f 557 531 2776
f 303 2831 199
f 2135 2829 1922
f 1683 2162 1684
f 2768 214 199
f 2832 2833 2824
f 1684 1921 1691
f 2775 2772 557
f 1684 2162 1921
f 2798 2806 2802
f 2817 2816 2834
f 1708 2162 1683
f 2835 1959 2828
f 2774 533 2762
f 2836 2828 2827
f 457 2762 533
f 1780 557 2772
f 2766 2768 2837
f 2802 2813 2838
f 2817 2839 2840
f 2178 2841 1708
f 2817 2842 2839
f 2768 2830 2837
f 2843 2844 2762
f 2161 1708 2841
f 2845 2846 2824
f 2828 2836 2792
f 302 2831 303
f 2841 2826 2161
f 2836 2773 2671
f 2768 199 2831
f 2816 2824 2833
f 2792 2836 2671
f 2161 2746 2162
f 1868 2772 2844
f 2833 2834 2816
f 2814 2847 2813
f 2746 1921 2162
f 2848 2035 2849
f 2849 2035 1911
f 2835 2828 2792
f 2746 2826 2825
f 2847 2838 2813
f 2775 2774 2844
f 2838 2665 2594
f 2841 6 2826
f 2844 2772 2775
f 2802 2838 2640
f 244 309 2831
f 2802 2640 1730
f 1961 2548 2827
f 244 2831 302
f 2774 2762 2844
f 2850 2746 2825
f 1674 2802 1730
f 2851 2831 2852
f 1868 2853 2854
f 1868 2844 2853
f 2826 2746 2161
f 2178 6 2841
f 2855 1959 2835
f 137 136 2856
f 1961 1977 2552
f 2857 2853 2858
f 2851 2830 2831
f 2859 2860 2856
f 2861 2307 2294
f 2853 2862 2854
f 2548 1961 2552
f 2862 2853 2863
f 2760 2313 2307
f 2852 2831 309
f 2760 2307 2861
f 2863 2853 2857
f 2827 2548 2836
f 2293 2767 2861
f 2773 2836 2548
f 310 2864 2865
f 2767 2786 2861
f 2782 1772 1641
f 2803 2810 2807
f 2862 2863 2857
f 310 2408 2864
f 2779 2782 1641
f 309 310 2852
f 2861 2294 2293
f 2762 2689 2843
f 2864 2408 2697
f 2866 1959 2855
f 2754 341 340
f 2867 1960 2866
f 2551 2563 340
f 1960 2867 1992
f 1689 1772 2782
f 2866 1960 1959
f 2806 2813 2802
f 2867 2795 2868
f 341 2754 2763
f 2869 2870 2871
f 2766 341 2763
f 2791 2795 2867
f 2806 1689 2782
f 2872 2869 2871
f 2866 2791 2867
f 2868 1992 2867
f 2808 2807 2873
f 2855 2792 2791
f 2739 2760 2745
f 2781 2806 2782
f 2791 2866 2855
f 339 2874 340
f 1868 2875 1848
f 2875 2876 1848
f 2760 2877 2745
f 2874 352 340
f 2017 2035 2024
f 2869 2876 2870
f 2017 1944 2035
f 2878 2876 2872
f 2393 2322 2325
f 2873 2393 2056
f 2876 2869 2872
f 2879 2024 2035
f 2878 2880 2876
f 2807 2393 2873
f 2800 2881 2882
f 2766 2837 339
f 2882 2786 2800
f 2830 2874 339
f 2792 2855 2835
f 2830 339 2837
f 2883 2814 2806
f 2830 2851 2874
f 2883 2847 2814
f 2794 2868 2795
f 2884 2885 2886
f 181 180 2856
f 2887 2856 2860
f 2806 2781 2885
f 2812 2803 2805
f 2799 2888 2889
f 2876 2875 2870
f 2890 1848 2876
f 2891 136 124
f 2876 2892 2890
f 2893 2760 2881
f 2886 2894 2884
f 2891 124 2319
f 2881 2760 2861
f 2895 2894 2896
f 2883 2884 2897
f 2872 2892 2878
f 2892 2880 2878
f 2851 2898 2874
f 2812 2899 2900
f 2877 2760 2893
f 2880 2892 2876
f 2024 2450 2019
f 2812 2900 2901
f 2449 2902 2019
f 1999 2007 2902
f 2881 2861 2786
f 2766 339 341
f 2019 2902 2007
f 2893 2881 2903
f 416 352 2874
f 2893 2903 2904
f 2898 416 2874
f 2449 2043 1999
f 2783 2886 2885
f 2903 2881 2800
f 2786 2882 2881
f 2449 1999 2902
f 2783 2885 2781
f 509 418 2898
f 2799 2903 2800
f 418 416 2898
f 2905 2868 2794
f 2885 2884 2883
f 2906 2903 2799
f 2901 2900 2899
f 2883 2806 2885
f 2907 2908 2891
f 2909 2910 2906
f 2811 2901 2911
f 2911 2901 2912
f 2891 2319 2907
f 840 686 2809
f 2913 2914 2319
f 2843 2915 2844
f 2812 2901 2811
f 2915 2858 2844
f 2916 2917 2918
f 2809 2811 2911
f 2523 2917 2916
f 2912 2809 2911
f 1611 1673 2913
f 840 2809 2912
f 2743 2919 2744
f 2858 2871 2870
f 2916 2545 2537
f 2916 2537 2523
f 509 2898 510
f 2681 2920 2921
f 2852 510 2898
f 2524 2451 2450
f 2922 2923 2924
f 2925 2916 2918
f 2926 2905 2927
f 2919 2743 2928
f 2927 2929 2930
f 2681 2921 2924
f 2450 2024 2524
f 2931 2932 2933
f 2524 2024 2879
f 2745 2877 2743
f 686 550 2809
f 2524 2917 2523
f 2934 2879 2918
f 2877 2928 2743
f 2809 47 2810
f 2935 2883 2897
f 2936 2668 1087
f 2934 2918 2917
f 2927 2905 2929
f 2879 2934 2524
f 2809 550 47
f 2937 2938 2928
f 2939 2940 2941
f 2758 2929 2905
f 2894 2941 2897
f 2934 2917 2524
f 2323 2322 2810
f 2938 2942 2919
f 508 2931 2933
f 2941 2935 2897
f 2943 2944 2919
f 2322 2807 2810
f 2945 2943 2919
f 2919 2942 2945
f 2844 2858 2946
f 2875 2857 2870
f 2523 2537 2532
f 2941 2947 2935
f 47 2948 2810
f 2941 2949 2947
f 2832 2824 2950
f 2810 2948 2323
f 1868 2857 2875
f 2393 2807 2322
f 1868 2854 2857
f 2479 1207 1209
f 2870 2857 2858
f 2453 1207 2479
f 2842 2817 2834
f 1209 1210 2479
f 2931 2936 2951
f 2761 2758 2905
f 2853 2946 2858
f 2818 2817 2840
f 2853 2844 2946
f 2951 2952 2931
f 2854 2862 2857
f 2479 1210 1226
f 2821 2801 2818
f 2947 2949 2953
f 2888 2799 2821
f 1226 1527 2479
f 2914 2907 2319
f 1527 708 2479
f 2761 2905 2748
f 2479 708 750
f 2666 2668 2936
f 2914 2954 2907
f 2955 2914 2913
f 2955 2954 2914
f 2929 2758 2956
f 2479 750 2957
f 2913 1673 2955
f 2898 2851 2852
f 2319 2067 2913
f 2958 2478 2467
f 2959 2556 2555
f 2897 2884 2894
f 2905 2794 2700
f 2467 2478 2454
f 2749 2748 2905
f 2700 2749 2905
f 2893 2960 2877
f 2961 2877 2960
f 2905 2926 2868
f 2931 508 2865
f 2961 2962 2877
f 2928 2877 2962
f 2838 2847 2963
f 2757 2721 2964
f 2958 2957 2965
f 2697 2666 2936
f 2939 2941 2966
f 2894 2966 2941
f 2893 2904 2960
f 2967 2894 2895
f 2904 2903 2910
f 2967 2966 2894
f 2958 2965 2478
f 2903 2906 2910
f 2889 2909 2906
f 721 2469 719
f 2906 2799 2889
f 2935 2947 2963
f 2947 2920 2963
f 2865 508 510
f 2469 2478 719
f 2820 2848 2849
f 2968 2721 19
f 2965 719 2478
f 2919 2928 2938
f 2964 2721 2968
f 2949 2941 2940
f 2852 310 2865
f 719 2957 750
f 2962 2969 2928
f 2847 2883 2935
f 2957 719 2965
f 2928 2969 2937
f 2963 2847 2935
f 2479 2957 2958
f 2864 2931 2865
f 2467 2479 2958
f 2035 2970 2971
f 2864 2697 2936
f 2864 2936 2931
f 2540 2803 2808
f 2879 2035 2971
f 510 2852 2865
f 2947 2972 2973
f 2959 2689 2556
f 2970 2035 2848
f 2940 2953 2949
f 2918 2879 2971
f 2540 2804 2803
f 2555 2657 2959
f 2067 1611 2913
f 2963 2920 2838
f 2540 2808 2536
f 2974 2975 2685
f 2976 2977 2921
f 2820 2849 1911
f 2542 2547 2978
f 1596 2955 1673
f 2757 2956 2758
f 1596 1598 2955
f 2977 2979 2921
f 2856 136 2859
f 2979 2924 2921
f 2674 2685 2975
f 2540 2542 2805
f 2540 2805 2804
f 2980 2981 1015
f 2921 2947 2976
f 2873 2536 2808
f 2947 2921 2920
f 2891 2859 136
f 2873 2056 2536
f 2908 2859 2891
f 2972 2947 2982
f 2983 2908 2907
f 2980 2984 2985
f 2908 2983 2859
f 2986 2987 2988
f 2980 1015 2984
f 2976 2947 2977
f 2989 2618 2990
f 2991 2979 2977
f 2907 2954 2983
f 2990 2639 2549
f 1015 2669 2683
f 2987 2992 2993
f 1015 2683 2984
f 2990 2618 2639
f 2987 2993 2916
f 2526 2990 2549
f 2994 2985 2984
f 2619 2989 2657
f 2924 2979 2922
f 2994 2995 2985
f 2995 2994 2975
f 2989 2619 2618
f 2859 2983 2996
f 2997 2998 2999
f 3000 3001 3002
f 2994 2984 2683
f 2977 2947 2973
f 2973 3003 2991
f 2996 2860 2859
f 2994 2674 2975
f 3003 3004 2991
f 2997 2964 2998
f 2968 2998 2964
f 2977 2973 2991
f 2526 3005 2990
f 2991 2922 2979
f 2994 2683 2674
f 2925 2988 2987
f 3006 3007 2922
f 2964 2997 2757
f 2987 2916 2925
f 3008 3009 2988
f 2991 3006 2922
f 3010 2983 2955
f 3004 3006 2991
f 3011 2973 3012
f 1598 1705 3010
f 3013 2978 3014
f 2971 2925 2918
f 2955 2983 2954
f 3015 2980 2985
f 2971 2970 2925
f 3016 2988 2925
f 2978 3013 3017
f 3018 181 3019
f 2952 3020 1081
f 2978 3000 3014
f 174 181 3018
f 3003 3021 3004
f 2856 180 137
f 2916 2610 2545
f 3022 2997 2999
f 3016 2925 2970
f 3004 3023 3006
f 3018 87 174
f 3024 2980 3025
f 3000 3002 3014
f 87 315 276
f 2978 3017 2542
f 3016 3008 2988
f 2956 2757 2997
f 3018 315 87
f 3009 3008 3026
f 3027 2176 3028
f 3015 3029 2980
f 2956 2930 2929
f 1643 2783 2780
f 3002 3013 3014
f 3030 2783 3031
f 1643 3031 2783
f 3032 3025 3029
f 2986 2988 3026
f 3033 2886 3030
f 3018 3034 3035
f 3029 3036 3032
f 1643 2780 1641
f 315 3018 3035
f 2886 2896 2894
f 315 3035 316
f 3029 3025 2980
f 3002 3037 3017
f 3038 3039 3016
f 2783 3030 2886
f 3040 3041 3042
f 3016 3039 3008
f 2886 3033 2896
f 3019 3034 3018
f 3043 1643 1822
f 2968 3028 2176
f 2856 3019 181
f 2887 3034 3019
f 3026 3008 3039
f 3044 3031 1643
f 3043 3044 1643
f 3045 3016 2970
f 3027 2177 2176
f 3046 3042 3029
f 2856 2887 3019
f 3029 3015 3046
f 2975 3047 2995
f 2947 2953 3048
f 2947 3048 2982
f 316 3049 217
f 3026 2988 3009
f 3017 3013 3002
f 217 211 316
f 437 436 438
f 3012 2973 2972
f 430 437 3050
f 316 3051 3049
f 2956 3052 2930
f 3046 3053 3042
f 3005 431 3050
f 3050 431 430
f 3003 2973 3011
f 3005 2989 2990
f 3054 3051 3055
f 3022 2930 3052
f 3055 3051 3035
f 3021 3003 3056
f 3057 3058 3022
f 2805 2542 3017
f 3045 2819 2822
f 3015 2995 3046
f 3054 3055 3035
f 3059 3004 3021
f 3060 3061 3062
f 2657 3005 2959
f 3056 3003 3011
f 3035 3051 316
f 3046 2995 3047
f 440 3005 3050
f 3006 3023 3063
f 3047 3053 3046
f 437 440 3050
f 3001 3060 3064
f 3065 3006 3063
f 3015 2985 2995
f 3023 3004 3059
f 437 438 440
f 3034 3054 3035
f 3066 3022 3067
f 2838 2920 2665
f 3068 3053 3047
f 3022 3052 2997
f 1080 2932 1081
f 3052 2956 2997
f 3053 3069 3070
f 2999 3057 3022
f 509 2932 1080
f 3034 3071 3054
f 2823 3072 2822
f 3068 3073 3053
f 508 2933 2932
f 2641 2640 2838
f 3034 3074 3071
f 2641 2838 2594
f 3053 3073 3069
f 2887 3075 3074
f 2952 1081 2932
f 2682 2924 3076
f 3077 3073 3068
f 2978 2547 3060
f 3075 2887 2860
f 2998 2176 2999
f 3034 2887 3074
f 509 508 2932
f 2998 2968 2176
f 2547 2587 3060
f 3078 2924 2923
f 3072 3079 2822
f 2682 3076 2686
f 3080 3001 3000
f 2176 3081 2999
f 2920 2681 2665
f 2975 3068 3047
f 3080 2978 3060
f 3081 3057 2999
f 439 3005 440
f 3082 2698 2687
f 2657 2989 3005
f 2176 2181 3081
f 2996 2983 3083
f 2983 3010 3083
f 2073 2065 2075
f 3045 2822 3079
f 3084 2073 2075
f 1598 3010 2955
f 3085 2702 3086
f 2868 2075 1992
f 3084 2075 2868
f 3045 2820 2819
f 3045 2970 2848
f 2686 3086 2702
f 3045 2848 2820
f 3086 2686 3076
f 3010 1705 3083
f 3084 2868 2926
f 2975 2974 3068
f 1082 1081 3020
f 3076 2924 3078
f 1082 3020 1087
f 3066 2072 3087
f 2072 2073 3087
f 2073 3084 3087
f 3088 2823 2150
f 2974 2685 3089
f 2930 3087 3084
f 3020 2952 3090
f 2682 2681 2924
f 3091 1087 3090
f 3020 3090 1087
f 2926 2927 3084
f 3076 3078 3086
f 1701 3092 1705
f 3090 2952 3091
f 3092 1701 3093
f 2930 3022 3087
f 2705 3094 2685
f 3084 2927 2930
f 2149 3088 2150
f 3094 3089 2685
f 2624 2705 2685
f 2923 2922 3078
f 3087 3022 3066
f 1706 1702 1705
f 1705 1598 1678
f 2705 2704 3094
f 1705 1678 1706
f 3095 2890 3096
f 3067 3097 2085
f 3098 942 944
f 3093 1705 3092
f 3098 3088 942
f 3072 3088 3098
f 3001 3080 3060
f 2951 1087 3091
f 3088 3072 2823
f 2951 2936 1087
f 2952 2932 2931
f 2952 2951 3091
f 2149 981 3088
f 3081 3097 3058
f 981 942 3088
f 2099 3097 2181
f 3098 944 3099
f 2181 3097 3081
f 3058 3057 3081
f 981 2149 940
f 3093 3083 1705
f 3100 3101 3102
f 3103 3104 1920
f 2173 3103 1920
f 2188 2173 2052
f 2978 3080 3000
f 944 3105 3099
f 2173 2188 3103
f 2922 3007 3078
f 3075 3106 3074
f 1920 2676 2180
f 2180 2676 2675
f 3078 3007 3107
f 3086 3078 3107
f 3007 3006 3107
f 3051 3054 3049
f 3108 2843 2689
f 1920 3104 2676
f 3086 3107 3102
f 3109 2704 2421
f 441 217 3049
f 3103 3110 3104
f 3038 3016 3045
f 3058 3097 3067
f 3107 3100 3102
f 3110 3111 3104
f 3112 3113 3107
f 3071 3114 3054
f 3097 2099 2085
f 3115 3116 3108
f 3006 3065 3107
f 2085 2099 2080
f 203 202 2676
f 191 50 2986
f 3111 216 200
f 2099 2181 2202
f 3110 216 3111
f 191 2986 3026
f 3108 2689 2959
f 3117 3074 3106
f 3038 3105 3039
f 3112 3107 3065
f 3067 3022 3058
f 3111 200 203
f 3067 2085 3066
f 3118 3119 3100
f 2081 3066 2085
f 3119 3120 3100
f 2676 3104 203
f 3104 3111 203
f 2081 2072 3066
f 178 53 191
f 3121 179 178
f 3105 3122 3039
f 191 3026 178
f 3075 2860 2996
f 3100 3107 3113
f 3049 3054 3114
f 3113 3118 3100
f 441 3049 3123
f 3110 3124 216
f 3125 3064 3060
f 3126 3095 3127
f 2698 3082 2765
f 487 535 3126
f 3082 3128 2765
f 3126 479 487
f 3026 3039 3122
f 477 479 3126
f 3079 3038 3045
f 3060 3062 3125
f 3072 3098 3038
f 3038 3098 3099
f 1998 1997 3126
f 3079 3072 3038
f 2687 2702 3082
f 3038 3099 3105
f 547 3126 535
f 1793 1697 1700
f 3123 3049 3114
f 3085 3082 2702
f 1700 3129 3130
f 3131 3132 3082
f 3131 3082 3085
f 3133 3005 439
f 3134 3135 3082
f 3071 3136 3114
f 3005 3133 2959
f 3110 3103 2188
f 1700 3137 3138
f 3095 3126 3139
f 3135 3128 3082
f 1726 3140 1700
f 1997 3095 3139
f 3136 3071 3141
f 3140 3137 1700
f 2133 3142 2188
f 3142 3143 2188
f 1051 178 3026
f 3026 3122 1051
f 3139 3126 1997
f 3106 3144 3145
f 3133 3108 2959
f 3146 3147 3148
f 3141 3071 3117
f 3117 3106 3145
f 2600 3060 2587
f 3149 2421 2723
f 3071 3074 3117
f 3085 3086 3131
f 3086 3102 3131
f 2600 3061 3060
f 3150 3101 3100
f 439 499 3133
f 3075 3144 3106
f 201 268 267
f 2756 3149 2723
f 944 1049 3122
f 3151 3152 3153
f 2723 2750 2756
f 1049 1051 3122
f 3120 3150 3100
f 3150 3154 3101
f 3155 2704 3109
f 3114 3136 3123
f 3150 3151 3154
f 3121 262 179
f 3095 3156 3157
f 3158 3159 3160
f 3131 3101 3154
f 178 1051 3121
f 3123 3136 3161
f 2188 3162 3110
f 1050 262 3121
f 3109 2421 3149
f 2188 3143 3162
f 1700 3163 3129
f 3160 3143 3142
f 1700 3138 3163
f 3095 3157 3127
f 3102 3101 3131
f 3117 3164 3141
f 3138 3165 3163
f 1051 1050 3121
f 3160 3162 3143
f 3166 3167 3150
f 3162 3124 3110
f 268 216 3124
f 944 3122 3105
f 3115 3168 3169
f 3170 3171 3138
f 3155 2974 3089
f 3144 3117 3145
f 243 3159 246
f 3172 2996 3083
f 3077 2974 3155
f 3168 3115 3156
f 3158 246 3159
f 3115 3157 3156
f 3142 2132 1546
f 3172 1696 3173
f 3154 3134 3131
f 3115 3169 3174
f 1546 1627 3142
f 3155 3094 2704
f 268 3124 3162
f 3162 3160 268
f 1627 1640 3142
f 3155 3089 3094
f 3131 3134 3132
f 3163 3165 3175
f 3144 3172 3173
f 3134 3082 3132
f 3176 3177 3178
f 268 201 216
f 3163 3175 3129
f 3127 3115 3179
f 477 3179 478
f 3175 3171 3180
f 3159 243 3160
f 477 3181 3179
f 3182 3142 3183
f 243 268 3160
f 3184 3185 3153
f 1726 3170 3140
f 3158 281 246
f 3179 499 478
f 3170 3138 3140
f 3137 3140 3138
f 3186 3184 3153
f 3109 3177 3155
f 607 3170 1726
f 3185 3184 3135
f 3127 3179 3181
f 612 668 3170
f 3142 2133 2132
f 607 612 3170
f 3187 3188 3184
f 3157 3115 3127
f 3141 3161 3136
f 3149 3177 3109
f 3135 3134 3185
f 3189 3179 3115
f 2756 2755 3190
f 3128 3135 3191
f 3192 3183 3142
f 2756 3190 3149
f 3142 3193 3192
f 3193 3194 3192
f 2755 3195 3190
f 3196 3197 3198
f 1700 1668 1726
f 3171 669 3199
f 3135 3184 3191
f 3189 499 3179
f 3200 2571 2566
f 3151 3134 3154
f 3171 3170 669
f 2744 2755 2423
f 669 399 3199
f 3093 1701 3172
f 2564 2551 2566
f 3153 3185 3134
f 3171 3199 3180
f 3093 3172 3083
f 3151 3153 3134
f 3144 3075 3172
f 3182 3160 3142
f 3199 3201 3202
f 2566 3203 3204
f 3172 3075 2996
f 3202 3205 3199
f 3206 3061 3146
f 3199 3205 3180
f 1515 755 1696
f 1696 3207 3173
f 3208 3209 3210
f 3177 3149 3190
f 3061 2600 3146
f 3177 3190 3178
f 3181 477 3126
f 1696 3172 1694
f 3181 3126 3127
f 3172 1701 1694
f 2778 2769 2759
f 3108 3189 3115
f 499 3189 3108
f 2770 2769 2778
f 3200 2566 3204
f 3195 3211 3190
f 3133 499 3108
f 3212 3213 3147
f 3205 3214 3215
f 2744 3195 3216
f 3216 2755 2744
f 3158 3160 3182
f 3217 1097 1113
f 3205 3218 3214
f 3182 282 3158
f 3199 2601 3201
f 2778 2759 2735
f 3144 3173 3117
f 3178 3219 3220
f 3190 3220 3219
f 2601 2635 3201
f 3220 3221 3178
f 3222 3223 3224
f 668 669 3170
f 3219 3178 3190
f 3199 2578 2601
f 3161 3225 3123
f 3199 399 2578
f 3225 629 3123
f 629 441 3123
f 2777 2765 3128
f 3190 3211 3220
f 2670 3226 2566
f 3138 3175 3165
f 3220 3211 3227
f 3228 3227 3211
f 3229 629 3225
f 281 3158 282
f 3211 3230 3228
f 3129 3175 3231
f 1113 927 3232
f 3138 3171 3175
f 2778 2777 3222
f 3203 3226 3233
f 3183 282 3182
f 282 3183 3192
f 3128 3222 2777
f 2151 3232 927
f 3224 2778 3222
f 3173 3164 3117
f 3203 2566 3226
f 2551 2670 2566
f 3229 3161 3234
f 3191 3235 3222
f 3229 3225 3161
f 2643 2629 2648
f 2430 2770 3236
f 3224 2770 2778
f 3068 2974 3077
f 2648 3237 2643
f 3175 3205 3238
f 3239 1710 1727
f 3180 3205 3175
f 1742 1741 2041
f 3177 3176 3155
f 3173 3240 3164
f 3241 3161 3141
f 3224 3223 3236
f 1097 1100 1113
f 3161 3241 3234
f 3223 3242 3236
f 3243 3244 3231
f 3223 2845 3242
f 3240 3234 3241
f 3148 3147 3245
f 2571 3200 2648
f 3241 3141 3164
f 2696 2526 2525
f 3147 3213 3245
f 3164 3240 3241
f 3229 3234 3246
f 3224 3236 2770
f 432 431 592
f 3247 3248 3070
f 431 676 592
f 431 2526 2696
f 3155 3176 3077
f 833 762 3229
f 762 761 3229
f 3176 3249 3250
f 3229 683 629
f 683 3229 761
f 431 3005 2526
f 3176 3250 3077
f 3218 3205 3202
f 3240 3246 3234
f 3201 2635 2614
f 3229 3246 3251
f 3173 3246 3240
f 3250 3249 3252
f 3206 3062 3061
f 3073 3250 3069
f 3251 3246 3207
f 3073 3077 3250
f 3202 3201 2614
f 3173 3207 3246
f 3148 3206 3146
f 3250 3070 3069
f 3247 3070 3250
f 3148 3245 3206
f 3217 1113 3232
f 2615 2653 2616
f 2616 2653 3253
f 3251 3254 3255
f 3256 2614 2616
f 3257 2901 2899
f 3258 3259 3252
f 431 2696 693
f 755 3260 3254
f 755 756 3260
f 3249 3178 3221
f 2696 3261 693
f 3221 3252 3249
f 3257 3262 3263
f 3264 3231 3175
f 3252 3220 3258
f 1696 755 3207
f 3264 3175 3238
f 3257 3263 3265
f 3266 3258 3267
f 693 676 431
f 3257 3001 3064
f 3178 3249 3176
f 3002 3001 3257
f 3261 2696 1095
f 3257 3037 3002
f 755 3254 3251
f 3252 3221 3220
f 3265 3268 3257
f 3257 3268 3037
f 3269 693 3261
f 2980 3024 2981
f 3064 2912 2901
f 2912 3064 3125
f 1735 1015 2981
f 3270 3271 3239
f 755 3251 3207
f 3269 3272 664
f 670 693 3269
f 664 670 3269
f 3273 3274 3040
f 1742 3270 3239
f 3255 3229 3251
f 3273 3040 3042
f 3275 3276 3277
f 3255 833 3229
f 3042 3053 3273
f 3255 852 833
f 3053 3070 3273
f 3256 3277 3215
f 3042 3041 3278
f 3217 3272 3269
f 3273 3279 3280
f 3217 3269 3261
f 3273 3070 3279
f 3215 3214 3256
f 3273 3280 3274
f 3218 2614 3256
f 1097 3217 3261
f 1515 2320 755
f 3042 3278 3029
f 3036 3029 3278
f 3256 2616 3253
f 3220 3227 3281
f 2143 3232 2151
f 3214 3218 3256
f 3282 3283 3284
f 3220 3281 3285
f 1727 1742 3239
f 1097 3261 1095
f 3211 3286 3230
f 3248 3279 3070
f 1710 3271 3287
f 3205 3215 3288
f 2890 1857 1848
f 3215 3277 3288
f 3288 3264 3238
f 3271 3289 3287
f 1146 74 3290
f 1989 1857 2890
f 1710 3287 1770
f 3287 3193 1640
f 3291 3247 3250
f 744 1146 3290
f 2892 2872 2890
f 3291 3250 3292
f 3252 3292 3250
f 3293 2871 2858
f 3294 3292 3252
f 2858 2915 3293
f 3287 1640 1770
f 3294 3252 3259
f 2843 3293 2915
f 3276 3288 3277
f 3064 2901 3257
f 1640 3193 3142
f 3238 3205 3288
f 3295 3296 2871
f 3202 2614 3218
f 2890 3095 1997
f 3220 3285 3267
f 3239 3271 1710
f 2805 3017 3297
f 2890 1997 1990
f 3298 3259 3258
f 3253 3275 3256
f 2872 2871 2890
f 3266 3298 3258
f 2890 3296 3096
f 3275 3277 3256
f 3220 3267 3258
f 3299 746 3300
f 2755 3216 3195
f 3301 3299 3300
f 2871 3296 2890
f 3129 3302 3130
f 3301 3300 3303
f 2744 3304 3195
f 3305 3304 2944
f 1700 3130 1793
f 2871 3293 3295
f 3304 2744 2919
f 3306 3307 3308
f 3309 3295 3293
f 3287 3289 3194
f 3310 3195 3305
f 3304 3305 3195
f 3194 3193 3287
f 2843 3309 3293
f 3254 3260 3301
f 3311 3130 3302
f 3309 2843 3116
f 1632 1770 1640
f 3195 3286 3211
f 3310 3286 3195
f 3312 3307 3306
f 2919 2944 3304
f 1894 1796 3311
f 3303 3313 3301
f 3311 1793 3130
f 2890 1990 1989
f 3254 3301 3313
f 1796 1793 3311
f 3314 3315 282
f 3316 2305 3317
f 3318 3317 2312
f 3311 3319 1894
f 3301 3260 756
f 3299 3301 756
f 3320 2896 3321
f 3129 3231 3244
f 3204 3322 3283
f 3309 3096 3296
f 3244 3302 3129
f 3323 3324 3096
f 3309 3323 3096
f 1575 1576 3325
f 1576 1600 3325
f 756 570 3299
f 1575 3325 1552
f 1562 1552 3325
f 1769 3326 1764
f 3327 1763 3326
f 3116 3323 3309
f 570 746 3299
f 3325 3326 1562
f 1555 1562 3326
f 1769 1556 3326
f 1556 1555 3326
f 3315 283 282
f 3328 3306 3308
f 1599 1601 3325
f 1800 1589 3325
f 1804 1800 3325
f 3329 3330 794
f 3315 3314 3331
f 3329 829 793
f 1804 3325 1805
f 1805 3325 1601
f 3322 3328 3283
f 1807 3325 1589
f 1799 3325 1807
f 3330 3329 3332
f 283 3315 3333
f 1599 3325 1600
f 281 283 3333
f 3321 3030 3334
f 3306 3335 3312
f 3315 3331 3333
f 3309 3296 3295
f 3231 3336 3243
f 3283 3328 3308
f 3337 3332 3329
f 3243 3302 3244
f 3338 3313 3303
f 1763 3327 1816
f 3334 1650 3327
f 3108 3116 2843
f 1816 3327 1650
f 1764 3326 1763
f 3237 2652 2643
f 2652 2642 2643
f 3031 3334 3030
f 1610 1593 1626
f 3337 852 3255
f 1647 3334 1648
f 3323 3174 3324
f 2428 2430 3236
f 2652 1610 1626
f 3313 3338 3339
f 2428 3236 3242
f 3323 3116 3174
f 1647 1650 3334
f 3339 3254 3313
f 3337 3255 3254
f 3116 3115 3174
f 3339 3337 3254
f 2642 2652 911
f 793 852 3329
f 3340 3341 3342
f 3343 3169 3168
f 1610 2652 3344
f 3174 3169 3343
f 3342 3223 3345
f 3156 3343 3168
f 794 829 3329
f 1871 1870 3346
f 3156 3095 3343
f 3222 3345 3223
f 3344 3347 1610
f 3343 3324 3174
f 3348 3192 3194
f 3342 3345 3340
f 3343 3096 3324
f 2295 3349 2291
f 2296 3349 2295
f 1964 3349 2296
f 3344 2648 3282
f 3314 282 3192
f 2291 3349 2290
f 3343 3095 3096
f 3339 3338 3332
f 3314 3192 3348
f 3337 3329 852
f 3350 3351 3352
f 3332 3337 3339
f 1067 1949 1389
f 1949 1445 1389
f 2290 3349 1870
f 3325 2371 3346
f 1941 1949 1067
f 3347 1574 1569
f 3314 3348 3353
f 1871 3346 2299
f 1594 1610 3347
f 3222 3235 3345
f 1956 3354 1955
f 3345 3235 3340
f 1963 3349 1964
f 2262 3316 2309
f 2309 3316 2300
f 3346 1870 3349
f 3355 86 3300
f 3194 3356 3348
f 3355 56 86
f 1884 3316 1883
f 1897 3316 1898
f 3235 3352 3340
f 1898 3316 1884
f 2300 3316 1897
f 3352 3357 3350
f 1955 1940 1956
f 1883 3316 1963
f 22 156 3358
f 3357 3352 3359
f 86 3338 3300
f 2304 3317 2305
f 3356 3353 3348
f 86 85 3338
f 2308 3316 2264
f 3359 3191 3184
f 3360 3361 1955
f 294 281 3333
f 3338 3303 3300
f 2305 3316 2306
f 2227 3317 2304
f 322 294 3333
f 3355 3300 747
f 2306 3316 2308
f 3128 3191 3222
f 310 322 2408
f 2226 3317 2227
f 2206 3317 2226
f 747 3300 746
f 3358 1523 1525
f 3359 3184 3210
f 3358 373 1523
f 54 3355 3362
f 2264 3316 2262
f 371 373 3358
f 3358 1525 3361
f 3362 3290 74
f 3210 3363 3359
f 3331 2409 3333
f 2286 3318 2287
f 2312 3317 2206
f 3314 3364 3331
f 2287 3318 2312
f 3362 74 54
f 3364 3314 3365
f 3349 1963 3316
f 3282 3284 3344
f 3360 3358 3361
f 747 3290 3362
f 3235 3191 3359
f 3235 3359 3352
f 2372 3325 2374
f 2371 3325 2372
f 1799 2374 3325
f 2299 3346 2371
f 3355 747 3362
f 2845 2824 2428
f 156 371 3358
f 3242 2845 2428
f 3355 54 56
f 3331 3364 2409
f 3031 3044 3334
f 3290 747 744
f 1648 3334 1786
f 3366 1956 1954
f 3030 3321 3033
f 2896 3320 2895
f 3365 2408 2409
f 3365 2718 2714
f 2714 2408 3365
f 3364 3365 2409
f 3033 3321 2896
f 2805 3297 2812
f 3297 2899 2812
f 3043 1822 3334
f 3044 3043 3334
f 3297 3367 2899
f 1949 1525 1445
f 3361 1525 1949
f 1786 3334 1822
f 3365 3368 2718
f 3361 1949 1955
f 279 1 565
f 85 3369 3338
f 3262 3367 3297
f 3314 3368 3365
f 3 565 1
f 3368 3370 2718
f 3371 888 3330
f 3126 547 565
f 3372 3257 3367
f 565 1998 3126
f 3257 2899 3367
f 3373 3374 3375
f 3371 891 888
f 2712 2718 3370
f 3276 3275 3376
f 3330 888 794
f 3376 3374 3276
f 3338 3371 3332
f 3376 3375 3374
f 3333 2409 322
f 3366 3354 1956
f 3371 3330 3332
f 3344 3237 2648
f 3262 3297 3263
f 2041 2487 1742
f 3338 3369 3371
f 3265 3017 3268
f 85 104 3369
f 2487 3270 1742
f 3017 3265 3297
f 2652 3237 3344
f 3194 3289 3270
f 3347 1582 1574
f 3289 3271 3270
f 3265 3263 3297
f 2074 188 3366
f 3367 3262 3372
f 3377 3378 3342
f 3366 1954 2074
f 2939 3320 2940
f 2966 3320 2939
f 2967 3320 2966
f 3372 3262 3257
f 3379 2487 2630
f 3374 3288 3276
f 3380 2940 3320
f 2895 3320 2967
f 3374 3373 3336
f 891 104 105
f 2940 3380 2953
f 3048 2953 3380
f 3374 3336 3231
f 3342 3341 3377
f 3268 3017 3037
f 104 891 3371
f 2982 3380 2972
f 2972 3380 3012
f 3048 3380 2982
f 2846 2845 3223
f 104 3371 3369
f 3012 3380 3011
f 3275 3253 3375
f 3378 3223 3342
f 3223 3378 2846
f 3376 3275 3375
f 3288 3374 3264
f 3381 3377 3341
f 3382 3011 3380
f 239 2031 240
f 3021 3056 3382
f 3059 3021 3382
f 239 2030 2031
f 2824 2846 2950
f 3383 2950 2846
f 3307 3312 3384
f 3378 3385 2846
f 2653 3375 3253
f 3384 3284 3283
f 2031 2027 3386
f 2630 2649 3379
f 3344 3284 3384
f 3011 3382 3056
f 3308 3384 3283
f 2707 2653 2621
f 3387 3206 3388
f 3150 3167 3151
f 3389 3151 3167
f 3059 3382 3023
f 3063 3382 3065
f 3023 3382 3063
f 3389 3152 3151
f 3308 3307 3384
f 3390 22 3358
f 3390 3360 1955
f 3150 3120 3166
f 2487 3391 3270
f 3392 3125 3393
f 3153 3394 3186
f 2653 3395 3375
f 2487 3379 3391
f 3390 3358 3360
f 2707 3395 2653
f 3344 3396 3347
f 3167 3382 3389
f 3153 3152 3394
f 3397 3375 3395
f 3113 3382 3118
f 3398 3389 3382
f 3187 3184 3186
f 3118 3382 3120
f 3119 3118 3120
f 3347 3396 1582
f 187 3399 3400
f 3384 3312 3396
f 3390 3399 22
f 3344 3384 3396
f 3399 23 22
f 3065 3382 3112
f 3112 3382 3113
f 3353 3356 3270
f 3347 1569 1594
f 3210 3184 3188
f 3356 3194 3270
f 3401 3373 3375
f 187 23 3399
f 3166 3382 3167
f 3120 3382 3166
f 3363 3210 3209
f 3400 188 187
f 3402 3394 3398
f 3188 3208 3210
f 187 3403 23
f 3147 3146 2600
f 3340 3352 3351
f 3340 3351 3341
f 2649 2569 3379
f 3404 3351 3405
f 2600 2586 3212
f 189 107 192
f 3370 2604 2712
f 2600 3212 3147
f 2605 2712 2604
f 1582 3396 3312
f 2586 3213 3212
f 3406 3405 3351
f 3389 3398 3152
f 3152 3398 3394
f 3407 3406 3351
f 2534 2626 2586
f 3188 3187 3402
f 3264 3374 3231
f 2598 2604 3391
f 187 192 3403
f 3350 3407 3351
f 3213 2586 3245
f 3408 3357 3359
f 3394 3402 3186
f 3353 3368 3314
f 106 3403 107
f 3404 3409 3351
f 3206 3245 2586
f 3368 3391 2604
f 3319 3302 3243
f 3351 3409 3341
f 3381 3341 3409
f 107 3403 192
f 2733 2586 2626
f 3408 3359 3363
f 3363 3402 3408
f 219 240 107
f 3243 3401 3410
f 3370 3368 2604
f 106 23 3403
f 3209 3208 3402
f 3187 3186 3402
f 3381 3411 3377
f 3270 3391 3368
f 3206 2586 2733
f 3188 3402 3208
f 3353 3270 3368
f 2670 340 362
f 3401 4 3410
f 3354 3390 1955
f 3363 3209 3402
f 3357 3408 3402
f 3399 3366 3400
f 3243 3410 3319
f 799 828 831
f 362 353 3412
f 3404 3405 3402
f 3390 3366 3399
f 3383 2846 3385
f 3405 3406 3402
f 3373 3401 3336
f 3390 3354 3366
f 3336 3401 3243
f 3400 3366 188
f 3413 3414 3378
f 3386 240 2031
f 3391 3379 2598
f 3404 3402 3409
f 3413 3378 3377
f 3413 3377 3411
f 3385 3378 3414
f 3393 3206 3387
f 3397 3401 3375
f 468 1165 463
f 1165 1164 463
f 2598 3379 2569
f 3397 5 3401
f 3357 3402 3350
f 3407 3350 3402
f 3406 3407 3402
f 3125 3062 3393
f 463 1454 349
f 3393 3062 3206
f 2598 2577 2604
f 3401 5 4
f 148 108 3386
f 468 1245 1165
f 240 3386 108
f 3125 840 2912
f 3410 4 3319
f 2692 2713 3415
f 3411 3381 3416
f 3402 3416 3409
f 108 107 240
f 7 5 3397
f 2825 7 3397
f 1035 1245 468
f 3282 2648 3200
f 1164 1455 463
f 3395 2825 3397
f 565 3 1998
f 3381 3409 3416
f 919 2729 1703
f 3383 3385 3417
f 3385 3414 3417
f 2692 3415 2729
f 632 627 1085
f 3395 2707 2746
f 475 395 1025
f 3416 3417 3414
f 2789 3415 2713
f 1025 1034 475
f 2850 3395 2746
f 3125 3392 826
f 3411 3416 3413
f 3414 3413 3416
f 2850 2825 3395
f 2729 2728 2692
f 3386 2027 2028
f 2789 3418 3415
f 2821 2818 3419
f 3420 1173 74
f 3421 3319 4
f 1145 1173 3420
f 3421 4 2722
f 3319 3311 3302
f 2286 1244 3318
f 3421 2722 1903
f 3422 3423 39
f 3424 14 1173
f 3424 1147 1175
f 3424 13 14
f 1071 1237 3425
f 1237 1238 3425
f 1238 1239 3425
f 1903 1894 3421
f 11 1173 14
f 1894 3319 3421
f 34 1173 11
f 1240 1072 3425
f 1072 1071 3425
f 3425 3318 1240
f 75 74 1173
f 1240 3318 1243
f 1173 34 75
f 1244 1243 3318
f 1175 13 3424
f 840 3125 826
f 1239 1066 3425
f 1065 1073 3425
f 3426 3425 1058
f 1073 1058 3425
f 1058 1248 3426
f 1147 3424 1173
f 3427 3233 3226
f 1145 3420 1146
f 3226 2670 3427
f 3420 74 1146
f 2722 4 19
f 2177 3027 6
f 1066 1065 3425
f 3028 6 3027
f 718 831 3387
f 6 2178 2177
f 3028 19 6
f 1213 1252 1251
f 362 3412 3427
f 3428 1213 1251
f 3028 2968 19
f 3 2028 1998
f 3428 1251 1195
f 830 799 831
f 113 3429 39
f 3392 3393 831
f 1195 1213 3428
f 3386 2028 3
f 1120 1122 3426
f 3427 2670 362
f 3386 3 148
f 828 3392 831
f 826 3392 828
f 3430 3204 3203
f 831 3393 3387
f 3204 3282 3200
f 2916 2993 39
f 1130 1133 3426
f 1120 3426 1133
f 1294 3431 3432
f 1137 1136 3426
f 1268 3426 1248
f 1130 3426 1136
f 2732 3388 3206
f 1137 3426 1268
f 2732 2734 721
f 3283 3282 3204
f 3433 1293 3434
f 1293 1294 3432
f 1156 1157 3435
f 1269 3435 1157
f 1163 3436 1122
f 2579 3437 2789
f 2470 2734 2475
f 3433 1213 1225
f 3197 3196 3438
f 3435 3436 1156
f 1171 1156 3436
f 3433 3434 1213
f 1162 3436 1163
f 2470 721 2734
f 2579 2788 3437
f 1324 3435 1321
f 1162 1171 3436
f 3426 1122 3436
f 3423 3437 2788
f 3423 2610 39
f 1247 1293 3433
f 3439 3198 3197
f 2610 2916 39
f 2470 2469 721
f 3433 1224 1247
f 1318 3435 1316
f 1316 3435 1324
f 3440 3204 3430
f 2788 2610 3423
f 3196 3440 3438
f 3435 1318 1488
f 3441 721 718
f 1225 1213 44
f 718 3387 3441
f 1321 3435 1269
f 2732 3441 3388
f 1224 3433 1225
f 3196 3322 3440
f 3440 3322 3204
f 3441 2732 721
f 3387 3388 3441
f 3418 2789 3442
f 3206 2733 2732
f 3443 3322 3196
f 959 666 665
f 3306 3328 3443
f 3443 3328 3322
f 3444 3196 3445
f 343 349 1454
f 2712 2789 2713
f 343 1454 1252
f 2789 3437 3442
f 3430 3438 3440
f 3446 3442 3437
f 3447 3429 113
f 665 128 959
f 3439 3197 3438
f 3448 134 3449
f 345 3450 3451
f 295 345 296
f 113 380 3447
f 1488 1440 3435
f 134 138 3449
f 380 381 3447
f 134 158 146
f 3439 3438 3430
f 1501 1500 3452
f 1750 3452 1440
f 1501 3452 1750
f 345 344 3450
f 3453 410 411
f 1751 1602 3452
f 1500 1751 3452
f 1560 3454 1602
f 113 81 380
f 3434 344 1213
f 1754 3454 1756
f 1755 1754 1756
f 344 343 1252
f 80 3455 381
f 369 383 3412
f 1454 1253 1252
f 1560 1559 3454
f 1756 3454 1559
f 1252 1213 344
f 3456 3450 344
f 43 16 3453
f 3450 3456 3457
f 43 3453 411
f 3447 381 3455
f 3450 3457 3451
f 665 138 128
f 3458 3459 3460
f 3451 3461 296
f 296 345 3451
f 3453 383 410
f 3198 3458 3462
f 3435 1440 3452
f 1761 3454 1754
f 2143 664 3272
f 3198 3462 3445
f 396 297 3463
f 1762 3464 1675
f 296 3463 297
f 18 3462 16
f 3272 3217 2143
f 3465 3463 3461
f 3462 3453 16
f 1720 3464 1723
f 390 3466 391
f 3217 3232 2143
f 1675 3464 1761
f 3466 546 391
f 3423 3422 3467
f 3466 396 3463
f 3423 3467 3437
f 1720 1733 3464
f 1776 3464 1778
f 3466 390 396
f 2143 2128 665
f 3465 3466 3463
f 1736 3468 1776
f 1778 3464 1732
f 1732 3464 1733
f 3412 383 3462
f 1735 3468 1736
f 2143 665 664
f 3462 383 3453
f 3469 3465 3461
f 3458 3460 3462
f 3452 1602 3454
f 1767 3464 1765
f 1765 3464 1762
f 1767 1723 3464
f 3412 353 369
f 2833 2832 3417
f 2832 2950 3417
f 2950 3383 3417
f 3449 2128 2127
f 1803 1811 3470
f 138 665 2128
f 138 2128 3449
f 3463 296 3461
f 2145 2143 2151
f 2834 2833 3417
f 3471 3467 3422
f 3461 3456 3469
f 3469 3432 3465
f 3471 3470 3467
f 2818 2840 3419
f 3417 3419 2840
f 3456 344 3434
f 2839 2842 3417
f 2842 2834 3417
f 3461 3451 3456
f 3456 3451 3457
f 2840 2839 3417
f 3456 3434 1293
f 3432 3469 3456
f 1293 3432 3456
f 3198 3439 3458
f 2888 2821 3419
f 3431 3465 3432
f 3448 2127 2241
f 3439 3459 3458
f 3431 9 3465
f 3448 3449 2127
f 2904 2910 3419
f 2909 3419 2910
f 3442 3446 3467
f 2960 2904 3472
f 158 134 3448
f 3459 3439 3430
f 3203 3459 3430
f 3419 3472 2904
f 3203 3233 3459
f 2256 2255 3473
f 3233 3427 3459
f 3474 2256 3473
f 2909 2889 3419
f 3437 3467 3446
f 3442 3467 3418
f 3427 3460 3459
f 2889 2888 3419
f 158 2241 3474
f 3427 3412 3460
f 2944 2943 3475
f 2943 2945 3475
f 2937 2969 3475
f 3460 3412 3462
f 2938 2937 3475
f 2942 3475 2945
f 158 3448 2241
f 3470 3418 3467
f 2969 2962 3475
f 2256 3474 2241
f 2961 2960 3472
f 3472 3475 2962
f 3470 1811 3418
f 3476 3306 3444
f 2961 3472 2962
f 1703 2729 3415
f 2942 2938 3475
f 1810 1703 3418
f 3431 1480 1489
f 3477 3476 3478
f 3418 1811 1810
f 1489 3479 9
f 3444 3443 3196
f 3418 1703 3415
f 3444 3306 3443
f 3480 3481 3447
f 3032 3468 3025
f 3474 3473 3482
f 3431 1489 9
f 1484 1489 1480
f 3483 3481 3480
f 3025 3468 3024
f 3024 3468 2981
f 1294 1480 3431
f 2310 3473 2255
f 2981 3468 1735
f 3484 3447 3481
f 3485 3041 3040
f 3485 3040 3274
f 3447 3484 3429
f 3444 3486 3476
f 1503 1489 1486
f 3481 3487 3484
f 3473 3488 3482
f 3484 3487 1803
f 1916 1801 3487
f 212 38 3489
f 3335 3306 3476
f 3490 3473 2310
f 3489 3479 3491
f 3041 3485 3278
f 3464 1776 3468
f 3492 78 3473
f 3487 1801 1803
f 3479 3489 38
f 1636 1638 3493
f 3490 3492 3473
f 3494 3471 3422
f 3279 3495 3280
f 163 212 3489
f 3493 1638 1652
f 2948 48 3496
f 2948 47 48
f 3494 3429 3484
f 3278 3485 3036
f 3036 3468 3032
f 3454 1761 3464
f 3468 3036 3485
f 3497 3493 3478
f 3230 3498 3228
f 39 3429 3494
f 3493 3477 3478
f 3494 3422 39
f 3493 1652 3477
f 2323 2948 3496
f 3470 3471 1803
f 3476 3477 3335
f 1803 3494 3484
f 3479 1489 1503
f 2261 2303 3490
f 3280 3495 3274
f 3248 3495 3279
f 1652 3499 3335
f 1521 1503 1463
f 3490 2310 2261
f 1803 3471 3494
f 3291 3495 3247
f 3292 3495 3291
f 3294 3495 3292
f 3248 3247 3495
f 3485 3274 3495
f 338 337 3483
f 1516 1521 1462
f 3294 3259 3495
f 3259 3298 3495
f 3477 1652 3335
f 3498 3500 3227
f 3285 3500 3267
f 3281 3500 3285
f 3481 3483 3501
f 3266 3495 3298
f 3267 3500 3266
f 3312 3335 1582
f 3501 3487 3481
f 3502 3503 2323
f 3335 3499 1582
f 3455 80 338
f 3499 1579 1578
f 3480 3447 3483
f 3483 3447 338
f 3305 2944 3498
f 3475 3498 2944
f 3286 3498 3230
f 3499 1578 1582
f 2323 3503 2359
f 3479 1503 3491
f 3286 3310 3498
f 3310 3305 3498
f 1652 1653 3499
f 1521 3504 1503
f 1918 1916 3501
f 2362 2324 2323
f 3504 3491 1503
f 1653 1579 3499
f 3281 3227 3500
f 3227 3228 3498
f 3495 3266 3500
f 3416 3505 3506
f 3416 3506 3417
f 3493 3497 1636
f 3402 3507 3505
f 3402 3505 3416
f 2359 2362 2323
f 3398 3508 3507
f 3398 3507 3402
f 3382 3509 3508
f 3382 3508 3398
f 1918 3501 3510
f 3509 3380 3511
f 3382 3380 3509
f 3320 3512 3511
f 3320 3511 3380
f 3321 3513 3512
f 3321 3512 3320
f 3334 3514 3513
f 3334 3513 3321
f 3497 1721 1636
f 3327 3515 3514
f 3327 3514 3334
f 3326 3516 3515
f 3326 3515 3327
f 3325 3517 3516
f 3325 3516 3326
f 3497 167 1721
f 3346 3518 3517
f 3346 3517 3325
f 1721 167 1768
f 3519 3518 3349
f 3346 3349 3518
f 3349 3316 3520
f 3349 3520 3519
f 2348 2359 3521
f 3316 3317 3522
f 3316 3522 3520
f 167 3497 168
f 1917 1918 3523
f 3317 3318 3524
f 3317 3524 3522
f 3478 3525 3497
f 3526 3527 3528
f 3510 3523 1918
f 3505 3507 3529
f 3507 3508 3529
f 3508 3509 3529
f 3509 3511 3529
f 3511 3512 3529
f 3512 3513 3529
f 3524 3529 3513
f 3524 3513 3514
f 3524 3514 3515
f 3516 3522 3515
f 3517 3522 3516
f 3518 3522 3517
f 3519 3522 3518
f 3520 3522 3519
f 3524 3515 3522
f 3510 2520 3523
f 3524 3318 3529
f 3425 3529 3318
f 3426 3530 3529
f 3426 3529 3425
f 3436 3531 3530
f 3436 3530 3426
f 3435 3532 3531
f 3435 3531 3436
f 95 3497 3525
f 3452 3533 3532
f 3452 3532 3435
f 3533 3452 3534
f 3454 3534 3452
f 95 168 3497
f 3501 1916 3487
f 3464 3535 3534
f 3464 3534 3454
f 3468 3536 3535
f 3468 3535 3464
f 3504 3489 3491
f 3537 3536 3468
f 3537 3468 3485
f 3485 3495 3538
f 3485 3538 3537
f 3504 163 3489
f 3500 3539 3495
f 3495 3539 3538
f 3540 3539 3498
f 3500 3498 3539
f 3540 3498 3541
f 3475 3541 3498
f 3523 1926 1917
f 3472 3542 3541
f 3472 3541 3475
f 3419 3543 3542
f 3419 3542 3472
f 3417 3506 3543
f 3417 3543 3419
f 3529 3530 3505
f 3530 3531 3505
f 3531 3532 3505
f 3532 3533 3505
f 3533 3534 3505
f 3534 3535 3505
f 3506 3505 3535
f 3506 3535 3536
f 3506 3536 3537
f 3538 3543 3537
f 3539 3543 3538
f 3540 3543 3539
f 3541 3543 3540
f 3542 3543 3541
f 3506 3537 3543
f 164 163 685
f 338 3447 3455
f 3544 3483 337
f 3545 3504 1521
f 3445 3462 18
f 1521 1545 3545
f 2348 3528 2375
f 3196 3198 3445
f 3528 2303 2375
f 3445 3486 3444
f 337 602 3544
f 3528 3490 2303
f 3504 3545 163
f 3544 3510 3501
f 3525 3478 3486
f 3544 2520 3510
f 2348 3521 3546
f 3544 3501 3483
f 3478 3476 3486
f 1924 1926 2520
f 3523 2520 1926
f 3546 3521 3547
f 3548 3527 3547
f 3549 3525 3486
f 2359 3503 3547
f 2520 2505 1924
f 95 3525 3549
f 2520 602 579
f 3550 3549 3486
f 3547 3521 2359
f 602 2520 3544
f 3549 90 95
f 692 142 132
f 3547 3527 3526
f 3551 728 729
f 30 3552 120
f 692 3551 142
f 3546 3528 2348
f 2992 3552 30
f 729 142 3551
f 3546 3526 3528
f 18 3553 3445
f 97 153 96
f 3490 3528 3492
f 728 3551 692
f 465 328 82
f 3547 3526 3546
f 153 82 81
f 81 96 153
f 153 465 82
f 63 3473 78
f 3553 3486 3445
f 692 677 728
f 153 139 465
f 3553 3550 3486
f 139 141 465
f 3550 3553 3554
f 18 59 3553
f 196 465 141
f 2323 3496 3502
f 3553 59 3554
f 3554 59 90
f 3547 3503 3555
f 155 90 59
f 408 728 677
f 196 466 465
f 3502 3555 3503
f 155 59 49
f 3492 3528 3527
f 3548 3492 3527
f 120 3552 3556
f 90 3550 3554
f 3492 79 78
f 3548 3555 3492
f 3556 140 120
f 131 133 164
f 90 3549 3550
f 3547 3555 3548
f 3502 79 3492
f 3555 3502 3492
f 692 132 131
f 2992 30 39
f 692 164 685
f 692 131 164
f 3557 2986 50
f 2986 3557 3552
f 183 159 158
f 3557 3556 3552
f 677 685 671
f 685 1545 684
f 158 3474 3558
f 163 1545 685
f 163 3545 1545
f 2992 2986 3552
f 61 182 3488
f 374 671 685
f 3557 50 3556
f 61 3488 3473
f 37 485 10
f 52 3556 50
f 3473 63 61
f 539 485 37
f 52 140 3556
f 3559 3488 3558
f 10 546 8
f 3466 8 546
f 2986 2992 2987
f 8 3465 9
f 3474 3482 3558
f 183 158 3558
f 39 2993 2992
f 8 3466 3465
f 3558 3482 3559
f 3482 3488 3559
f 9 3479 38
f 69 182 61
f 3502 48 79
f 182 183 3558
f 3488 182 3558
f 3502 3496 48
f 48 42 84
f 46 42 48
f 40 46 48
f 48 84 79